{"chains": {"3": {"len_stable_docs": {"0": [565, 566, 566, 558, 552, 571, 575, 578, 576, 567, 566, 546, 543, 531, 533, 547, 545, 554, 546, 531, 536], "1": [536, 538, 534, 534, 531, 533, 537, 539, 542, 546, 553, 553, 541, 532, 532, 533, 541, 539, 540, 543, 551], "2": [551, 535, 531, 536, 538, 540, 539, 542, 544, 544, 545, 541, 538, 549, 538, 531, 536, 532, 529, 533, 543], "3": [543, 541, 541, 543, 543, 542, 545, 544, 547, 546, 543, 539, 547, 546, 550, 559, 546, 542, 547, 546, 543], "4": [543, 545, 552, 560, 572, 570, 568, 567, 569, 557, 552, 552, 544, 548, 538, 547, 549, 563, 567, 578, 559], "5": [559, 539, 533, 532, 530, 537, 537, 537, 528, 522, 523, 545, 549, 554, 555, 552, 557, 560, 568, 562, 563]}, "jaccard": {"0": [0.9300341296928327, 0.931740614334471, 0.9312714776632303, 0.9204152249134948, 0.9098639455782312, 0.9358108108108109, 0.9378151260504202, 0.9394957983193277, 0.9177852348993288, 0.9235993208828522, 0.9205526770293609, 0.9274336283185841, 0.9076376554174067, 0.9345454545454546, 0.9217081850533808, 0.9157894736842105, 0.8981001727115717, 0.9097222222222222, 0.9510869565217391, 0.9294755877034359], "1": [0.9281867145421903, 0.9245960502692998, 0.927797833935018, 0.9293478260869565, 0.9102333931777379, 0.9349005424954792, 0.9387387387387387, 0.940754039497307, 0.9359430604982206, 0.9348591549295775, 0.9234782608695652, 0.9226713532513181, 0.926391382405745, 0.966728280961183, 0.9223826714801444, 0.9351351351351351, 0.911504424778761, 0.9371633752244165, 0.9339285714285714, 0.9328621908127208], "2": [0.9221238938053097, 0.9311594202898551, 0.9329710144927537, 0.9247311827956989, 0.9181494661921709, 0.9029982363315696, 0.9338103756708408, 0.9358288770053476, 0.9222614840989399, 0.9240282685512368, 0.9119718309859155, 0.91651865008881, 0.9070175438596492, 0.9376114081996435, 0.9192100538599641, 0.9190647482014388, 0.9347826086956522, 0.908273381294964, 0.9169675090252708, 0.9214285714285714], "3": [0.9496402877697842, 0.911660777385159, 0.9391771019677997, 0.9497307001795332, 0.9340463458110517, 0.9070175438596492, 0.9308510638297872, 0.9309734513274336, 0.9413854351687388, 0.9172535211267606, 0.9390681003584229, 0.9323843416370107, 0.9379432624113475, 0.9261862917398945, 0.9120689655172414, 0.9018932874354562, 0.9256637168141593, 0.9172535211267606, 0.927689594356261, 0.9105263157894737], "4": [0.9222614840989399, 0.9279437609841827, 0.9372822299651568, 0.9284497444633731, 0.9388794567062818, 0.8998330550918197, 0.9302721088435374, 0.9385665529010239, 0.9247863247863248, 0.9186851211072664, 0.9067357512953368, 0.9398230088495575, 0.9191564147627417, 0.9358288770053476, 0.9340463458110517, 0.9467140319715808, 0.9238754325259516, 0.9185059422750425, 0.9115191986644408, 0.9173693086003373], "5": [0.9195804195804196, 0.9385171790235082, 0.9223826714801444, 0.9032258064516129, 0.9225225225225225, 0.9076376554174067, 0.9527272727272728, 0.9154676258992805, 0.9337016574585635, 0.9280442804428044, 0.9139784946236559, 0.9192982456140351, 0.924956369982548, 0.9153713298791019, 0.945518453427065, 0.9186851211072664, 0.9358752166377816, 0.9249146757679181, 0.9382504288164666, 0.9329896907216495]}, "ratio": {"0": [0.2, 0.2, 0.2, 0.2, 0.2, 0.2, 0.2, 0.2, 0.2, 0.2, 0.2, 0.2, 0.2, 0.2, 0.2, 0.2, 0.2, 0.2, 0.2, 0.2, 0.2], "1": [0.2, 0.2, 0.2, 0.2, 0.2, 0.2, 0.2, 0.2, 0.2, 0.2, 0.2, 0.2, 0.2, 0.2, 0.2, 0.2, 0.2, 0.2, 0.2, 0.2, 0.2], "2": [0.2, 0.2, 0.2, 0.2, 0.2, 0.2, 0.2, 0.2, 0.2, 0.2, 0.2, 0.2, 0.2, 0.2, 0.2, 0.2, 0.2, 0.2, 0.2, 0.2, 0.2], "3": [0.2, 0.2, 0.2, 0.2, 0.2, 0.2, 0.2, 0.2, 0.2, 0.2, 0.2, 0.2, 0.2, 0.2, 0.2, 0.2, 0.2, 0.2, 0.2, 0.2, 0.2], "4": [0.2, 0.2, 0.2, 0.2, 0.2, 0.2, 0.2, 0.2, 0.2, 0.2, 0.2, 0.2, 0.2, 0.2, 0.2, 0.2, 0.2, 0.2, 0.2, 0.2, 0.2], "5": [0.2, 0.2, 0.2, 0.2, 0.2, 0.2, 0.2, 0.2, 0.2, 0.2, 0.2, 0.2, 0.2, 0.2, 0.2, 0.2, 0.2, 0.2, 0.2, 0.2, 0.2]}, "record_time": 5, "converged": false}, "1": {"len_stable_docs": {"0": [483, 504, 485, 496, 488, 483, 489, 484, 495, 498, 492, 498, 494, 491, 488, 492, 505, 507, 506, 511, 493], "1": [493, 490, 477, 468, 475, 473, 474, 484, 487, 488, 490, 493, 491, 500, 503, 515, 518, 504, 506, 493, 498], "2": [498, 505, 515, 515, 519, 520, 520, 521, 534, 520, 513, 491, 498, 500, 505, 508, 498, 501, 513, 519, 522], "3": [522, 515, 510, 512, 509, 530, 526, 521, 512, 506, 518, 528, 550, 536, 533, 511, 496, 495, 501, 522, 531], "4": [531, 538, 541, 553, 554, 544, 537, 536, 527, 535, 533, 525, 522, 534, 552, 553, 537, 538, 530, 517, 518], "5": [518, 527, 520, 510, 531, 536, 528, 535, 547, 554, 557, 563, 574, 563, 548, 543, 547, 545, 554, 545, 534]}, "jaccard": {"0": [0.9054054054054054, 0.8766603415559773, 0.9273084479371316, 0.9032882011605415, 0.9114173228346457, 0.9285714285714286, 0.9305555555555556, 0.9083820662768031, 0.8878326996197718, 0.9038461538461539, 0.9298245614035088, 0.9076923076923077, 0.8869731800766284, 0.88996138996139, 0.9367588932806324, 0.8918406072106262, 0.9022556390977443, 0.9113207547169812, 0.9261363636363636, 0.908745247148289], "1": [0.9274509803921569, 0.888671875, 0.9285714285714286, 0.8897795591182365, 0.8997995991983968, 0.9131313131313131, 0.8895463510848126, 0.8927875243664717, 0.9080234833659491, 0.8990291262135922, 0.9274509803921569, 0.9181286549707602, 0.9168278529980658, 0.8996212121212122, 0.9135338345864662, 0.9094269870609981, 0.9138576779026217, 0.9128787878787878, 0.9101338432122371, 0.9057692307692308], "2": [0.9068441064638784, 0.8888888888888888, 0.9144981412639405, 0.9183673469387755, 0.8994515539305301, 0.9152854511970534, 0.9136029411764706, 0.8940754039497307, 0.9163636363636364, 0.8988970588235294, 0.9196940726577438, 0.9278752436647173, 0.8973384030418251, 0.9034090909090909, 0.897003745318352, 0.9125475285171103, 0.943579766536965, 0.9060150375939849, 0.9146567717996289, 0.9242144177449169], "3": [0.9097605893186004, 0.9158878504672897, 0.9246704331450094, 0.9300567107750473, 0.9134438305709024, 0.9130434782608695, 0.907103825136612, 0.9200743494423792, 0.9427480916030534, 0.9212007504690432, 0.933456561922366, 0.9045936395759717, 0.925531914893617, 0.9089285714285714, 0.8981818181818182, 0.9144486692015209, 0.9280155642023347, 0.9117082533589251, 0.9121495327102803, 0.911070780399274], "4": [0.9157706093189965, 0.9131205673758865, 0.9192982456140351, 0.9421052631578948, 0.9162303664921466, 0.9372759856630825, 0.9333333333333333, 0.943327239488117, 0.9066427289048474, 0.8936170212765957, 0.9412844036697248, 0.9175824175824175, 0.9234972677595629, 0.9221238938053097, 0.9284467713787086, 0.9022687609075044, 0.9230769230769231, 0.9243243243243243, 0.9175824175824175, 0.9025735294117647], "5": [0.9139194139194139, 0.9211009174311927, 0.9109461966604824, 0.8858695652173914, 0.9259927797833934, 0.9240506329113924, 0.9222423146473779, 0.9218472468916519, 0.9417989417989417, 0.9423076923076923, 0.9243986254295533, 0.9303904923599321, 0.9013377926421404, 0.9288194444444444, 0.9275618374558304, 0.9464285714285714, 0.9090909090909091, 0.9146341463414634, 0.9179755671902269, 0.9302325581395349]}, "ratio": {"0": [0.2, 0.2, 0.2, 0.2, 0.2, 0.2, 0.2, 0.2, 0.2, 0.2, 0.2, 0.2, 0.2, 0.2, 0.2, 0.2, 0.2, 0.2, 0.2, 0.2, 0.2], "1": [0.2, 0.2, 0.2, 0.2, 0.2, 0.2, 0.2, 0.2, 0.2, 0.2, 0.2, 0.2, 0.2, 0.2, 0.2, 0.2, 0.2, 0.2, 0.2, 0.2, 0.2], "2": [0.2, 0.2, 0.2, 0.2, 0.2, 0.2, 0.2, 0.2, 0.2, 0.2, 0.2, 0.2, 0.2, 0.2, 0.2, 0.2, 0.2, 0.2, 0.2, 0.2, 0.2], "3": [0.2, 0.2, 0.2, 0.2, 0.2, 0.2, 0.2, 0.2, 0.2, 0.2, 0.2, 0.2, 0.2, 0.2, 0.2, 0.2, 0.2, 0.2, 0.2, 0.2, 0.2], "4": [0.2, 0.2, 0.2, 0.2, 0.2, 0.2, 0.2, 0.2, 0.2, 0.2, 0.2, 0.2, 0.2, 0.2, 0.2, 0.2, 0.2, 0.2, 0.2, 0.2, 0.2], "5": [0.2, 0.2, 0.2, 0.2, 0.2, 0.2, 0.2, 0.2, 0.2, 0.2, 0.2, 0.2, 0.2, 0.2, 0.2, 0.2, 0.2, 0.2, 0.2, 0.2, 0.2]}, "record_time": 5, "converged": false}, "2": {"len_stable_docs": {"0": [503, 498, 492, 487, 489, 489, 486, 500, 492, 496, 486, 486, 479, 481, 493, 490, 488, 478, 472, 465, 468], "1": [468, 472, 478, 480, 474, 476, 487, 493, 495, 512, 505, 507, 501, 511, 509, 515, 517, 515, 522, 525, 528],