{"chains": {"1": {"len_stable_docs": {"0": [584, 591, 586, 590, 599, 602, 611, 604, 608, 590, 589, 583, 580, 588, 599, 598, 592, 606, 600, 604, 606], "1": [606, 595, 606, 609, 613, 601, 593, 585, 585, 600, 607, 616, 610, 616, 625, 624, 627, 616, 631, 620, 617], "2": [617, 611, 611, 611, 627, 637, 625, 620, 618, 610, 611, 615, 608, 608, 614, 609, 614, 626, 622, 620, 619], "3": [619, 623, 623, 628, 631, 630, 624, 638, 640, 636, 634, 637, 631, 625, 615, 616, 622, 628, 634, 633, 620]}, "jaccard": {"0": [0.9421487603305785, 0.9486754966887417, 0.956738768718802, 0.9364820846905537, 0.9496753246753247, 0.9346092503987241, 0.931637519872814, 0.9485530546623794, 0.9448051948051948, 0.9391447368421053, 0.9371900826446281, 0.948073701842546, 0.9401993355481728, 0.9176090468497576, 0.940032414910859, 0.9286871961102107, 0.9353796445880452, 0.9546191247974068, 0.948220064724919, 0.9391025641025641], "1": [0.9370967741935484, 0.9496753246753247, 0.937799043062201, 0.9396825396825397, 0.9331210191082803, 0.9320388349514563, 0.9503311258278145, 0.9663865546218487, 0.9205834683954619, 0.9312, 0.9229559748427673, 0.9616, 0.9491255961844197, 0.9390625, 0.9304482225656878, 0.9425465838509317, 0.9271317829457364, 0.9514866979655712, 0.9275808936825886, 0.9358372456964006], "2": [0.9461172741679873, 0.952076677316294, 0.952076677316294, 0.9374021909233177, 0.9356814701378254, 0.9535603715170279, 0.9332298136645962, 0.9465408805031447, 0.9430379746835443, 0.9411764705882353, 0.9368088467614534, 0.9381933438985737, 0.9393939393939394, 0.945859872611465, 0.9536741214057508, 0.9443561208267091, 0.952755905511811, 0.9469578783151326, 0.9559055118110236, 0.9511811023622048], "3": [0.9497645211930926, 0.9438377535101404, 0.9455676516329704, 0.9459041731066461, 0.9459876543209876, 0.9351851851851852, 0.9475308641975309, 0.9511450381679389, 0.9540581929555896, 0.9538461538461539, 0.9523809523809523, 0.9418070444104135, 0.9412673879443586, 0.949685534591195, 0.953968253968254, 0.9404388714733543, 0.9409937888198758, 0.9657320872274143, 0.946236559139785, 0.9396284829721362]}, "ratio": {"0": [0.2, 0.2, 0.2, 0.2, 0.2, 0.2, 0.2, 0.2, 0.2, 0.2, 0.2, 0.2, 0.2, 0.2, 0.2, 0.2, 0.2, 0.2, 0.2, 0.2, 0.2], "1": [0.2, 0.2, 0.2, 0.2, 0.2, 0.2, 0.2, 0.2, 0.2, 0.2, 0.2, 0.2, 0.2, 0.2, 0.2, 0.2, 0.2, 0.2, 0.2, 0.2, 0.2], "2": [0.2, 0.2, 0.2, 0.2, 0.2, 0.2, 0.2, 0.2, 0.2, 0.2, 0.2, 0.2, 0.2, 0.2, 0.2, 0.2, 0.2, 0.2, 0.2, 0.2, 0.2], "3": [0.2, 0.2, 0.2, 0.2, 0.2, 0.2, 0.2, 0.2, 0.2, 0.2, 0.2, 0.2, 0.2, 0.2, 0.2, 0.2, 0.2, 0.2, 0.2, 0.2, 0.2]}, "record_time": 3, "converged": false}, "2": {"len_stable_docs": {"0": [629, 625, 624, 623, 622, 629, 631, 635, 636, 641, 646, 646, 650, 646, 650, 651, 644, 639, 623, 633, 635], "1": [635, 624, 629, 628, 628, 634, 637, 631, 625, 623, 626, 636, 642, 643, 643, 649, 647, 644, 639, 639, 628], "2": [628, 626, 626, 621, 630, 630, 627, 632, 631, 632, 626, 629, 629, 628, 633, 640, 635, 633, 629, 631, 630], "3": [630, 630, 625, 626, 624, 626, 625, 632, 631, 627, 626, 632, 641, 650, 647, 653, 645, 643, 655, 659, 653]}, "jaccard": {"0": [0.9655172413793104, 0.942457231726283, 0.9453978159126365, 0.9453125, 0.9577464788732394, 0.9474497681607419, 0.941717791411043, 0.9493865030674846, 0.9407294832826748, 0.9353383458646617, 0.9516616314199395, 0.9547511312217195, 0.9726027397260274, 0.9666160849772383, 0.9534534534534534, 0.9473684210526315, 0.9468892261001517, 0.9505409582689336, 0.9352850539291218, 0.9329268292682927], "1": [0.9399075500770416, 0.9426356589147287, 0.9458204334365325, 0.956386292834891, 0.9445300462249615, 0.9404580152671755, 0.9537750385208013, 0.9503105590062112, 0.937888198757764, 0.9454828660436138, 0.9385560675883257, 0.948170731707317, 0.9499241274658573, 0.9455370650529501, 0.9457831325301205, 0.9577039274924471, 0.9679878048780488, 0.9528158295281582, 0.9393019726858877, 0.9402756508422665], "2": [0.9655172413793104, 0.9410852713178295, 0.957613814756672, 0.9455676516329704, 0.9474497681607419, 0.9458204334365325, 0.9399075500770416, 0.943076923076923, 0.958139534883721, 0.9564541213063764, 0.9337442218798151, 0.9625585023400937, 0.9548989113530326, 0.9429892141756548, 0.9346504559270516, 0.9465648854961832, 0.9418070444104135, 0.9475308641975309, 0.926605504587156, 0.9370199692780338], "3": [0.9534883720930233, 0.9578783151326054, 0.9516380655226209, 0.9470404984423676, 0.9623233908948194, 0.9365325077399381, 0.9368258859784283, 0.9400921658986175, 0.9473684210526315, 0.9456521739130435, 0.9443585780525502, 0.9435114503816794, 0.9442771084337349, 0.9445277361319341, 0.9461077844311377, 0.9460269865067467, 0.9368421052631579, 0.9460269865067467, 0.9495548961424333, 0.9351032448377581]}, "ratio": {"0": [0.2, 0.2, 0.2, 0.2, 0.2, 0.2, 0.2, 0.2, 0.2, 0.2, 0.2, 0.2, 0.2, 0.2, 0.2, 0.2, 0.2, 0.2, 0.2, 0.2, 0.2], "1": [0.2, 0.2, 0.2, 0.2, 0.2, 0.2, 0.2, 0.2, 0.2, 0.2, 0.2, 0.2, 0.2, 0.2, 0.2, 0.2, 0.2, 0.2, 0.2, 0.2, 0.2], "2": [0.2, 0.2, 0.2, 0.2, 0.2, 0.2, 0.2, 0.2, 0.2, 0.2, 0.2, 0.2, 0.2, 0.2, 0.2, 0.2, 0.2, 0.2, 0.2, 0.2, 0.2], "3": [0.2, 0.2, 0.2, 0.2, 0.2, 0.2, 0.2, 0.2, 0.2, 0.2, 0.2, 0.2, 0.2, 0.2, 0.2, 0.2, 0.2, 0.2, 0.2, 0.2, 0.2]}, "record_time": 3, "converged": false}, "3": {"len_stable_docs": {"0": [539, 539, 531, 542, 546, 545, 550, 546, 553, 559, 577, 570, 565, 566, 548, 546, 557, 565, 573, 578, 571], "1": [571, 577, 575, 578, 580, 591, 610, 610, 602, 597, 597, 595, 601, 606, 603, 610, 611, 610, 622, 619, 609], "2": [609, 612, 617, 623, 617, 627, 634, 618, 619, 614, 615, 620, 628, 625, 615, 616, 618, 630, 635, 626, 629], "3": [629, 630, 629, 625, 618, 619, 622, 619, 613, 619, 619, 624, 628, 628, 634, 647, 645, 646, 634, 641, 647]}, "jaccard": {"0": [0.9458483754512635, 0.9454545454545454, 0.9229390681003584, 0.9256637168141593, 0.9309734513274336, 0.9278169014084507, 0.9261862917398945, 0.9348591549295775, 0.9106529209621993, 0.9319727891156463, 0.9407783417935702, 0.9368600682593856, 0.9300341296928327, 0.9373913043478261, 0.9294532627865961, 0.9350877192982456, 0.9344827586206896, 0.9553264604810997, 0.9409780775716695, 0.9441624365482234], "1": [0.9424703891708968, 0.9393939393939394, 0.9509306260575296, 0.946218487394958, 0.9451827242524917, 0.9370967741935484, 0.9426751592356688, 0.9485530546623794, 0.9369951534733441, 0.9414634146341463, 0.9382113821138212, 0.9352750809061489, 0.9342948717948718, 0.9437299035369775, 0.9439102564102564, 0.9319620253164557, 0.9411764705882353, 0.9524564183835182, 0.9512578616352201, 0.9277864992150706], "2": [0.9473684210526315, 0.9477020602218701, 0.9344773790951638, 0.9466248037676609, 0.9376947040498442, 0.9520123839009288, 0.9380804953560371, 0.9358372456964006, 0.9478672985781991, 0.9570063694267515, 0.9479495268138801, 0.9439252336448598, 0.9217791411042945, 0.9375, 0.9508716323296355, 0.940251572327044, 0.9348837209302325, 0.9461538461538461, 0.9340490797546013, 0.9457364341085271], "3": [0.9429012345679012, 0.9549689440993789, 0.9563182527301092, 0.945226917057903, 0.9449685534591195, 0.9512578616352201, 0.9481946624803768, 0.9555555555555556, 0.9555555555555556, 0.9526813880126183, 0.945226917057903, 0.9291217257318952, 0.9503105590062112, 0.9475308641975309, 0.9557251908396946, 0.9428571428571428, 0.9413533834586466, 0.9482496194824962, 0.9435975609756098, 0.9281437125748503]}, "ratio": {"0": [0.2, 0.2, 0.2, 0.2, 0.2, 0.2, 0.2, 0.2, 0.2, 0.2, 0.2, 0.2, 0.2, 0.2, 0.2, 0.2, 0.2, 0.2, 0.2, 0.2, 0.2], "1": [0.2, 0.2, 0.2, 0.2, 0.2, 0.2, 0.2, 0.2, 0.2, 0.2, 0.2, 0.2, 0.2, 0.2, 0.2, 0.2, 0.2, 0.2, 0.2, 0.2, 0.2], "2": [0.2, 0.2, 0.2, 0.2, 0.2, 0.2, 0.2, 0.2, 0.2, 0.2, 0.2, 0.2, 0.2, 0.2, 0.2, 0.2, 0.2, 0.2, 0.2, 0.2, 0.2], "3": [0.2, 0.2, 0.2, 0.2, 0.2, 0.2, 0.2, 0.2, 0.2, 0.2, 0.2, 0.2, 0.2, 0.2, 0.2, 0.2, 0.2, 0.2, 0.2, 0.2, 0.2]}, "record_time": 3, "converged": false}}, "last_update": 1754928827.254621, "rhat_history": [{"rhat_len_docs": 3.7462995055786577, "mean_jaccard": [0.9410791683902163, 0.9491574344547793, 0.9343460887351833],