Gamma,Alpha,Eta,Run_Index,Live_Topics,LL_per_word,Weighted_NPMI,Weighted_Cv,Unweighted_NPMI,Unweighted_Cv,Perplexity,Weighted_Renyi_Entropy,JSD_Diversity,Iterations,Converged,Time_sec
0.1,0.01,0.01,1,4,-6.6713537858941265,0.015980385384829116,0.4861040783534274,-0.09357403103997763,0.4225966231570414,789.4636460976753,5.694133522658012,0.905775849039306,1060,Yes,9.800537824630737
0.1,0.01,0.01,2,4,-6.671463397683786,0.015788901106059496,0.48616933949394203,-0.11022880461505695,0.41094474129717096,789.5501853635701,5.695741414651424,0.8942972260546718,1060,Yes,9.096899509429932
0.1,0.01,0.01,3,5,-6.670682086877783,0.016194123647765842,0.4865506304201564,-0.12028612167260544,0.47428210627364986,788.9335421982178,5.69240089309964,0.9032759938925963,1060,Yes,9.705595254898071
0.1,0.01,0.01,4,5,-6.655771727242173,0.010004177647398471,0.491323095955462,-0.057703587834939764,0.43963774911703607,777.2575224976498,5.746492951595835,0.9491404507383415,1060,Yes,9.85959792137146
0.1,0.01,0.01,5,4,-6.6748418522153585,0.004749747102070261,0.45705382224961527,-0.10049815627783698,0.40620322079799215,792.2221557890333,5.696877371328086,0.9028525740288684,1060,Yes,8.932992935180664
0.1,0.01,0.05,1,4,-6.619392376106028,0.015412316623691824,0.48547249838814577,-0.14021894573277577,0.42052261679705405,749.4895509660871,5.697518201873643,0.8946180942470671,1060,Yes,9.470954179763794
0.1,0.01,0.05,2,4,-6.619200298990428,0.02037743535619655,0.48545584860545177,-0.10252029381513099,0.41186366915612715,749.3456049997712,5.698238056716324,0.8952040174018265,1060,Yes,9.405578374862671
0.1,0.01,0.05,3,4,-6.619848913866377,0.015396757129568119,0.48608752743051525,-0.14189180434686915,0.4331646303360433,749.8317993658053,5.69884739964382,0.8777552136409291,1060,Yes,9.257099866867065
0.1,0.01,0.05,4,4,-6.620951825758261,0.02092873185628462,0.4855676115438956,-0.09951255590694007,0.47660598762407985,750.659253995136,5.697614892287199,0.8840604113076196,1060,Yes,9.482642650604248
0.1,0.01,0.05,5,4,-6.625412136928232,0.004440701774089954,0.4571187549135814,-0.1455272191300512,0.41348132343445787,754.0149059132245,5.700648742853392,0.884393428038045,1060,Yes,9.464227437973022
0.1,0.01,0.1,1,4,-6.601133804884955,0.020162210774080393,0.4852650237874305,-0.13502692901226584,0.4213685642377724,735.9291164244636,5.70326593817846,0.8926086421925291,1060,Yes,9.140281677246094
0.1,0.01,0.1,2,4,-6.601133664656545,0.020229853629836644,0.48600109051957685,0.010255758525493836,0.41517426338441876,735.9290132263009,5.70385234167075,0.8358553256488251,1060,Yes,8.893333673477173
0.1,0.01,0.1,3,4,-6.600455454874847,0.019918065217893594,0.48545245202765647,-0.031939719748678194,0.39999719432102354,735.4300681847245,5.701151855125967,0.8396143406234722,1060,Yes,8.895070552825928
0.1,0.01,0.1,4,4,-6.601439117488716,0.017196443428046385,0.46750330715231614,-0.011812711720308015,0.4291774869809517,736.153839162779,5.703196820756463,0.8340165382624334,1060,Yes,8.852620840072632
0.1,0.01,0.1,5,5,-6.606042605050509,0.014114946361759946,0.46843378033373995,0.031103076930880123,0.41504312990282594,739.5505265103335,5.710415502666782,0.8753906131926582,1060,Yes,9.595407724380493
0.1,0.01,0.5,1,3,-6.573532746002547,0.02133769257074167,0.48600666062125,-0.1899359830798474,0.47778731863606794,715.8944543740112,5.720556219162823,0.8040956672998684,1060,Yes,9.352822065353394
0.1,0.01,0.5,2,2,-6.574001509200644,0.02112680511822918,0.4864148937861773,-0.26427233626941493,0.5199036533419998,716.2301180151782,5.725194416734432,0.7217377924132672,1060,Yes,8.883092641830444
0.1,0.01,0.5,3,3,-6.57315648059558,0.02005001578987383,0.48499746611953126,-0.16353374225716072,0.46014082488515023,715.6251387260493,5.729644705611729,0.8503531708175703,1060,Yes,8.749797105789185
0.1,0.01,0.5,4,3,-6.574861006143229,0.021390500248702118,0.4850698195385532,-0.14081445400181097,0.4474178307300989,716.8459802397357,5.724292013472733,0.8408628007992084,1060,Yes,8.883567333221436
0.1,0.01,0.5,5,3,-6.580566907832939,0.008102903055649952,0.46137954876391224,-0.15313744358393042,0.43898652613148387,720.9479244458175,5.733548821675864,0.851919324425039,1060,Yes,8.711046695709229
0.1,0.01,1.0,1,3,-6.572700794571635,0.018824712326818194,0.4815888267592801,-0.1390338376337657,0.44198627295586623,715.2991126403551,5.751250321394033,0.8547522398637031,1060,Yes,8.537657737731934
0.1,0.01,1.0,2,2,-6.573356362986128,0.021410453875469745,0.4860443233780951,-0.26427233626941493,0.5199036533419998,715.7681938861411,5.746398555491807,0.7261759978337605,1060,Yes,8.534859418869019
0.1,0.01,1.0,3,2,-6.573758709597616,0.021342378173732007,0.4861332602760346,-0.26427233626941493,0.5199036533419997,716.0562387366112,5.753600796741509,0.7217018573369253,1060,Yes,8.911317110061646
0.1,0.01,1.0,4,2,-6.573826630350519,0.021138151068518796,0.4864000709698538,-0.16896909988585587,0.5085183912452096,716.10487546717,5.754414731347208,0.7838720210228319,1060,Yes,9.0990891456604
0.1,0.01,1.0,5,2,-6.579049627187182,0.009366019053723074,0.4632591374000853,-0.27069164307230165,0.5084151449459924,719.8548735556338,5.76352434581695,0.7250361868858417,1060,Yes,8.343101501464844
0.1,0.01,2.0,1,2,-6.584924650200326,0.019161809797999724,0.48279218698101667,-0.17053316453529277,0.5065021405872225,724.0964850863302,5.799669089481898,0.78586782984359,1060,Yes,9.161702156066895
0.1,0.01,2.0,2,2,-6.585010808580698,0.013183498954844672,0.47848376485336835,-0.17452890589914918,0.5036760656421779,724.1588747543764,5.799402640765069,0.7787518780022259,1060,Yes,9.210912942886353
0.1,0.01,2.0,3,2,-6.58506681492377,0.013326205087941653,0.4784845320955101,-0.17452890589914918,0.5036760656421779,724.1994333805138,5.801535619839888,0.7856192575309766,1060,Yes,9.203552961349487
0.1,0.01,2.0,4,2,-6.591373288512646,0.007714752348106551,0.4605063205427814,-0.2713758827754963,0.5071506966522785,728.7810095901764,5.81978910986565,0.7246886584752535,1060,Yes,9.128323554992676
0.1,0.01,2.0,5,2,-6.59058718462317,0.009555105646467821,0.4634218997802421,-0.17752817562303813,0.4932003800505331,728.2083371234792,5.815550858310232,0.7914813322081183,1060,Yes,8.978854417800903
0.1,0.01,5.0,1,2,-6.630064273859977,0.02111435874643386,0.48474570785474647,-0.1693427792953485,0.5078759569260702,757.5308585094424,5.946577458722946,0.7856213509530536,1060,Yes,9.060763120651245
0.1,0.01,5.0,2,2,-6.63001431099377,0.02112686040623737,0.48473287194868864,-0.1693427792953485,0.5078759569260703,757.493011042003,5.945374995622724,0.7859799446057792,1060,Yes,9.004462242126465
0.1,0.01,5.0,3,2,-6.6300522299702145,0.019323642434383684,0.4827063170855566,-0.17053316453529277,0.5065021405872225,757.5217349462323,5.946727540468874,0.7855615736631368,1060,Yes,9.279948711395264
0.1,0.01,5.0,4,2,-6.630137203124688,0.012921882750293517,0.4749468593406089,-0.17489815963375097,0.501287557084675,757.5861066925295,5.947088719129513,0.7855905716531758,1060,Yes,8.919074535369873
0.1,0.01,5.0,5,2,-6.630038345687425,0.013010932495730486,0.47496948110549964,-0.17489815963375097,0.501287557084675,757.5112173732599,5.945312206850829,0.7860388731571937,1060,Yes,8.126726150512695
0.1,0.05,0.01,1,3,-6.673513354322101,0.015343889522903427,0.48669594719068854,-0.22609671947339843,0.46844362599584616,791.1703891136713,5.699699471984892,0.8163656789294708,1060,Yes,9.014923095703125
0.1,0.05,0.01,2,4,-6.676768351984552,0.0175390298265917,0.4673056139874518,-0.17750652900300543,0.43138611865232485,793.7498426610256,5.6933454353110315,0.8592827810789629,1060,Yes,8.564957618713379
0.1,0.05,0.01,3,4,-6.674270487309412,0.018028083497486403,0.46851716045096004,-0.14200527809571828,0.49225988198949766,791.7696371404506,5.693007157589757,0.8640539359284868,1060,Yes,9.45215129852295
0.1,0.05,0.01,4,3,-6.676140317931258,0.015733724918539534,0.48568324234542565,-0.2550463874991918,0.4570262540546187,793.2514972353671,5.694881297701666,0.831344586442245,1060,Yes,9.327426671981812
0.1,0.05,0.01,5,5,-6.648759274753071,0.011097941793414102,0.4959484925632413,-0.05979213925178287,0.4853493792027548,771.8261070778667,5.744369538861641,0.9496486241741489,1060,Yes,9.276058673858643
0.1,0.05,0.05,1,6,-6.62188545920342,0.01572969883142241,0.48557496031344854,-0.12246620584056875,0.45107830924724573,751.3604218465302,5.6895564009188755,0.9287661283012205,1060,Yes,9.508849382400513
0.1,0.05,0.05,2,6,-6.624866135727146,0.020433547393090116,0.48479676778320197,-0.07871750828481329,0.3880984886785982,753.6033252409546,5.687137241746237,0.9368313374894237,1190,Yes,11.093788385391235
0.1,0.05,0.05,3,4,-6.621180137710264,0.018238434259196624,0.46821764343688227,-0.13732566466936463,0.47513803815424555,750.8306580407569,5.698298382556067,0.8523225975435292,1060,Yes,9.260917663574219
0.1,0.05,0.05,4,3,-6.621666228199106,0.02159773065520005,0.4861140705295024,-0.19223549177127877,0.5089616442362341,751.1957184013577,5.69822671780853,0.7917300095213401,1060,Yes,9.522083759307861
0.1,0.05,0.05,5,4,-6.630916324108879,0.009311691464583794,0.4638556200011581,-0.10259355901257557,0.4582398928641872,758.1765879238744,5.714270253592476,0.850301452750033,1060,Yes,9.591086387634277
0.1,0.05,0.1,1,4,-6.604959532160835,0.014690226970120944,0.4849467994292322,-0.17988814738898012,0.4256911703346056,738.7499729916901,5.699135610499054,0.8789385809088428,1060,Yes,9.185671329498291
0.1,0.05,0.1,2,4,-6.603904436171001,0.02165023114746282,0.4657954546460893,-0.1376224702911139,0.4102602665052766,737.9709319115267,5.69882772489495,0.8897946072048913,1060,Yes,9.254425287246704
0.1,0.05,0.1,3,6,-6.602240354317411,0.021056991392261082,0.4861051201879464,-0.05273580335842209,0.4543801150281613,736.7439090916132,5.693456646881427,0.9027140454991841,1060,Yes,9.685406684875488
0.1,0.05,0.1,4,4,-6.603742670489744,0.020617144518778493,0.4846028259558666,-0.020113741441181412,0.3896053748473836,737.8515631961196,5.703699626488839,0.8080235641657426,1060,Yes,8.72418737411499
0.1,0.05,0.1,5,4,-6.6165646578311605,0.02081620829242532,0.46520960162553276,0.0055858635181688585,0.5249090958569829,747.3731992993344,5.745062459439319,0.7923982042650431,1060,Yes,8.618481159210205
0.1,0.05,0.5,1,3,-6.559427544490584,0.009737774664508954,0.47518429961532455,-0.13370475919866998,0.49377340691792343,705.8675011750632,5.698898722640228,0.6716894486364867,1060,Yes,9.007347106933594
0.1,0.05,0.5,2,2,-6.576575558680418,0.02123583352029287,0.4862724545954036,-0.26427233626941493,0.5199036533419998,718.076104588993,5.725501571413751,0.7254192987569977,1060,Yes,8.756516933441162
0.1,0.05,0.5,3,3,-6.577227664225156,0.020810412127114902,0.48588725120923365,-0.13358946700575047,0.48063061117191014,718.5445187094627,5.7276459797965344,0.8470445490085678,1060,Yes,8.55592131614685
0.1,0.05,0.5,4,3,-6.5628559335444425,0.01447443206871674,0.4763247027125985,-0.13133114191598833,0.4800246818420529,708.2916426652254,5.710055176125087,0.712380203923872,1060,Yes,8.81607723236084
0.1,0.05,0.5,5,3,-6.554558407850258,0.015603500372088895,0.4763244530924047,-0.26203260795601824,0.5096527776064818,702.4388898243839,5.696036335948521,0.7030084156114235,1060,Yes,8.967201709747314
0.1,0.05,1.0,1,3,-6.577013855914176,0.021363361527037758,0.48606241103826,-0.18893158966612958,0.48088780776126916,718.3909043421527,5.747917244279189,0.8149630776740124,1060,Yes,9.257017612457275
0.1,0.05,1.0,2,2,-6.576235835247164,0.021292388359866014,0.4861985690258579,-0.26427233626941493,0.5199036533419998,717.832198742016,5.750295090355452,0.7222065807066635,1060,Yes,8.757799625396729
0.1,0.05,1.0,3,3,-6.574832656065308,0.021232762861207337,0.4853705131912945,-0.12938918274100825,0.4583343154310938,716.8256578884096,5.749516134146788,0.848249366688466,1060,Yes,8.941875219345093
0.1,0.05,1.0,4,2,-6.574318926011297,0.021376416024600876,0.48608879182706477,-0.16896909988585587,0.5085183912452095,716.4574975800708,5.753716983549778,0.7763860505820152,1060,Yes,9.127171039581299
0.1,0.05,1.0,5,3,-6.557453404663568,0.01314099929944318,0.4507055546572088,-0.13164418962506014,0.4606817083831121,704.4753945870402,5.739034820352626,0.6777382418290134,1060,Yes,8.869834661483765
0.1,0.05,2.0,1,2,-6.586588190675981,0.010237884821073706,0.47568208366204395,-0.1762419812962689,0.5018634855232934,725.3020513736881,5.800624661385322,0.78555279291876,1060,Yes,9.017559289932251
0.1,0.05,2.0,2,2,-6.588676663319903,0.013041847733614527,0.4784830032828317,-0.17452890589914918,0.5036760656421779,726.8184077498082,5.798936043594882,0.778882917271952,1070,Yes,9.136777400970459
0.1,0.05,2.0,3,2,-6.585956246584945,0.012998289615062166,0.4784827690979131,-0.17452890589914918,0.5036760656421779,724.8438458235,5.798150580820484,0.7862072111718591,1060,Yes,9.281356811523438
0.1,0.05,2.0,4,2,-6.587797261125875,0.021455837676628238,0.48598503211280175,-0.16896909988585587,0.5085183912452095,726.1795230068683,5.811012587921194,0.7754487803515309,1060,Yes,9.20596432685852
0.1,0.05,2.0,5,2,-6.59205841543738,0.008454607075835601,0.4635973156960687,-0.2710403682953037,0.5086869350497774,729.2804881656541,5.817274799440278,0.725051925232998,1060,Yes,8.887378931045532
0.1,0.05,5.0,1,2,-6.631428745688669,0.021439023235364833,0.4860069991907515,-0.16896909988585587,0.5085183912452096,758.5651935252625,5.946092312507011,0.7784265696922429,1060,Yes,9.004714488983154
0.1,0.05,5.0,2,2,-6.63150132849973,0.02103314302033644,0.48482909497669646,-0.1693427792953485,0.5078759569260703,758.620254317591,5.946801076124652,0.7855645616532595,1060,Yes,9.303326606750488
0.1,0.05,5.0,3,2,-6.630146303734116,0.010626532571790635,0.47574823036978947,-0.1762419812962689,0.5018634855232934,757.5930012191666,5.9454281267666715,0.7859007086596913,1060,Yes,8.992880582809448
0.1,0.05,5.0,4,2,-6.630530935849804,0.02156929717952447,0.4858368039495689,-0.16896909988585587,0.5085183912452096,757.8844518651022,5.944143998337922,0.7790849717117174,1060,Yes,8.902000665664673
0.1,0.05,5.0,5,2,-6.636258744929478,0.0107652598400342,0.4644635790132463,-0.17752817562303813,0.4932003800505331,762.2379253399712,5.9612994565220605,0.7722566937499998,1060,Yes,8.816162586212158
0.1,0.1,0.01,1,5,-6.680175886249416,0.020915097782366335,0.48562524151951864,-0.06179303616340992,0.47476530815385926,796.4591859160319,5.681893649494613,0.9294922975951334,1060,Yes,9.35008978843689
0.1,0.1,0.01,2,8,-6.683806781805413,0.006559720194216554,0.4411237991937294,-0.08647321054489587,0.4501478502697597,799.3563024155985,5.6854805100682855,0.9396738901823972,1060,Yes,9.759247541427612
0.1,0.1,0.01,3,5,-6.657527471951307,0.010383121372850246,0.4933404261446986,-0.08592464942519346,0.4652568064519958,778.6233869842107,5.744568621460281,0.9563633709173184,1060,Yes,9.355126142501831
0.1,0.1,0.01,4,4,-6.675859544527885,0.017536253312149475,0.46739208965189577,-0.2234467259287287,0.4534562861084193,793.0288045773079,5.690267258195327,0.8061100453827609,1060,Yes,9.624653100967407
0.1,0.1,0.01,5,4,-6.683013987665829,0.0003955455443581752,0.4528135378554412,-0.1692442845508718,0.43307824523424526,798.7228285639619,5.693474328059454,0.8648114848682323,1110,Yes,9.575889587402344
0.1,0.1,0.05,1,4,-6.627362537959901,0.02078547493375048,0.48638593276433334,-0.09308023729616695,0.5428094084289619,755.4869724570116,5.686756997705652,0.8954339451950675,1060,Yes,9.555421352386475
0.1,0.1,0.05,2,7,-6.633335397426222,0.012760413095953669,0.47625055275337247,-0.07584021361170255,0.3968208501505982,760.0128928602005,5.692856984165388,0.9216444321600348,1060,Yes,9.413419246673584
0.1,0.1,0.05,3,5,-6.624093743918287,0.020162473496271233,0.48541307904142994,-0.09724485348342159,0.4366422356064621,753.0214729433114,5.690954305662598,0.8779414836564975,1060,Yes,9.211572408676147
0.1,0.1,0.05,4,6,-6.623065166277987,0.0168819000437053,0.4677275346878901,-0.023636213001074685,0.4822837241021413,752.2473300948402,5.687418987194746,0.8931852695399872,1060,Yes,9.640970706939697
0.1,0.1,0.05,5,5,-6.633389404754651,0.004067542750212326,0.4567284432623668,-0.10476067598165391,0.4265198431979507,760.053940234535,5.6980511730534245,0.8967309157243837,1060,Yes,9.481026887893677
0.1,0.1,0.1,1,5,-6.610864062248685,0.020357803562623487,0.484592803444679,-0.010606031616762577,0.35931587542837595,743.1248475134695,5.6981464172031595,0.8930556011766443,1060,Yes,8.716663122177124
0.1,0.1,0.1,2,6,-6.61855664610234,0.01324383865891296,0.4701819015559756,-0.09497378218671261,0.39563292101017805,748.8634417264752,5.722811580062697,0.8927457692422005,1060,Yes,10.00891661643982
0.1,0.1,0.1,3,4,-6.607007994895984,0.020186075310893278,0.48506561379490615,-0.12949501799075885,0.436598895004332,740.2648258120125,5.699473745496575,0.8903554966606864,1090,Yes,8.923570156097412
0.1,0.1,0.1,4,7,-6.577093069574962,0.022963456389805136,0.48925926931475855,-0.04971675469443451,0.5040428772856185,718.4478129695018,5.661536177808008,0.9132107686990807,1100,Yes,9.970991849899292
0.1,0.1,0.1,5,6,-6.6069959416366375,0.004951254349827675,0.45989940853864103,-0.09674241523063122,0.42207428740829717,740.2559032618552,5.701799716095891,0.9065258243848685,1060,Yes,9.835717916488647
0.1,0.1,0.5,1,4,-6.576603577153898,0.020583886289395132,0.4840822687196501,-0.1387261736270049,0.4175256593448819,718.096224267146,5.726226562008036,0.8729124696548192,1080,Yes,9.400022268295288
0.1,0.1,0.5,2,3,-6.5663678528498295,0.018145003302582344,0.47642685694788256,-0.1294734337272534,0.4799748538366933,710.7834787614879,5.708887206280307,0.7226979407484807,1060,Yes,8.692198276519775
0.1,0.1,0.5,3,3,-6.566601776463395,0.013080785134662869,0.457799846251212,-0.21469867524417596,0.4981196231967022,710.9497672499465,5.704190577444967,0.7009441336309101,1060,Yes,9.523637533187866
0.1,0.1,0.5,4,3,-6.578780355731398,0.020629098346667058,0.484263869278011,-0.14820925337807334,0.4522575621824843,719.6610632808372,5.725626760215264,0.8455505245722329,1060,Yes,8.596718311309814
0.1,0.1,0.5,5,4,-6.572424767625946,0.006112869484382971,0.44474438971910285,-0.11510169479895338,0.44964595866616647,715.101698058164,5.713670087495401,0.7769423452109515,1060,Yes,9.017029047012329
0.1,0.1,1.0,1,3,-6.576739464964804,0.019303002286742626,0.48245694991975807,-0.10104751598186387,0.457207100393502,718.1938114213837,5.749860753813376,0.850300515235222,1060,Yes,9.231219291687012
0.1,0.1,1.0,2,3,-6.5886130803812275,0.01319925000273657,0.47791418900158694,-0.2507391276034852,0.4530786633102529,726.7721959687157,5.768445389348055,0.8128482861970967,1060,Yes,8.9397292137146
0.1,0.1,1.0,3,3,-6.5673004516364815,0.013451125347471738,0.43826960819614474,-0.13030493519776915,0.46651547511751973,711.4466637660519,5.74406717648687,0.6669325359720224,1060,Yes,8.926868438720703
0.1,0.1,1.0,4,3,-6.581125472281342,0.021189963120894002,0.4853399941327343,-0.22268797228546724,0.4687461525105531,721.3507328123069,5.74883692820974,0.809802622415518,1060,Yes,9.133197546005249
0.1,0.1,1.0,5,3,-6.564860122267552,0.011163596094029662,0.456949259377674,-0.13178668012347,0.4769742057552125,709.7126162621131,5.745261344076673,0.6828258470852903,1060,Yes,8.884576797485352
0.1,0.1,2.0,1,2,-6.5897413873828885,0.021597865700510133,0.48579948085821134,-0.16896909988585587,0.5085183912452096,727.5926809184515,5.801734341153296,0.7853438837374576,1070,Yes,8.974149942398071
0.1,0.1,2.0,2,2,-6.5865226088961375,0.021563700155643177,0.4858441161318747,-0.16896909988585587,0.5085183912452097,725.2544863339521,5.8023239240478395,0.7850564463949646,1060,Yes,9.15665054321289
0.1,0.1,2.0,3,3,-6.590551459162185,0.01872179949405317,0.482298040789528,-0.147137362139142,0.4249183026829986,728.182322009646,5.808523646073,0.8533033904567785,1060,Yes,8.671428203582764
0.1,0.1,2.0,4,2,-6.586720571777275,0.013169360612925073,0.4784836888402952,-0.2684421907793849,0.5162719091397261,725.3980740136711,5.799400274942467,0.7263133060102552,1090,Yes,8.800325632095337
0.1,0.1,2.0,5,2,-6.592605482308707,0.009176154326851808,0.46309570521589477,-0.27069164307230165,0.5084151449459924,729.679562510858,5.8092717791931685,0.7300670351164155,1060,Yes,8.75541090965271
0.1,0.1,5.0,1,2,-6.632274168658907,0.012862271946763697,0.4749317161015599,-0.17489815963375097,0.501287557084675,759.2067731291457,5.945429676108066,0.7945632366066331,1060,Yes,8.843161344528198
0.1,0.1,5.0,2,2,-6.63861451617055,0.010992163751327893,0.46465889386943465,-0.17752817562303813,0.4932003800505331,764.0357002651555,5.961437371498704,0.7700952310171006,1060,Yes,8.65229344367981
0.1,0.1,5.0,3,2,-6.634741783780339,0.01907302684701956,0.48283929603695036,-0.17053316453529277,0.5065021405872225,761.0825165974834,5.951664445244069,0.7739114882871899,1060,Yes,8.9927499294281
0.1,0.1,5.0,4,2,-6.635326463908705,0.010992163751327898,0.46465889386943465,-0.17752817562303813,0.4932003800505331,761.5276365346954,5.9563975065209585,0.7942307445344431,1060,Yes,8.590588331222534
0.1,0.1,5.0,5,2,-6.638080264126521,0.010232860470668126,0.46400529909347943,-0.17752817562303813,0.4932003800505331,763.6276216487014,5.959320152363972,0.7811665074559274,1060,Yes,8.92078447341919
0.1,0.5,0.01,1,3,-6.698235708500043,0.006302656495292995,0.45882072142666164,-0.28074282987663574,0.4775821348007086,810.9737681301802,5.695203009995697,0.747328875419755,1140,Yes,9.385796785354614
0.1,0.5,0.01,2,7,-6.699054850179046,0.005952168754838546,0.46025904449886446,-0.11424582064934169,0.47690858670360126,811.6383426974365,5.669859667364938,0.936580769019339,1270,Yes,11.144755601882935
0.1,0.5,0.01,3,9,-6.690031533763272,0.01580518533874162,0.4858834687024929,-0.11373775725648788,0.49799841105995635,804.3476158513798,5.643442153595318,0.9449899806102251,1090,Yes,9.995192527770996
0.1,0.5,0.01,4,8,-6.69664310194606,0.005776324605037729,0.4596321839315445,-0.21299358764666498,0.44755377601009555,809.6832339213431,5.6541946858287915,0.8791321013614253,1110,Yes,10.070677518844604
0.1,0.5,0.01,5,11,-6.6646812709696075,0.010626058151306307,0.4765432819033192,-0.11574769281052752,0.40671001281562397,784.2134735432861,5.603186276934718,0.9421095925859364,1400,Yes,13.140020608901978
0.1,0.5,0.05,1,5,-6.642735386344408,0.008814029121955124,0.4630703167898938,-0.17462832027805547,0.4861851781180406,767.1906883776265,5.695364460832887,0.882478588824712,1210,Yes,10.33376431465149
0.1,0.5,0.05,2,4,-6.648210930338315,0.006552636239368363,0.46100344136265525,-0.23221099020761357,0.451708452104617,771.4029965586341,5.686309732599983,0.8655536381632822,1100,Yes,9.321866750717163
0.1,0.5,0.05,3,7,-6.641037167892126,0.020646110463714187,0.48467202834449674,-0.12386878473126231,0.46957441930489896,765.8889366364666,5.672784347460957,0.9110201737919105,1080,Yes,9.53966236114502
0.1,0.5,0.05,4,7,-6.648610529217263,0.0043065850165122975,0.4565320383700795,-0.13863481864267768,0.4490603632507722,771.7113099280119,5.672532402170261,0.9298862787046391,1090,Yes,9.791806936264038
0.1,0.5,0.05,5,7,-6.650815313889359,0.018612159142081017,0.48449691271262524,-0.09892557914818066,0.491878471295067,773.4146442481216,5.650343362382646,0.9482590601332074,1060,Yes,9.060824871063232
0.1,0.5,0.1,1,4,-6.626945709692025,0.009116496334280818,0.4628587712784612,-0.1265009444543996,0.4877552349834861,755.1721297531074,5.704787317188158,0.9115615729785219,1060,Yes,8.83651614189148
0.1,0.5,0.1,2,5,-6.633083905745524,0.00785172434761262,0.46150670534568244,-0.012462437055686325,0.3916352460636738,759.8217799730805,5.690129845090177,0.8687776140635648,1060,Yes,9.274146556854248
0.1,0.5,0.1,3,5,-6.619100848674241,0.019866027567411144,0.4843102547469571,-0.09910635156413557,0.49155529787968,749.2710860479484,5.6828974503546945,0.9172028626653805,1080,Yes,9.224928617477417
0.1,0.5,0.1,4,6,-6.622489095262463,0.006427717512657922,0.46140521309211224,-0.16520272906969063,0.444624369012165,751.8141070070795,5.69615325783118,0.9149464492878263,1090,Yes,9.491872310638428
0.1,0.5,0.1,5,6,-6.625853739796922,0.019383986975480282,0.487098923030062,-0.10931776117421589,0.4640714778598306,754.3479545909239,5.667588462293286,0.9215876755047615,1100,Yes,9.998486995697021
0.1,0.5,0.5,1,4,-6.594497098375472,0.01170913514655503,0.4774204853128811,-0.1223847122729617,0.5389691214531295,731.061142392279,5.729282969964162,0.8682884415240262,1100,Yes,9.334328889846802
0.1,0.5,0.5,2,3,-6.596468018643163,0.020488049670187865,0.4821118786981095,-0.12651423218863508,0.47304355394573583,732.5034264613107,5.729064354653164,0.7987094291900815,1060,Yes,8.900909900665283
0.1,0.5,0.5,3,4,-6.5774968044633395,0.016163073184352443,0.4807918499719225,-0.15144675509212951,0.4630040421412905,718.7379339791217,5.711996381412374,0.7794780206352062,1100,Yes,9.176313877105713
0.1,0.5,0.5,4,4,-6.5696794518706,0.013834315081015234,0.4817587099442635,-0.11986910840133636,0.4975349618391398,713.1412104099351,5.700073061803912,0.854223629359716,1120,Yes,9.426897287368774
0.1,0.5,0.5,5,4,-6.590874494508309,0.011406132899279867,0.47341728128730814,-0.15244870420073892,0.4213455263049366,728.4175886357499,5.71404108311896,0.9026321210840831,1070,Yes,9.182119607925415
0.1,0.5,1.0,1,3,-6.592300233759057,0.009148148026809513,0.462650750536356,-0.1618478811943387,0.4244139633305956,729.4568628737926,5.767238886222655,0.8319956147839803,1060,Yes,8.30925178527832
0.1,0.5,1.0,2,3,-6.594661767226438,0.0077552948690092416,0.4613885803799665,-0.16894939069727072,0.4230194037851429,731.181535302792,5.758823388092781,0.8302104844276892,1060,Yes,8.471921920776367
0.1,0.5,1.0,3,3,-6.581451031397013,0.021516523197940448,0.4858625361662613,-0.09861897572763896,0.46259489979349383,721.5856133506456,5.747843222237562,0.861622422507145,1070,Yes,8.734556674957275
0.1,0.5,1.0,4,3,-6.588615820616268,0.012557758015249177,0.48566667805631575,-0.13330861180489179,0.49467249733525775,726.7741874980823,5.753168758559414,0.8101097906841254,1060,Yes,8.538022994995117
0.1,0.5,1.0,5,3,-6.590784190631149,0.007785585086920259,0.47516666465410023,-0.18480431589709967,0.48388979734533866,728.3518126732615,5.749266831639866,0.841751333548165,1070,Yes,8.532965183258057
0.1,0.5,2.0,1,2,-6.5971384090835965,0.009793737958498808,0.4636273102354453,-0.27069164307230165,0.5084151449459924,732.9946543948529,5.813075627729212,0.7256020373169899,1100,Yes,9.245988368988037
0.1,0.5,2.0,2,3,-6.601925025838272,0.009118966066485412,0.4627792947702596,-0.14907800927595186,0.43728904810793834,736.5116293793728,5.810255923793852,0.8672961731925136,1060,Yes,8.44404911994934
0.1,0.5,2.0,3,3,-6.595986460417121,0.021319844123489595,0.48544334391172766,-0.1424894647560892,0.44200494975935833,732.1507683302215,5.801838969161347,0.8846184657428563,1080,Yes,8.462167501449585
0.1,0.5,2.0,4,2,-6.595560140189162,0.00981563358020853,0.4636461575976657,-0.27069164307230165,0.5084151449459924,731.8387041721246,5.816789839310986,0.7251025702628265,1060,Yes,8.032473802566528
0.1,0.5,2.0,5,3,-6.593820504893367,0.010737934602453859,0.4754480069741752,-0.14880136731983137,0.45287406696740323,730.5666784827084,5.798805917972856,0.8645669187084959,1060,Yes,7.92602801322937
0.1,0.5,5.0,1,2,-6.637278762110376,0.01133251961826844,0.46495186615371703,-0.17752817562303813,0.4932003800505331,763.0158177841334,5.960611846253707,0.7725428620931648,1060,Yes,9.00405764579773
0.1,0.5,5.0,2,2,-6.640981126691766,0.013866144145117203,0.4784874350120819,-0.17452890589914918,0.503676065642178,765.8460165037745,5.952384534093946,0.7848499572829768,1060,Yes,8.91055679321289
0.1,0.5,5.0,3,2,-6.631722585808267,0.010778757587494685,0.4757741386211733,0.010728050765642717,0.475765508468755,758.7881231636827,5.945830451279737,0.3585441017443028,1060,Yes,8.887057065963745
0.1,0.5,5.0,4,2,-6.637241607719374,0.013694983337803189,0.48548483394109204,-0.17502431890662795,0.5087346865028244,762.9874689227444,5.9512406262854745,0.7853303109997789,1060,Yes,8.606559991836548
0.1,0.5,5.0,5,2,-6.634698682434747,0.019194575091526334,0.4827748014128598,-0.17053316453529277,0.5065021405872224,761.0497136238426,5.944535999050958,0.7862184282409119,1060,Yes,8.799534797668457
0.1,1.0,0.01,1,8,-6.716981252699642,0.016891968983855535,0.4675956348507916,-0.09451251912363451,0.4246352056821398,826.3192934977467,5.665508272427799,0.9689612289225822,1060,Yes,9.914529085159302
0.1,1.0,0.01,2,10,-6.699517949263764,0.014693466743604933,0.486858200542243,-0.11706692083978958,0.4502923963690117,812.014298716787,5.671322730526778,0.9358538811892555,1280,Yes,11.458583116531372
0.1,1.0,0.01,3,9,-6.71269245090797,0.004210605886992523,0.4573118002674988,-0.11449202387202298,0.413102312382014,822.7829625630761,5.648676044794814,0.9666119933654541,1170,Yes,10.864497423171997
0.1,1.0,0.01,4,12,-6.7133416942107775,0.01150332396911533,0.46510150540695944,-0.13546207203003455,0.5254896633868167,823.3173223371664,5.6782164825408525,0.9206024502595511,1550,Yes,14.14970874786377
0.1,1.0,0.01,5,6,-6.713669808676043,0.01119838313318572,0.47245657895060633,-0.17495787442300526,0.4043556043534851,823.5875089837782,5.681590427971142,0.9178761751988598,1330,Yes,10.760424137115479
0.1,1.0,0.05,1,6,-6.6554174342442325,0.01530603781914434,0.4855499813978344,-0.15751736185745796,0.41688338636872946,776.9821943761253,5.6905530808682325,0.906132989335186,1130,Yes,9.748127460479736
0.1,1.0,0.05,2,8,-6.661133000052277,0.008332170179342121,0.4759816410657041,0.000727822490171233,0.531592214035305,781.4358025610074,5.707821133593224,0.9128948104190019,1090,Yes,9.091954708099365
0.1,1.0,0.05,3,6,-6.665967383784595,0.00395019538935724,0.459119633885852,-0.12124769879504094,0.49181748081803545,785.2227093977657,5.671837064095197,0.9404798289877396,1160,Yes,10.343916416168213
0.1,1.0,0.05,4,12,-6.671272453914546,0.011337543932394525,0.4669752168520582,-0.10195657795775163,0.43126503986846354,789.3994400675685,5.673435290704546,0.9456345373545937,1340,Yes,12.686156034469604
0.1,1.0,0.05,5,6,-6.661872112335008,0.01613135063367177,0.46303498647966557,-0.11810482994188878,0.48012862061400186,782.0135848575391,5.69942207809037,0.8961249825870726,1360,Yes,10.636273860931396
0.1,1.0,0.1,1,7,-6.639414926344578,0.015521853490418666,0.48057184949571813,-0.11021561866329974,0.4188434058463732,764.6474870204779,5.673842209850534,0.9362461843252612,1120,Yes,9.723443269729614
0.1,1.0,0.1,2,9,-6.6363816691763695,0.014941982448499239,0.4840134736181842,-0.057044082053765696,0.44603175454728194,762.3316286219805,5.71448486704266,0.9279181862973914,1120,Yes,9.799661874771118
0.1,1.0,0.1,3,10,-6.614332183895312,0.012944611923854987,0.4770076206962709,-0.060664723502302474,0.46581901989502267,745.7065691579215,5.626355669941682,0.9183255405554839,1080,Yes,9.933497905731201
0.1,1.0,0.1,4,9,-6.62618800344532,0.009555363670773432,0.4622366341251903,-0.11292049732870688,0.46285405430771703,754.6001478375567,5.678245964794995,0.9255566063804677,1070,Yes,10.18128490447998
0.1,1.0,0.1,5,7,-6.646082561832015,0.006435173838776769,0.48493663419790045,-0.10627684227263878,0.42601056713270447,769.7629126856506,5.711107683955619,0.9108664599715041,1070,Yes,9.620878219604492
0.1,1.0,0.5,1,3,-6.592656426898245,0.015523858002336731,0.4767272336395282,-0.1293345368428114,0.47488356549634375,729.7167366835679,5.708604802351881,0.706182096317353,1060,Yes,8.411086797714233
0.1,1.0,0.5,2,3,-6.600449795465615,0.013750478328940201,0.46064517165416136,-0.21723822432716747,0.490977296421409,735.4259060967847,5.731714429442492,0.7756136330537289,1100,Yes,9.471529960632324
0.1,1.0,0.5,3,3,-6.597547153473294,0.008291818831079208,0.462655328553475,-0.12582068557042464,0.5099776731460604,733.2943230872914,5.730493836197153,0.8587327928575773,1110,Yes,8.946632623672485
0.1,1.0,0.5,4,4,-6.594608509168459,0.009920759071017788,0.4615217440541025,-0.09537459091495042,0.43425508712882105,731.1425950311426,5.7464348418519355,0.8622542843280016,1060,Yes,8.71685004234314
0.1,1.0,0.5,5,4,-6.571441666198416,0.014279598365909816,0.47585162834584105,-0.0906006439751447,0.5054673183259342,714.3990260135126,5.701182079365583,0.7155904682304722,1060,Yes,9.08789610862732
0.1,1.0,1.0,1,3,-6.592017074318377,0.020205784783356235,0.48468862600107504,-0.16077147363334926,0.4332829772387237,729.2503395173995,5.752616806464541,0.8515188744724155,1060,Yes,8.74348497390747
0.1,1.0,1.0,2,3,-6.596171062868828,0.016414611222534944,0.4842452993075594,-0.21920741337399569,0.4818734551221103,732.285937632983,5.799542233152836,0.7748397250588456,1060,Yes,8.873342037200928
0.1,1.0,1.0,3,3,-6.594257019741257,0.008643908966615384,0.4624078798480125,-0.19406703510843892,0.47169700104446327,730.8856512983601,5.757186978544586,0.8169218262996033,1070,Yes,9.162830114364624
0.1,1.0,1.0,4,2,-6.596827513991725,0.012092724899303442,0.4656062373555723,-0.3265897235418597,0.5175440038832679,732.7668053748397,5.7934681357737405,0.6322478118521341,1110,Yes,9.068537712097168
0.1,1.0,1.0,5,2,-6.594806442059983,0.012954434912456354,0.4748342371871523,-0.17638282005578,0.50081595764545,731.2873265221816,5.772571922762459,0.7689103867921222,1060,Yes,8.487130880355835
0.1,1.0,2.0,1,2,-6.600372232953404,0.021222702661410305,0.4862896092897585,-0.16896909988585587,0.5085183912452097,735.3688668280457,5.805062845996733,0.7733113068012312,1090,Yes,9.245086431503296
0.1,1.0,2.0,2,3,-6.6107814411798955,-0.0012992524674366095,0.4324170516326892,-0.17903652153828478,0.39825083556393115,743.0634522806289,5.853168532573548,0.8766901821086542,1060,Yes,8.450748205184937
0.1,1.0,2.0,3,3,-6.603430658181003,0.008647282527884236,0.4628018573250322,-0.1907494839006047,0.4473500372060732,737.6213803381887,5.811580270552213,0.8865702573655954,1060,Yes,8.37876009941101
0.1,1.0,2.0,4,3,-6.603117590867788,0.013740047453750896,0.4676942323010374,-0.13603911587957807,0.5431101400404514,737.390491338261,5.835399788480425,0.8755671910546236,1110,Yes,8.716965913772583
0.1,1.0,2.0,5,3,-6.607289249519514,0.011623172462143392,0.45469280133278833,-0.19486651529989912,0.436988598928658,740.4730579986691,5.8382152554944655,0.8447794282648701,1060,Yes,8.590675354003906
0.1,1.0,5.0,1,2,-6.637410605436937,0.018905265274420546,0.48292831188086904,-0.17053316453529277,0.5065021405872225,763.1164229596836,5.94889084532034,0.7743776457256081,1060,Yes,8.916866064071655
0.1,1.0,5.0,2,2,-6.647422012516713,0.002580653391536862,0.4406325945064573,-0.0016058591414527057,0.41789451195548155,770.7946629811642,5.981272585969519,0.3021280617265678,1060,Yes,8.560392379760742
0.1,1.0,5.0,3,2,-6.638586955735789,0.010534776511758503,0.4642651830585036,-0.17752817562303813,0.4932003800505331,764.0146433992528,5.960432629369863,0.7921568554767969,1060,Yes,8.871145963668823
0.1,1.0,5.0,4,2,-6.641034173557955,0.013520208490256086,0.46732284322725215,-0.17789578712393542,0.4933350947975728,765.8866433124861,5.978406144145197,0.7705182179280742,1060,Yes,8.88463568687439
0.1,1.0,5.0,5,2,-6.646734568506752,0.009182280966292094,0.46675037427256805,-0.1797743011787026,0.4897561029904103,770.2649668962489,5.978693371392193,0.7563385732848257,1060,Yes,8.79312539100647
0.1,2.0,0.01,1,10,-6.717512218705922,0.01063262494878215,0.4640170957691311,-0.13362159014827732,0.4193948612267509,826.7581574535375,5.6744453120633445,0.9588029088769551,1520,Yes,13.184018850326538
0.1,2.0,0.01,2,8,-6.730047691959265,0.018177471518205746,0.48167505490880835,-0.13831922363748406,0.4695383188054503,837.18719209952,5.639656588585526,0.9207798641414885,1250,Yes,11.15048336982727
0.1,2.0,0.01,3,11,-6.728755474679983,0.009086272415470685,0.46340550915327167,-0.16411871460362484,0.4911743500190402,836.1060630211749,5.653789141006525,0.9154816990715038,1080,Yes,11.223611116409302
0.1,2.0,0.01,4,9,-6.729315861113901,0.0053080644680832435,0.4575656016334381,-0.16671865335674654,0.4154964689291827,836.5747368231639,5.651960055233724,0.9258972795701896,1150,Yes,10.492938995361328
0.1,2.0,0.01,5,9,-6.722879181635853,0.016549284483343855,0.46699888489449776,-0.16847519041375772,0.41473647816533554,831.2072662581745,5.64454544594548,0.9251793241083459,1110,Yes,10.18572449684143
0.1,2.0,0.05,1,7,-6.660727749273074,0.009042470107609677,0.46211354293524687,-0.11279134462022153,0.39813629530040945,781.1191892513511,5.687360910568986,0.9336943729524789,1330,Yes,11.091466903686523
0.1,2.0,0.05,2,8,-6.67288235298651,0.019165868506018178,0.48305914607107814,-0.14253167347149603,0.42633690464571333,790.6713170155996,5.648146899925799,0.9320194112440422,1140,Yes,10.32283878326416
0.1,2.0,0.05,3,8,-6.66397187483065,0.012227774542928569,0.463103124834977,-0.08434936381628584,0.4513335613547569,783.6573528113079,5.663188865246397,0.9297474250384455,1120,Yes,9.924842834472656
0.1,2.0,0.05,4,11,-6.640236376034336,0.012476717129248248,0.4777751345045532,-0.08834487493046923,0.45110585958826654,765.2758645163797,5.579299642886127,0.9398585304318726,1100,Yes,11.06885051727295
0.1,2.0,0.05,5,6,-6.660723149656671,0.019359185355473655,0.48412115844871784,-0.14532393430288953,0.47360045112065696,781.1155964109781,5.661276948352774,0.8992799232418062,1400,Yes,11.49083399772644
0.1,2.0,0.1,1,5,-6.647676681329649,0.009821554879084662,0.4637509663870572,-0.20503528905055424,0.4360325575937153,770.9909853405334,5.721082453464222,0.8960307010675249,1120,Yes,9.670261859893799
0.1,2.0,0.1,2,5,-6.659065129618986,0.021912423855990716,0.4631717301451657,-0.18283663524170563,0.4620067931765372,779.8215641625235,5.666279385835602,0.8906994127998192,1290,Yes,10.581300497055054
0.1,2.0,0.1,3,10,-6.640337109593945,0.007301053436840241,0.45872674134094993,-0.14702888050449908,0.4161135817126731,765.3529573611486,5.673976142610382,0.9042142511377173,1180,Yes,11.133338451385498
0.1,2.0,0.1,4,7,-6.629948460809775,0.012502778706499046,0.47688269412059076,-0.06479926561930645,0.4795672366459979,757.4431316301528,5.6609461457010894,0.8890138459998919,1160,Yes,10.059494733810425
0.1,2.0,0.1,5,6,-6.64290491814877,0.020288206797430958,0.485356268963315,-0.15849645774396418,0.4657449816154424,767.3207626248662,5.680357596702523,0.9028654536270672,1060,Yes,9.169354438781738
0.1,2.0,0.5,1,3,-6.603616468776534,0.010807188408459793,0.44672258382466884,-0.13416630086968656,0.4597793339228403,737.758450940336,5.747422843178441,0.7387003792071546,1060,Yes,8.471627473831177
0.1,2.0,0.5,2,4,-6.610267030273235,0.01814470674832856,0.48138351994215334,-0.16050881609225054,0.438343327710507,742.6813106337772,5.713641066171996,0.8785630677580126,1080,Yes,9.24690556526184
0.1,2.0,0.5,3,3,-6.603969368435341,0.009499141248867821,0.4627392434047503,-0.18630928799977056,0.45036631467990323,738.018851590903,5.73395396291481,0.8074510892291986,1060,Yes,8.706959009170532
0.1,2.0,0.5,4,3,-6.602941883900951,0.006575549709594367,0.4574239187416182,-0.14588029356367724,0.4544025322290347,737.2609380736926,5.723758974026931,0.756920138343693,1250,Yes,9.552757978439331
0.1,2.0,0.5,5,3,-6.599978172543978,0.0193323000942587,0.4822241742583373,-0.1418120553026078,0.4659459886725241,735.0791441591703,5.71846837930442,0.797726952981732,1220,Yes,9.308210849761963
0.1,2.0,1.0,1,3,-6.590655653800049,0.009929051588152398,0.46470361666775867,-0.21869362766478034,0.4689114086330721,728.2581986558876,5.774158711075094,0.8663465948986215,1060,Yes,8.074909687042236
0.1,2.0,1.0,2,3,-6.596807579079143,0.019024583392658462,0.48498738593869506,-0.19288571596683482,0.4652377433398319,732.7521978782316,5.746797186119077,0.8442431225618275,1220,Yes,9.168018817901611
0.1,2.0,1.0,3,3,-6.603265285219901,0.0016091597815965533,0.4438759440426203,-0.1968884110770938,0.42134818079548686,737.4994077921086,5.80223177612679,0.8542125705762214,1080,Yes,8.7303307056427
0.1,2.0,1.0,4,3,-6.603946780412365,0.007999297237915003,0.4619160957403866,-0.17303835609921087,0.4389178021866141,738.0021813924003,5.747527341260993,0.8775944756796764,1140,Yes,8.761463403701782
0.1,2.0,1.0,5,3,-6.596567754740115,0.018589351009616884,0.48370668253224763,-0.18204012256826255,0.4560446097440642,732.5764871374026,5.744614143071453,0.8561128489535355,1100,Yes,8.565028667449951
0.1,2.0,2.0,1,2,-6.605808207521511,0.007150013451587447,0.45987767233611504,-0.2723452532071564,0.5061936197785437,739.3771980090302,5.843363862149365,0.7161273213155538,1100,Yes,8.30107593536377
0.1,2.0,2.0,2,3,-6.60085936212942,0.009960586432806232,0.4754391400241546,-0.12269346566798996,0.44800072110288575,735.7271737219967,5.796405271635115,0.8872851153255272,1080,Yes,8.810474395751953
0.1,2.0,2.0,3,2,-6.60495710233178,0.012624572667342663,0.46606404246671557,-0.17752817562303813,0.4932003800505331,738.748177957722,5.829408901001615,0.7519852949839195,1070,Yes,9.078804016113281
0.1,2.0,2.0,4,3,-6.601103390113676,0.006892591760568291,0.4594937318426576,-0.1685436204485956,0.4191403113241596,735.906733649095,5.8068152461841755,0.8516862175430348,1060,Yes,8.348276376724243
0.1,2.0,2.0,5,3,-6.598179537311418,0.009599848716602617,0.47535379737947475,-0.19748789613036918,0.46573431168036405,733.7581932223288,5.802390284245409,0.8659681732471389,1060,Yes,8.405282258987427
0.1,2.0,5.0,1,2,-6.6460841671807245,0.015722097821424617,0.4686547449388311,0.009960205952983851,0.4636568647288111,769.7641484245406,5.9814337002930715,0.25366723714533285,1060,Yes,8.597777843475342
0.1,2.0,5.0,2,2,-6.6406411474000935,0.021485920058588796,0.4859457312511741,-0.16896909988585587,0.5085183912452096,765.5856889730453,5.942028562851264,0.7793695809558082,1060,Yes,9.20553469657898
0.1,2.0,5.0,3,3,-6.640844760539296,0.014829735894153978,0.4668579098280375,-0.14350343812427233,0.46128576850699193,765.7415881495274,5.960518813602106,0.8842246283290617,1060,Yes,8.337560176849365
0.1,2.0,5.0,4,2,-6.639596372182115,0.01394864727015666,0.48535416367011797,-0.17502431890662795,0.5087346865028244,764.7862417120309,5.951461870534668,0.7858142727061966,1110,Yes,9.252111673355103
0.1,2.0,5.0,5,2,-6.637689045481361,0.010526262552453125,0.47573116470646704,-0.1762419812962689,0.5018634855232934,763.3289347149114,5.949748420381096,0.7779702453776016,1060,Yes,9.408019781112671
0.1,5.0,0.01,1,10,-6.754603825031183,0.009549395502473633,0.4819602200457636,-0.09616394802663578,0.5100317213663452,857.999764516116,5.643406127265169,0.9333192938574982,1110,Yes,10.602849006652832
0.1,5.0,0.01,2,7,-6.7171423445674865,0.010122535921082828,0.4745305199509979,-0.1670453534545562,0.4655978290533221,826.4524175384843,5.634934136073451,0.93450904979698,1520,Yes,12.585692644119263
0.1,5.0,0.01,3,8,-6.7421727369488655,0.012520230408263873,0.48604342984174476,-0.049475485500168476,0.47316157454596197,847.3999142061833,5.650999184352497,0.9564835290889175,1120,Yes,9.665479183197021
0.1,5.0,0.01,4,9,-6.738687738595951,0.007926848470485137,0.4615755647897724,-0.13336922226392434,0.41730341572065394,844.4518668547186,5.648234440082914,0.9529608071872318,1640,Yes,13.41928505897522
0.1,5.0,0.01,5,8,-6.725700001817765,0.02070169770863932,0.4854774793273529,-0.09525956887289841,0.4045955205879107,833.5552625709587,5.6558224450079795,0.9627149102864789,2720,Yes,19.0435848236084
0.1,5.0,0.05,1,5,-6.669632200165807,0.011685032068687914,0.48463388671098934,-0.12399693275180046,0.46057856582570816,788.10568600928,5.682852209924789,0.9256556179301855,1130,Yes,9.499480485916138
0.1,5.0,0.05,2,7,-6.64260474777653,0.013033057938270861,0.47490673947701595,-0.0832032430349803,0.44449738032114783,767.0904702311276,5.640779920872896,0.9259954214145738,1140,Yes,9.720109462738037
0.1,5.0,0.05,3,3,-6.684642403906051,0.008062648308188496,0.4627752850230319,-0.2077112828930349,0.4874250668775014,800.0245413669155,5.680956659338398,0.811263851785942,1260,Yes,9.722262382507324
0.1,5.0,0.05,4,5,-6.664887448500993,0.007371757056679341,0.4611761986738136,-0.1709711724569289,0.46874608986027794,784.3751774106198,5.674338773299896,0.9057957609447881,1680,Yes,13.03357720375061
0.1,5.0,0.05,5,6,-6.661376074271141,0.019599170232661847,0.4861423388604091,-0.12990133109623253,0.4644632139811612,781.6257725457749,5.669666601710146,0.9500421517291289,1680,Yes,12.931168794631958
0.1,5.0,0.1,1,4,-6.652899096267437,0.011618781304902133,0.4850160219591291,-0.17119684474743407,0.4126019624134276,775.0279523624946,5.687695082620498,0.8996778318055811,1110,Yes,9.567988872528076
0.1,5.0,0.1,2,6,-6.648933318030889,0.019873719604176502,0.4841007552259945,-0.2149112426537877,0.4430054722170267,771.9604499138428,5.677115746471884,0.8755419446340527,1130,Yes,9.982059478759766
0.1,5.0,0.1,3,5,-6.658747862763252,0.01020052892637477,0.4783292505391231,-0.1032692371109261,0.4081564186656732,779.5741918704178,5.665301220209738,0.9193878680936168,1130,Yes,9.273524045944214
0.1,5.0,0.1,4,4,-6.639115418372928,0.008185044266530708,0.460676696375161,-0.09188135198440535,0.48550324361635155,764.41850329555,5.696454131793715,0.8641958981196073,1120,Yes,9.072297811508179
0.1,5.0,0.1,5,3,-6.644175190739667,0.02066528501310195,0.4857545711665956,-0.1372921677791488,0.48259994723593247,768.2960884917649,5.682448480034307,0.8619564508708489,1060,Yes,8.607480525970459
0.1,5.0,0.5,1,2,-6.611796504125485,0.006400302620281138,0.44548444188197583,-0.18143525088117948,0.46295369716256274,743.8180913955671,5.771915744196293,0.7558004279564141,1060,Yes,8.759004831314087
0.1,5.0,0.5,2,3,-6.598807574281819,0.02027651894849637,0.4843756211759374,-0.18008079984493625,0.4478164963693059,734.2191652335886,5.72001870280913,0.8877167649738604,1130,Yes,9.188565015792847
0.1,5.0,0.5,3,4,-6.616533274526632,0.008386003231192178,0.4628615224621173,-0.039162588585942966,0.40612630905873404,747.3497446266688,5.7211498982865265,0.8899109528513313,1220,Yes,9.32391905784607
0.1,5.0,0.5,4,3,-6.582877431844606,0.01543578574310866,0.481516144244474,-0.10281541265515083,0.5395433403365348,722.6156178172829,5.710281575486263,0.7655532863823341,1060,Yes,8.417147397994995
0.1,5.0,0.5,5,3,-6.607491224575059,0.020649982053130043,0.48514642723183593,-0.17260559145462173,0.44984447317528725,740.6226301901056,5.7106725817861825,0.8360070211211176,1060,Yes,8.866206884384155
0.1,5.0,1.0,1,3,-6.5954694343977325,0.010132224739344104,0.46415705315579964,0.026990173934197986,0.55709493587066,731.7723251737889,5.7631740934682965,0.7791130582441377,1090,Yes,9.067390441894531
0.1,5.0,1.0,2,3,-6.59402129254325,0.01313268796104018,0.4778158078291777,-0.1352568564496569,0.4557317790192124,730.7133819767956,5.744169086930507,0.8530862947093923,1120,Yes,8.67117714881897
0.1,5.0,1.0,3,3,-6.601858266318243,0.006577638411466966,0.4586717130905889,-0.15602806090297072,0.4336160225454266,736.4624618577184,5.755954237671794,0.8494077504670569,1060,Yes,8.501335859298706
0.1,5.0,1.0,4,3,-6.605870229308727,0.012625178704378747,0.48564870258531384,-0.13201857495561517,0.45642773887679217,739.4230569263889,5.751487957645564,0.8682292512531653,1060,Yes,8.785445928573608
0.1,5.0,1.0,5,3,-6.601988236982567,0.010964754246897105,0.4736356318572041,-0.18560283387519844,0.4506327734856888,736.5581865937049,5.741843399897991,0.8658966333037785,1060,Yes,8.683350801467896
0.1,5.0,2.0,1,3,-6.609301884236203,0.007505590134518457,0.4461830588812142,-0.19394412650204132,0.4528086759384381,741.9648605051572,5.810100365775245,0.87011875323478,1060,Yes,8.497813701629639
0.1,5.0,2.0,2,2,-6.603240189843327,0.010795229007022636,0.4644893759398266,0.008798759275488836,0.4627708502596145,737.4809001989753,5.813372288900916,0.34338951233665793,1070,Yes,9.126623630523682
0.1,5.0,2.0,3,2,-6.610111632360724,0.009353438695738044,0.4632483084514054,0.008798759275488836,0.4627708502596145,742.565908475303,5.799130754094845,0.38752448940269635,1090,Yes,8.885730028152466
0.1,5.0,2.0,4,2,-6.602746427862084,0.014085448124516151,0.4784886140732141,0.013297663861322256,0.4784843786470819,737.1168500530212,5.810993299825774,0.35100428205092005,1130,Yes,9.247838258743286
0.1,5.0,2.0,5,3,-6.601486615255501,0.021114010128576464,0.48467923470403956,-0.09889923528475841,0.4621130740541393,736.1888056565584,5.794425812706763,0.8628679962479042,1120,Yes,8.867344379425049
0.1,5.0,5.0,1,3,-6.643765062501898,0.010044954270734673,0.46362469205457796,-0.1242995073747058,0.4378031147490436,767.9810531777616,5.951580631245732,0.886110004271345,1060,Yes,8.64160442352295
0.1,5.0,5.0,2,2,-6.640519920582086,0.021665419700275797,0.48571122553319507,-0.16896909988585587,0.5085183912452097,765.4928850813333,5.943107554942709,0.7863959501227966,1060,Yes,8.623510122299194
0.1,5.0,5.0,3,2,-6.640958567126487,0.009926304326487223,0.4637414210101403,0.008798759275488836,0.4627708502596145,765.828739545452,5.951501099113195,0.3849320270440126,1060,Yes,8.775476694107056
0.1,5.0,5.0,4,2,-6.642405475103906,0.013717814211951508,0.48547307303963533,-0.17502431890662795,0.5087346865028244,766.9376252923955,5.95090626855362,0.7862164552703309,1210,Yes,9.721244812011719
0.1,5.0,5.0,5,3,-6.642789185200403,0.021757604541138308,0.4855477971622011,0.05190204750317875,0.43210671984720167,767.2319634692577,5.944981217362205,0.7239367853048946,1060,Yes,9.23055648803711
0.5,0.01,0.01,1,5,-6.671147054308989,0.016087962146260994,0.48565802520228263,0.008183993178662478,0.3483403845110885,789.3004558955747,5.689139488793699,0.8797235633641171,1060,Yes,9.3031587600708
0.5,0.01,0.01,2,4,-6.6698113315215215,0.020470138208030588,0.48583918741100157,-0.16843689464417344,0.4444738738993566,788.2468730944009,5.691202609608371,0.8654566085028297,1060,Yes,9.590146780014038
0.5,0.01,0.01,3,6,-6.670927688340309,0.015958350624566346,0.48586445174806514,-0.0827274087367585,0.44522035530189324,789.1273292262318,5.681946131415844,0.9373641160894279,1060,Yes,9.583375453948975
0.5,0.01,0.01,4,5,-6.670095232260058,0.009256092905612391,0.46277895894882526,-0.06281425673350266,0.4112710037807467,788.470688733031,5.7286381651699845,0.9293922025042646,1060,Yes,9.42187213897705
0.5,0.01,0.01,5,6,-6.67656070858984,0.013026209840781632,0.46795593687259757,-0.054817588393182515,0.5076045968164775,793.5850428595311,5.687858886135742,0.9353526341862206,1070,Yes,9.924278736114502
0.5,0.01,0.05,1,4,-6.619623740798972,0.018975170448131202,0.48530919302143316,-0.16434425588079435,0.4202857919332715,749.6629764474046,5.69578748530077,0.8900793448288316,1060,Yes,9.28336501121521
0.5,0.01,0.05,2,4,-6.620996805356622,0.015996844454673306,0.4856969617579104,-0.10400646036611891,0.4119035315604149,750.693019106252,5.6989802016572995,0.8952196708220346,1060,Yes,9.239333152770996
0.5,0.01,0.05,3,4,-6.6204050149179245,0.015600432937874534,0.4859391948017731,-0.14905945471309442,0.4398931595860402,750.2488975815453,5.69578172441373,0.8835999709360095,1060,Yes,9.737006664276123
0.5,0.01,0.05,4,4,-6.619619863637005,0.01685232695160367,0.4672601164307464,-0.0327706368026702,0.3883200242536302,749.6600698882585,5.695826838181206,0.8256183279495252,1060,Yes,8.678544998168945
0.5,0.01,0.05,5,4,-6.625855005770363,0.003958727287846048,0.45724392067310005,-0.17217021257539775,0.41218955675041863,754.3489095760046,5.698311758382498,0.8936290033814183,1060,Yes,8.986202955245972
0.5,0.01,0.1,1,4,-6.601021135150168,0.019047727073720502,0.4845333917789508,-0.053748769119117995,0.37824861894864104,735.8462041570331,5.698958014284699,0.8240084442909043,1060,Yes,9.125096559524536
0.5,0.01,0.1,2,4,-6.600796113609965,0.020388781306486175,0.4854410257891285,-0.10252029381513099,0.41186366915612715,735.6806415390976,5.704917182439102,0.8953133923719652,1060,Yes,8.93245792388916
0.5,0.01,0.1,3,4,-6.600193302856591,0.02008646593463143,0.48564146160406735,-0.019253127001796863,0.4284649116947359,735.2372989765862,5.701790010264344,0.8230175805210131,1060,Yes,8.872290849685669
0.5,0.01,0.1,4,5,-6.607214104808914,0.007965325373962717,0.46209324213593883,-0.0562046567449529,0.47050381477558173,740.4174174555914,5.704605356313103,0.8933597888966373,1060,Yes,9.509699583053589
0.5,0.01,0.1,5,4,-6.606878894675714,0.004780338079486345,0.45765376640636596,-0.15568562561115856,0.4240828629579763,740.1692636286245,5.705858485560851,0.8909165140744202,1060,Yes,9.433653116226196
0.5,0.01,0.5,1,3,-6.57272205147176,0.009131924996193745,0.4749511620601528,-0.23489452211057288,0.48842466162830983,715.3143178437589,5.724963602996029,0.7890934767091164,1060,Yes,8.957433700561523
0.5,0.01,0.5,2,3,-6.573378905661906,0.018926073636546515,0.48280543772482715,-0.09979202421471661,0.46108271180000354,715.7843293983366,5.721413904130179,0.8576782670599443,1060,Yes,9.045109987258911
0.5,0.01,0.5,3,3,-6.573724608623969,0.019583051267252582,0.48520739617860315,-0.16353374225716072,0.4601408248851503,716.0318209380223,5.730978870364747,0.8460473405005055,1060,Yes,7.804895639419556
0.5,0.01,0.5,4,4,-6.544109614111382,0.013973497832496448,0.47567865062001585,-0.11436464638859645,0.4519194818889586,695.1374627323343,5.699422943059788,0.8153443220234621,1060,Yes,8.787724256515503
0.5,0.01,0.5,5,3,-6.571419372834832,0.01457133339179009,0.46287155098381827,-0.2150905805880255,0.4855951314871362,714.3830998338066,5.72515625077106,0.7247163841183035,1070,Yes,9.027223587036133
0.5,0.01,1.0,1,3,-6.57275928902864,0.02122031099435777,0.4852921617834024,-0.22268797228546724,0.4687461525105531,715.3409548973028,5.748441863264172,0.8097977366145704,1060,Yes,9.215015888214111
0.5,0.01,1.0,2,2,-6.57315957922635,0.01895142737070056,0.4829038178451148,-0.3223927168892125,0.5255250602052817,715.6273561875593,5.746128889903353,0.6357536856202551,1060,Yes,9.022615671157837
0.5,0.01,1.0,3,3,-6.573743155479773,0.020845894634800223,0.4857813147220708,-0.140814454001811,0.4474178307300988,716.0451012001095,5.7580664539228,0.8532602945797741,1060,Yes,8.812194347381592
0.5,0.01,1.0,4,3,-6.550055675645344,0.014896256571088968,0.4766409425580955,-0.20440272046320346,0.500771445201304,699.283105770286,5.730585739160434,0.7591947405192025,1060,Yes,9.372739791870117
0.5,0.01,1.0,5,3,-6.578960083341343,0.009227044253744104,0.46290533349678714,-0.10503828253052563,0.4511063913974865,719.7904178676582,5.763267123932342,0.8606773369234256,1060,Yes,8.852209091186523
0.5,0.01,2.0,1,2,-6.585010037582529,0.013183498954844672,0.47848376485336835,-0.17452890589914918,0.5036760656421779,724.1583164294249,5.79998357041007,0.7860609928389574,1070,Yes,9.19474744796753
0.5,0.01,2.0,2,2,-6.584902010398285,0.01908089347980774,0.4828351219287467,-0.2654453847564926,0.5183914653485096,724.0800918708201,5.801000581789338,0.7260506947447064,1060,Yes,9.154178619384766
0.5,0.01,2.0,3,2,-6.591025904447346,0.008690139240069554,0.4637859058486582,-0.2710403682953037,0.5086869350497774,728.5278866483352,5.818018040811438,0.7249319434011615,1060,Yes,8.571878671646118
0.5,0.01,2.0,4,2,-6.584995318779567,0.010491174979987859,0.4757251929045023,-0.1762419812962689,0.5018634855232934,724.1476577642941,5.801581823556851,0.7868899526258218,1060,Yes,8.951698780059814
0.5,0.01,2.0,5,2,-6.590671594188267,0.009706374920663619,0.4635521096843676,-0.27069164307230165,0.5084151449459924,728.2698074668215,5.815135676223611,0.7290805136468239,1060,Yes,9.667990922927856
0.5,0.01,5.0,1,2,-6.6300890452432615,0.021251877004272546,0.4846045128881095,-0.1693427792953485,0.5078759569260702,757.5496238291087,5.9459125861601505,0.7858243738104201,1060,Yes,9.886392593383789
0.5,0.01,5.0,2,2,-6.630046764643218,0.013297663861322254,0.4784843786470818,-0.17452890589914918,0.503676065642178,757.5175948535575,5.946878336687306,0.7856616895244987,1060,Yes,9.989449739456177
0.5,0.01,5.0,3,2,-6.630032767208207,0.012743783259419585,0.47490161581082735,-0.17489815963375097,0.501287557084675,757.506991624463,5.945006298060389,0.785971539592559,1060,Yes,10.444609880447388
0.5,0.01,5.0,4,2,-6.630146033095633,0.01093108715334688,0.47580006466668584,-0.1762419812962689,0.5018634855232934,757.5927961853736,5.945657270261017,0.7858966899415313,1060,Yes,9.048036098480225
0.5,0.01,5.0,5,2,-6.635264885670176,0.010651807884387354,0.46436592158515216,0.008798759275488836,0.4627708502596145,761.4807444480268,5.959278348975582,0.34254978254235835,1060,Yes,9.004755735397339
0.5,0.05,0.01,1,4,-6.67461695295044,0.015509955823669904,0.4867996875237269,-0.16510081205153404,0.44225148628012256,792.0440056422134,5.699318066810775,0.8636226805711639,1080,Yes,9.882855653762817
0.5,0.05,0.01,2,4,-6.673421393945729,0.016323264668782592,0.48683754141471236,-0.18133853632597904,0.47178253793145125,791.0976361321606,5.69523563331097,0.8706035440106572,1060,Yes,9.467662811279297
0.5,0.05,0.01,3,6,-6.67304136482147,0.014944674491390798,0.4860518070208453,-0.09880058533404099,0.443717773923901,790.7970531090675,5.678119636047339,0.9450503508831046,1060,Yes,9.549745798110962
0.5,0.05,0.01,4,3,-6.673317642661372,0.016498253617769045,0.48595485947106953,-0.2288241740573806,0.4622924513928616,791.0155629940307,5.6970121200174475,0.8176253817094556,1060,Yes,9.247669458389282
0.5,0.05,0.01,5,6,-6.650229689221025,0.011400392941188234,0.4962475138179315,-0.026820021092266815,0.4938853094626028,772.9618461514075,5.745413622115637,0.9450145449479977,1060,Yes,9.646198272705078
0.5,0.05,0.05,1,4,-6.623777593608015,0.014964423524002212,0.4850595218580631,-0.1694185042185245,0.413409544353045,752.7834425996647,5.694832215180631,0.8843644567775717,1060,Yes,9.431735038757324
0.5,0.05,0.05,2,4,-6.621864899531048,0.016195823581329365,0.48516060683633194,-0.12733041365931524,0.4104549679063254,751.344974281223,5.695556604758648,0.8983393412082622,1060,Yes,9.61596941947937
0.5,0.05,0.05,3,5,-6.624136849131064,0.017506718032835263,0.4670015105688416,-0.15927075442676733,0.44610682218832043,753.0539327937176,5.693618631418849,0.8790994529751007,1060,Yes,9.974276781082153
0.5,0.05,0.05,4,5,-6.619986110192594,0.016847842947380225,0.48572415013216313,-0.06542703592377136,0.4513422792633642,749.9346805912601,5.696735086421029,0.9105033061873029,1060,Yes,10.560646295547485
0.5,0.05,0.05,5,6,-6.614679746975895,0.011664058611276545,0.4959967617720104,-0.055319688089594345,0.4478827628870277,745.9657942762395,5.745158617912469,0.9315894718955171,1060,Yes,10.049683094024658
0.5,0.05,0.1,1,4,-6.605362314210801,0.015296325822821723,0.4848959230519717,-0.1577317474047548,0.42209402889297126,739.0475881532225,5.699854910354922,0.8920530368834365,1060,Yes,9.592115879058838
0.5,0.05,0.1,2,3,-6.60499643044491,0.020909673025919426,0.4852336382996942,-0.2209083951206134,0.4833683201206084,738.7772321009577,5.6987608714702604,0.803811914690101,1060,Yes,9.141419887542725
0.5,0.05,0.1,3,4,-6.604280858498154,0.016070005050900234,0.48603606282626477,-0.11481401413793435,0.4368574842827879,738.2487729365901,5.701681726496135,0.8758579975001745,1060,Yes,9.120540618896484
0.5,0.05,0.1,4,4,-6.60302227356715,0.02150345204243278,0.48593032593929586,-0.09027268704808436,0.48728356312294296,737.3202086167439,5.700365872187652,0.8646891096336858,1060,Yes,9.055066347122192
0.5,0.05,0.1,5,4,-6.615606244174561,0.01992889119310359,0.46228103998722747,-0.19751975655633658,0.46236242094212887,746.6572497612601,5.741747255358323,0.840512677642961,1060,Yes,9.54219675064087
0.5,0.05,0.5,1,3,-6.557016233023606,0.01241549098498295,0.45648418157582826,-0.21503357194802683,0.49754965952459707,704.1674852329979,5.697920727167759,0.703328145896381,1060,Yes,9.386958837509155
0.5,0.05,0.5,2,3,-6.5677724473434225,0.019324977836478914,0.4783962867663495,-0.12823232504713925,0.47632252412198833,711.7825427975619,5.716287425274585,0.7124358446683635,1060,Yes,8.035325527191162
0.5,0.05,0.5,3,3,-6.574950666581443,0.0200596359269436,0.4854350878733886,-0.15061798022538334,0.47700714641873193,716.910255845902,5.72961085945174,0.851191516570449,1060,Yes,8.43363356590271
0.5,0.05,0.5,4,3,-6.576918240986908,0.02115743203921782,0.4857264452143842,-0.1363558477202961,0.4436064351471448,718.322218731821,5.728836974164693,0.8492526524662959,1060,Yes,8.88203239440918
0.5,0.05,0.5,5,3,-6.552656664258808,0.015253435715924978,0.4724905488704955,-0.20681389055187616,0.49536802794278323,701.1043005927605,5.698473846618978,0.7622318540388757,1060,Yes,9.329638481140137
0.5,0.05,1.0,1,3,-6.575689939235431,0.0214080881365185,0.4860038889813041,-0.09861897572763896,0.46259489979349383,717.440443946048,5.748272634562602,0.857441105972832,1060,Yes,8.660669565200806
0.5,0.05,1.0,2,3,-6.57497956716629,0.02066175778078627,0.48498415641035303,-0.1647655896128969,0.435761774228496,716.9309752709792,5.754579363309065,0.8192472198301267,1060,Yes,9.047450065612793
0.5,0.05,1.0,3,3,-6.57707193166724,0.012791726622809424,0.47786173645405056,-0.1436951630885996,0.45951495914880364,718.4326266464323,5.7503809397329135,0.8422583733697072,1060,Yes,8.720443487167358
0.5,0.05,1.0,4,2,-6.575482702350449,0.02112785566918192,0.48641352130318416,-0.26427233626941493,0.5199036533419997,717.2917792282229,5.753341639488964,0.7253294559888381,1060,Yes,9.637026309967041
0.5,0.05,1.0,5,3,-6.580618691715348,0.007129145398803456,0.461986788255007,-0.15021672790473373,0.4487459080552448,720.9852588950135,5.7695627096770306,0.8385329017769502,1060,Yes,8.964890241622925
0.5,0.05,2.0,1,2,-6.58821577135806,0.01909747633020264,0.48282632291476746,-0.2654453847564926,0.5183914653485096,726.4835001719903,5.801058608020144,0.7266784123086163,1070,Yes,8.723861932754517
0.5,0.05,2.0,2,2,-6.585336385700368,0.019129443270722926,0.4828093609601088,-0.17053316453529277,0.5065021405872225,724.3946826997554,5.799775628576683,0.7855133043632613,1060,Yes,8.919677734375
0.5,0.05,2.0,3,3,-6.588250861526375,0.02111318034780141,0.4856649751903916,-0.2256852162831286,0.4875661927846142,726.5089930475614,5.803960674970912,0.8061742056234463,1060,Yes,8.70531964302063
0.5,0.05,2.0,4,2,-6.585475205330244,0.021399107925180127,0.4860591461944182,-0.26427233626941493,0.5199036533419998,724.4952498816798,5.804457841672776,0.7255119887884741,1060,Yes,8.682002782821655
0.5,0.05,2.0,5,2,-6.592516584546356,0.009689513613544209,0.46458610299455794,-0.1779931425870409,0.49356276685557976,729.6146985136927,5.8198459882876366,0.7788472576778048,1060,Yes,8.90328073501587
0.5,0.05,5.0,1,2,-6.6317654199214635,0.01296617834972303,0.47495811197958127,-0.17489815963375097,0.501287557084675,758.8206258761502,5.945528610473188,0.7859717379291183,1060,Yes,9.202783823013306
0.5,0.05,5.0,2,2,-6.632423000316746,0.013240698861690952,0.47848407238170004,-0.17452890589914918,0.5036760656421779,759.3197755407926,5.943424971846395,0.7863269644286804,1060,Yes,9.110889196395874
0.5,0.05,5.0,3,2,-6.6301252417573355,0.013468911221038632,0.4784852993376519,-0.17452890589914918,0.5036760656421779,757.5770449810014,5.945841594172895,0.7858517378828692,1060,Yes,9.615078687667847
0.5,0.05,5.0,4,2,-6.630895822893796,0.010525014377938551,0.475730952270824,-0.1762419812962689,0.5018634855232934,758.1610445419043,5.9456670971176075,0.7858079998546771,1060,Yes,9.555529594421387
0.5,0.05,5.0,5,2,-6.636118626375944,0.011521606211013188,0.465114628533874,-0.17752817562303813,0.4932003800505331,762.1311291466625,5.961114260627232,0.7807348601216724,1060,Yes,9.236934185028076
0.5,0.1,0.01,1,6,-6.675938118071776,0.02053319220679801,0.4859416723104393,-0.05147358458053804,0.47425357400836404,793.0911181089566,5.682015996624286,0.9470696153637264,1060,Yes,9.587441444396973
0.5,0.1,0.01,2,6,-6.683456329802322,0.014335025843980007,0.46853142176164836,-0.1168664523497832,0.4671196472572391,799.076215479614,5.6981118811781775,0.9246464484710594,1100,Yes,9.56040096282959
0.5,0.1,0.01,3,6,-6.672097667842605,0.009218870139869106,0.4832351838980114,-0.07977509943167642,0.47450859425651676,790.0511323361004,5.733705920159022,0.9606760456562673,1060,Yes,9.639210939407349
0.5,0.1,0.01,4,6,-6.678296311515273,0.016999599984678294,0.46678508580944084,-0.09906690170364027,0.36730697808667856,794.9635873383614,5.682326544910892,0.939271814789954,1060,Yes,9.42278528213501
0.5,0.1,0.01,5,7,-6.679188745258378,0.0050466695262813615,0.4386237626971804,-0.052481463468934085,0.44590462633769407,795.6733563320345,5.675861389077968,0.941243586869036,1060,Yes,9.45607328414917
0.5,0.1,0.05,1,5,-6.629225580887986,0.020271010273093592,0.48487644122518064,-0.08278689613516925,0.44341179795921287,756.8957890537143,5.675454631016738,0.9228576388139695,1060,Yes,9.50980257987976
0.5,0.1,0.05,2,5,-6.633725722168913,0.013969135158012274,0.47842584298932567,-0.05950705029012232,0.49236440610777593,760.3096025998573,5.7052145227632165,0.900514737940189,1060,Yes,10.068988561630249
0.5,0.1,0.05,3,6,-6.627737793121802,0.02039086284301112,0.4855455122854002,-0.0775606459046315,0.45137747589855337,755.7705260423205,5.687709404710438,0.923241899123349,1060,Yes,9.8314790725708
0.5,0.1,0.05,4,5,-6.625211360097894,0.02179622369819677,0.46584581068631636,-0.10398204890144132,0.4237318857122026,753.8635323870444,5.68228597557263,0.9046385116668069,1060,Yes,9.36774206161499
0.5,0.1,0.05,5,5,-6.629325311348555,0.0023194513101365377,0.4549970040474607,-0.14352097123495136,0.46745707870311154,756.9712783835896,5.70156082047007,0.885905164399953,1060,Yes,9.348721027374268
0.5,0.1,0.1,1,5,-6.607739335854283,0.020938802609350576,0.4851591001316355,-0.15634358502495246,0.4738632416391701,740.8064098162599,5.690294412117687,0.8708470882989348,1060,Yes,9.403403997421265
0.5,0.1,0.1,2,6,-6.614071891667119,0.013655100421076297,0.47635590233363206,-0.07901506296391565,0.3970194989731226,745.5124927928373,5.707161290427755,0.9164128432809562,1060,Yes,9.586883068084717
0.5,0.1,0.1,3,4,-6.606338327717492,0.015971396963145333,0.4853641679751436,-0.13707435143394892,0.43084950578758063,739.7692607051379,5.702316957667689,0.889820059545953,1060,Yes,8.419989347457886
0.5,0.1,0.1,4,6,-6.605791013956215,0.020422855896513558,0.4845351030355684,-0.08022568564014088,0.3900714094106294,739.364485588184,5.694657407244413,0.9087183241551045,1060,Yes,9.703044652938843
0.5,0.1,0.1,5,4,-6.609262213818821,0.003373850040579237,0.4564229980068288,-0.14040812109230166,0.4440393169610612,741.935427033281,5.700229034601569,0.8942134443067005,1060,Yes,9.036099910736084
0.5,0.1,0.5,1,3,-6.581450699209183,0.02064238001711815,0.4850406070501281,-0.17056737460565718,0.4442293200316892,721.5853736487263,5.7246664217160115,0.8314616951341769,1060,Yes,9.535465240478516
0.5,0.1,0.5,2,2,-6.584999040555941,0.013895796357450953,0.47848759443358957,-0.2684421907793849,0.5162719091397261,724.1503528849529,5.740474559322888,0.7174004524124261,1060,Yes,8.69874882698059
0.5,0.1,0.5,3,3,-6.567829401932463,0.012246294024170379,0.44964008127363564,-0.1321226382170895,0.47390408510692267,711.8230832342441,5.7027808388743075,0.667155530928822,1060,Yes,8.904834508895874
0.5,0.1,0.5,4,3,-6.569601220511388,0.014531122747238478,0.47027378210951,-0.1323072281251177,0.46356138603701263,713.0854225859417,5.711887901071,0.7081368552442462,1060,Yes,8.36555528640747
0.5,0.1,0.5,5,3,-6.569731775761956,0.009283211278916929,0.4575514019997079,-0.21729962278943554,0.5016880107880478,713.1785257093821,5.718074043922345,0.708462672285522,1060,Yes,8.747761249542236
0.5,0.1,1.0,1,3,-6.579166696629877,0.021057610137059167,0.4854333026311089,-0.16667062208646194,0.43116015047560047,719.9391514975922,5.751786651443849,0.8465938821131281,1060,Yes,8.90396523475647
0.5,0.1,1.0,2,3,-6.570956841626629,0.01683498553031298,0.46998543303852447,-0.1287922089552694,0.49999308488559596,714.0527517595568,5.751125062531029,0.7061108565114483,1060,Yes,8.487930297851562
0.5,0.1,1.0,3,3,-6.57786664961997,0.020727200668009576,0.4857714067735853,-0.14978436243314633,0.4692091019612727,719.003804885393,5.7528723747208454,0.85120562678052,1060,Yes,8.546923160552979
0.5,0.1,1.0,4,3,-6.576906656643274,0.020767086797795098,0.48486739185413463,-0.17056737460565718,0.44422932003168925,718.3138974885976,5.749885204511267,0.8315856769358726,1060,Yes,8.928503036499023
0.5,0.1,1.0,5,3,-6.582384518861165,0.008696711278627046,0.46310560212566576,-0.13480970523903446,0.4499048709744399,722.2595189673065,5.766876721042121,0.8581680370207164,1060,Yes,8.604934930801392
0.5,0.1,2.0,1,2,-6.5891846214793715,0.021665650301048778,0.4857109242668564,-0.26427233626941493,0.5199036533419998,727.1876948737398,5.804295850422678,0.7257864314494151,1060,Yes,8.396093606948853
0.5,0.1,2.0,2,2,-6.595100569802086,0.010253226588784935,0.46402282988617677,-0.17752817562303813,0.4932003800505331,731.502450047708,5.8197853458936315,0.7785670149542231,1060,Yes,9.363062858581543
0.5,0.1,2.0,3,2,-6.59059074908283,0.018848518412179476,0.4829584222914586,-0.2654453847564926,0.5183914653485094,728.2109327973469,5.799753145709597,0.720925399621864,1060,Yes,8.655206441879272
0.5,0.1,2.0,4,2,-6.588362668911358,0.02143356599643009,0.4860141287522513,-0.26427233626941493,0.5199036533419998,726.5902266594152,5.798200817497946,0.7228889595532562,1060,Yes,8.448999166488647
0.5,0.1,2.0,5,2,-6.591284652449882,0.009782009557761515,0.46361721463643046,-0.17752817562303813,0.4932003800505331,728.7164161735644,5.814974942880441,0.7923879145727254,1060,Yes,9.1106698513031
0.5,0.1,5.0,1,2,-6.631766115040231,0.021145542083245518,0.4847136907955577,-0.1693427792953485,0.5078759569260702,758.821153346792,5.946408037643068,0.7855531693871173,1060,Yes,8.995585918426514
0.5,0.1,5.0,2,2,-6.6320823273507905,0.021439023235364833,0.48600699919075163,-0.16896909988585587,0.5085183912452096,759.061139878341,5.945793630270853,0.7858363398992158,1060,Yes,9.271186590194702
0.5,0.1,5.0,3,2,-6.64106534126045,0.018887526788556357,0.48293772408572955,-0.17053316453529277,0.5065021405872224,765.9105146115347,5.957055255113916,0.7717703067956524,1060,Yes,9.893418550491333
0.5,0.1,5.0,4,2,-6.63316679975051,0.013383111360769214,0.4784848380451543,-0.17452890589914918,0.5036760656421779,759.8847672540963,5.944739318107465,0.7863246128974156,1060,Yes,9.226495504379272
0.5,0.1,5.0,5,2,-6.6315332377814835,0.013396814725957343,0.4750675087533597,-0.17489815963375097,0.501287557084675,758.6444617312487,5.947003749114412,0.7859123573715493,1060,Yes,9.2632737159729
0.5,0.5,0.01,1,6,-6.68998879447063,0.008191724939839145,0.4624440729073476,-0.16430867996252302,0.46227188685394527,804.3132393378593,5.677348908201801,0.9252849777718753,1110,Yes,9.683604717254639
0.5,0.5,0.01,2,10,-6.699814773142949,0.004712210529997821,0.4574065368398298,-0.0949985702522677,0.4702188469813109,812.2553597254479,5.643683403598212,0.9494775399322238,1140,Yes,10.927021980285645
0.5,0.5,0.01,3,11,-6.69067889470894,0.015472686947634609,0.4850776333938057,-0.12899758048025667,0.4210628767205413,804.8684876624667,5.657245131795882,0.9578039251513519,1320,Yes,12.407124280929565
0.5,0.5,0.01,4,7,-6.700495423770045,0.004655102458292397,0.4564909247950198,-0.22758162529541712,0.41745524941971046,812.8084100410777,5.668355294247949,0.8561273882488634,1070,Yes,10.266940116882324
0.5,0.5,0.01,5,10,-6.696223654210347,0.01984481900598583,0.4859666278748559,-0.10697804384002674,0.5030417194749857,809.3436853386502,5.6380831306450885,0.9462136251741572,1370,Yes,12.539587497711182
0.5,0.5,0.05,1,6,-6.6423357693845295,0.008569161968461017,0.4602233558443417,-0.11307629162677345,0.4736070518596219,766.8841672166963,5.680935344483016,0.9124102828788941,1080,Yes,9.878655195236206
0.5,0.5,0.05,2,7,-6.650933536077461,0.004480541217414531,0.45781834356789036,-0.12557166102907313,0.37603630265528987,773.5060844246972,5.6693655049901635,0.9557831007510597,1110,Yes,9.861830711364746
0.5,0.5,0.05,3,8,-6.609912284032102,0.010572910326957225,0.4770673075882145,-0.10637840098667843,0.4745967347656226,742.417893956271,5.628347611608024,0.909494801270588,1120,Yes,10.270995616912842
0.5,0.5,0.05,4,6,-6.640770529877411,0.00717982607689196,0.46243286684305634,-0.09383605517543146,0.4695387235509812,765.6847487542453,5.684571791821592,0.9162025011243011,1110,Yes,10.065479278564453
0.5,0.5,0.05,5,9,-6.620390287030212,0.013876508566034852,0.4791058277460385,-0.008107014525178709,0.528495944317696,750.237848081393,5.635328646223998,0.92637727494339,1080,Yes,9.676939249038696
0.5,0.5,0.1,1,6,-6.623518460345057,0.008824578745182308,0.4611102903211515,-0.14103539330760156,0.40069255229563056,752.5883966424224,5.6917990002887295,0.9102658563426282,1260,Yes,10.803562879562378
0.5,0.5,0.1,2,6,-6.632885410944472,0.006651864588688852,0.460793754659034,-0.11996464365152197,0.40732861369071355,759.6709742675994,5.6927159959408975,0.9247562940947726,1060,Yes,11.001933336257935
0.5,0.5,0.1,3,9,-6.618992585781716,0.018671712607972884,0.48308964243910996,-0.08994884846629804,0.39722750209115415,749.1899721837777,5.675770065538933,0.939506975967891,1060,Yes,9.129619598388672
0.5,0.5,0.1,4,9,-6.608244532679267,0.018934415286371263,0.4849489321193753,-0.05197061560496211,0.4631366124938111,741.1807574140743,5.645278565902776,0.9176101801828612,1060,Yes,9.623432636260986
0.5,0.5,0.1,5,4,-6.62192477711951,0.010180821929066023,0.4748665705092646,-0.11568377513493255,0.46891881913955064,751.3899643533209,5.676101959831298,0.9058241611140636,1070,Yes,9.59353756904602
0.5,0.5,0.5,1,3,-6.586634571318861,0.00823962614423232,0.4590766501749852,-0.13732769603672174,0.4519011204504146,725.3356921292469,5.730483824467979,0.763925908481164,1060,Yes,8.55035948753357
0.5,0.5,0.5,2,4,-6.5878936921170554,0.014852989540903699,0.46767756480440054,-0.10055538215817277,0.4598868339894938,726.2495525945039,5.711958752891819,0.7742890164616709,1140,Yes,9.444299697875977
0.5,0.5,0.5,3,3,-6.581126344010612,0.018300094032642125,0.47633766658274646,-0.127847969000357,0.4735948437315531,721.3513616351288,5.71046397881507,0.721495436623775,1060,Yes,8.786064624786377
0.5,0.5,0.5,4,4,-6.588744572261822,0.007103741503025104,0.4587703390491794,0.003017211886044858,0.4742912960243664,726.8677668947902,5.73879520624649,0.7477653564188462,1060,Yes,8.565449714660645
0.5,0.5,0.5,5,3,-6.591772220194863,0.019215116567539145,0.4828595187422329,-0.17056079774970934,0.4297312830772829,729.0718014234812,5.719419670580866,0.8599505790265892,1060,Yes,8.528976202011108
0.5,0.5,1.0,1,3,-6.590267414633295,0.013247870002793719,0.4779957478664459,-0.1720293033470585,0.457093354291981,727.9755151776094,5.764872580945761,0.8454732660555083,1060,Yes,8.756723165512085
0.5,0.5,1.0,2,3,-6.595482369362933,0.005371804562932148,0.4607443617882066,-0.1962562903627079,0.4469728038496265,731.7817906845675,5.757080684442779,0.8622797100759229,1070,Yes,8.566033601760864
0.5,0.5,1.0,3,4,-6.584244195609025,0.020483793412271266,0.4853966194932707,-0.1439537676954644,0.5336357854609528,723.6039379055087,5.751693105847367,0.908954419440056,1190,Yes,9.502901554107666
0.5,0.5,1.0,4,3,-6.585304482143711,0.008211494227041911,0.461096673011339,-0.1666813127363124,0.4190790600030022,724.3715723016072,5.770694369943222,0.8552048889261904,1060,Yes,8.299758434295654
0.5,0.5,1.0,5,3,-6.589805210122056,0.009678924785609862,0.47448604382587883,-0.17403014903521985,0.41950379923394626,727.6391193582443,5.747102053253382,0.8694744029700644,1060,Yes,8.801451206207275
0.5,0.5,2.0,1,3,-6.598776427502545,0.009303010346656692,0.463164028053187,-0.17463873278372644,0.4429765597829225,734.1962970274476,5.816318943593757,0.8626980031346146,1060,Yes,8.461939334869385
0.5,0.5,2.0,2,3,-6.602223992320089,0.007315040930515357,0.4616353392985122,-0.26590504425070566,0.45993646636786484,736.7318545883635,5.813397658114742,0.8248470698064828,1060,Yes,8.71671724319458
0.5,0.5,2.0,3,3,-6.592582092101182,0.0194669452515144,0.482519247497684,-0.09979202421471661,0.46108271180000354,729.6624953540673,5.804923567517948,0.8619728229819584,1060,Yes,10.272167921066284
0.5,0.5,2.0,4,3,-6.598701840753569,0.00864297982520066,0.46242614604539367,-0.16605867668663207,0.4295953623717127,734.1415377547254,5.809256567036428,0.8487876936014,1080,Yes,11.332611322402954
0.5,0.5,2.0,5,3,-6.592502117436585,0.010498818481866373,0.47519450503200167,-0.1308820984980306,0.43000154626936365,729.6041431741119,5.798723111567105,0.865577909471928,1070,Yes,8.620885133743286
0.5,0.5,5.0,1,2,-6.638831659533743,0.014066691356344866,0.47848851322973474,-0.2684421907793849,0.5162719091397261,764.2016235606295,5.955026129696745,0.7193030530074015,1060,Yes,8.792414903640747
0.5,0.5,5.0,2,2,-6.639240677175393,0.009948631186352828,0.463760639574505,-0.17752817562303813,0.4932003800505331,764.5142594388799,5.95462429493306,0.784418957334538,1060,Yes,8.918485641479492
0.5,0.5,5.0,3,2,-6.63330274192794,0.021189137193036375,0.484668930120363,-0.1693427792953485,0.5078759569260702,759.9880746657107,5.946952647326068,0.7854777421183948,1060,Yes,8.853421688079834
0.5,0.5,5.0,4,2,-6.635960829458329,0.012568688381705845,0.48100209587801895,-0.1765719685253234,0.5056156295182946,762.010876691648,5.959566342771335,0.7811903150519427,1060,Yes,8.886966228485107
0.5,0.5,5.0,5,2,-6.635984470709171,0.013112165437319013,0.47499519783037714,-0.17489815963375097,0.501287557084675,762.0288917948768,5.9443124817937285,0.7863804387296884,1060,Yes,8.93530535697937
0.5,1.0,0.01,1,11,-6.71309003863821,0.016566441159991247,0.46865149269587336,-0.15675127078958398,0.467914510901196,823.1101560133823,5.6219132331704875,0.9165807465715934,1300,Yes,11.466280221939087
0.5,1.0,0.01,2,10,-6.720070113958095,0.0017083714562277246,0.4486603846112503,-0.10251011585259394,0.4740552192350088,828.8756251950058,5.680963706999857,0.9388418716864289,1960,Yes,16.783638954162598
0.5,1.0,0.01,3,10,-6.714820254495768,0.006408333410569053,0.4597144018125808,-0.10586378320494433,0.4311402097607295,824.5355470193012,5.647545290530121,0.9565595205084358,1300,Yes,11.511117219924927
0.5,1.0,0.01,4,18,-6.71326900849872,0.01203001491295787,0.453203436708279,-0.10610751783247593,0.4282668297304949,823.2574811061709,5.580700705379618,0.9538770687228283,1380,Yes,14.106375455856323
0.5,1.0,0.01,5,7,-6.714222591845903,0.0100511033815496,0.4839673730738459,-0.19505956436949218,0.4361338704312761,824.0429001523424,5.681926858561268,0.906036147643301,1290,Yes,11.320773124694824
0.5,1.0,0.05,1,11,-6.652944233232833,0.012706424471260525,0.45627451693426,-0.09631272763622618,0.4779734570284896,775.0629355618728,5.660324196237192,0.9142159792877522,1140,Yes,11.115032196044922
0.5,1.0,0.05,2,10,-6.655438958799266,0.016873069441443005,0.485867229766578,-0.15201397449289644,0.48841669799826887,776.99891875212,5.680515447565665,0.919590744601178,1230,Yes,11.50644040107727
0.5,1.0,0.05,3,7,-6.666666093262722,0.006278609549171326,0.45870770641950165,-0.08431171991420928,0.42170559883472714,785.7715436627856,5.646726900420437,0.9018536911792302,1110,Yes,9.468454360961914
0.5,1.0,0.05,4,10,-6.647028918844482,0.012863089226362779,0.47573694783616455,-0.03404548255559767,0.4851221902261287,770.4917280213658,5.686345466850126,0.9412232831638214,1240,Yes,10.50545620918274
0.5,1.0,0.05,5,11,-6.650991010460064,0.012936400877771537,0.45764338498088897,-0.08161740782230613,0.49145298807400095,773.5505424869272,5.662813231531647,0.9440144971148189,1140,Yes,10.439998865127563
0.5,1.0,0.1,1,5,-6.640057733787869,0.020042922683763162,0.48540680235886624,-0.16348520970216265,0.45154536547130875,765.1391661271929,5.684357010933721,0.8863404743434189,1060,Yes,9.43744421005249
0.5,1.0,0.1,2,6,-6.643241159440695,0.012788566968402833,0.4773920698664407,-0.07071732113694287,0.4577539684971236,767.5788109302288,5.713891289505297,0.865308261703629,1060,Yes,9.393778324127197
0.5,1.0,0.1,3,8,-6.639923762961997,0.00513141268532817,0.457157273689753,-0.0669918929224214,0.468812853188687,765.0366666673217,5.660096003582028,0.9181554814036504,1060,Yes,9.2169189453125
0.5,1.0,0.1,4,6,-6.639578702503722,0.013294673213366127,0.46598816849727137,-0.22735866671996763,0.46533593159511655,764.7727283044893,5.714087937518359,0.8117781196319361,1210,Yes,10.478186845779419
0.5,1.0,0.1,5,10,-6.6473192646884485,0.017108053517111567,0.49648227576476567,-0.07931063563831868,0.4995766376565049,770.7154695720502,5.670848132017918,0.9025625655470935,1400,Yes,12.221179723739624
0.5,1.0,0.5,1,3,-6.592952216365644,0.01642718209729628,0.48299607799326516,-0.129522466059677,0.48468767998692036,729.9326111335843,5.711433198535151,0.7624317558754378,1100,Yes,8.623135328292847
0.5,1.0,0.5,2,4,-6.601746157633571,0.006153170700926359,0.4731779344304462,-0.11045485684205687,0.4786263797710397,736.3799026476983,5.743264238530519,0.7257865999571166,1120,Yes,9.571313381195068
0.5,1.0,0.5,3,3,-6.596556524658433,0.0075829684992831615,0.45969410549041173,-0.22567889971212313,0.4754583595817608,732.5682602898078,5.730453287896323,0.7809004853906408,1060,Yes,9.276272773742676
0.5,1.0,0.5,4,3,-6.598334904398586,0.011245835703396203,0.46404523094008243,-0.29108775633300116,0.47562025466711405,733.8722039520237,5.756805213836667,0.7216554174052104,1060,Yes,9.195252656936646
0.5,1.0,0.5,5,3,-6.59574870924457,0.01631153614736085,0.46944342714883186,-0.13064858603099214,0.4919585382471408,731.976719317565,5.732601609580833,0.6803222745342395,1060,Yes,11.8035888671875
0.5,1.0,1.0,1,3,-6.595620068717633,0.015088746455875757,0.4810804096786618,-0.1347618299262805,0.47332050754123567,731.8825635029427,5.758822757324719,0.7507695636131952,1120,Yes,9.326422929763794
0.5,1.0,1.0,2,4,-6.589860321199268,0.009093747089508209,0.4237818820185972,-0.021850611858664735,0.5046084665451888,727.679221438958,5.784658417710867,0.69131442387421,1120,Yes,8.510525226593018
0.5,1.0,1.0,3,3,-6.58827483426008,0.007801182900252827,0.46250240874024123,-0.2045885736048954,0.45112562947196444,726.526409662947,5.7711997582569134,0.8347084651819632,1080,Yes,8.517551898956299
0.5,1.0,1.0,4,3,-6.59757555389507,0.005999764268446848,0.4584170160092763,-0.2128618793477045,0.4614554896448076,733.3151492510876,5.794244838403938,0.8326565772555184,1060,Yes,8.35590672492981
0.5,1.0,1.0,5,3,-6.602886377620994,0.01307481413383039,0.4746333249921134,-0.19957527600753702,0.4643284220846238,737.2200165973724,5.787186307533401,0.8614260269712268,1070,Yes,8.668282270431519
0.5,1.0,2.0,1,3,-6.601062775647405,0.021221592463243188,0.48624815260620846,-0.18893158966612958,0.48088780776126916,735.8768457968263,5.804740505726736,0.8137792503074625,1130,Yes,9.54653549194336
0.5,1.0,2.0,2,2,-6.605039255709438,0.015257424215722076,0.4770763712049251,-0.2681670103291369,0.5133315475569833,738.8088711088195,5.837968359118266,0.7111653900834501,1060,Yes,8.59328031539917
0.5,1.0,2.0,3,3,-6.603159192672753,0.009071833699205995,0.4627750627932077,-0.19406703510843892,0.47169700104446327,737.4211687517785,5.808330480590051,0.8196077672907645,1080,Yes,9.016196489334106
0.5,1.0,2.0,4,2,-6.601769009706571,0.012121612613088174,0.4656311033864455,-0.27069164307230165,0.5084151449459924,736.3967306472653,5.832857245988288,0.7140339699412989,1080,Yes,8.517661571502686
0.5,1.0,2.0,5,3,-6.609442358850918,0.015574323946090703,0.4318909668966717,-0.12798597067972317,0.44668569865305335,742.0690950540518,5.8563108466593565,0.7882744898667218,1060,Yes,8.683486938476562
0.5,1.0,5.0,1,2,-6.638756291272357,0.018969600379868272,0.4828941750781655,-0.2654453847564926,0.5183914653485094,764.144029183335,5.951293897421813,0.7243583444675501,1060,Yes,8.58580231666565
0.5,1.0,5.0,2,2,-6.643895012025143,0.011680039396055528,0.4551180216051652,-0.17821729929600405,0.48414122228450474,768.0808584341656,5.969838131022298,0.7685847375012367,1060,Yes,8.610637664794922
0.5,1.0,5.0,3,3,-6.6391368683827325,0.009810084880104522,0.46340792653627366,-0.10503828253052563,0.45110639139748654,764.4349002557974,5.958910762760791,0.865893526302629,1060,Yes,8.47548770904541
0.5,1.0,5.0,4,2,-6.647782372851448,0.004970999433577583,0.41330680384968743,-0.2734787117458113,0.47415781045746824,771.0724768574723,5.983854217959343,0.7131902097585897,1060,Yes,8.522101163864136
0.5,1.0,5.0,5,2,-6.646120689624892,0.012408132473212895,0.4551683191614635,-0.27092662678117385,0.5013754334019161,769.7922626060698,5.976207660463771,0.7116336071206701,1060,Yes,8.221696138381958
0.5,2.0,0.01,1,15,-6.716069046727608,0.01239937975856479,0.4806945067218597,-0.04933866043302035,0.4769066567613514,825.5658637971922,5.622553882297214,0.9655955937872162,1320,Yes,12.700103521347046
0.5,2.0,0.01,2,7,-6.733166195538027,0.018376584584695398,0.48187809678563004,-0.10917625269011652,0.4735935992001106,839.8020384388813,5.647268465257601,0.9406863632218112,1210,Yes,10.633297681808472
0.5,2.0,0.01,3,15,-6.721049154636851,0.011538684472298642,0.4648611438022305,-0.09962709694500484,0.48134233885579947,829.6875255265745,5.614262466208112,0.9384257196526544,1900,Yes,16.60269021987915
0.5,2.0,0.01,4,9,-6.737063885280318,0.006922554742099358,0.4596907580823158,-0.24292620800863496,0.4541668876321462,843.0817136558214,5.627973626471992,0.8421833774534951,1100,Yes,11.03053879737854
0.5,2.0,0.01,5,10,-6.72615145846712,0.01690655199885682,0.46858514585670613,-0.11360020388948942,0.4561037410130194,833.931661594379,5.640419032334619,0.9245212577193856,1060,Yes,10.00416350364685
0.5,2.0,0.05,1,10,-6.655751707081139,0.011273464879528676,0.46540365646589216,-0.11176176083942259,0.48197809669129554,777.2419618326487,5.66632892939104,0.9146960503863153,1290,Yes,11.31991720199585
0.5,2.0,0.05,2,10,-6.678575334841112,0.018733633847916785,0.48067804789714264,-0.11415410677580855,0.41213397546228553,795.1854316708539,5.624039922626622,0.9455870837090867,1230,Yes,10.578596830368042
0.5,2.0,0.05,3,7,-6.674042354375113,0.011217741479144956,0.4625597661266271,-0.053758795883026435,0.37172442285901114,791.5890290119554,5.669518720619323,0.9262482802362636,1100,Yes,9.489171743392944
0.5,2.0,0.05,4,5,-6.670025931659548,0.008980124412469669,0.4636516719352802,-0.07332967325654503,0.4751224797646764,788.4160491341172,5.665769215336316,0.8909319441725896,1320,Yes,10.742135286331177
0.5,2.0,0.05,5,6,-6.6779645291188166,0.020762743366665174,0.4851389314753135,-0.13948680834663313,0.45750128054275846,794.6998761640407,5.656084620597659,0.9207685078630333,1560,Yes,12.182341814041138
0.5,2.0,0.1,1,8,-6.625283842545181,0.00948098694633163,0.46243544967057554,-0.1544652331602371,0.40111563906925624,753.9181762411283,5.677541238439011,0.9099519375886983,1090,Yes,9.770337581634521
0.5,2.0,0.1,2,5,-6.643833733089052,0.019068609690924204,0.48306103224780506,-0.13572369475140836,0.4259864459542624,768.0337926984123,5.671951477866277,0.9076956786931208,1540,Yes,12.151608228683472
0.5,2.0,0.1,3,7,-6.639456168499742,0.01205358226246316,0.46402581542614196,-0.059581776023192194,0.4715741179229007,764.6790233810925,5.669826478248699,0.9230837553713079,1100,Yes,12.916285037994385
0.5,2.0,0.1,4,8,-6.621308655122591,0.014323176880735599,0.47616130254908356,-0.03906113178010757,0.4527683737450386,750.9271590549212,5.633197776678321,0.9207861466169395,1530,Yes,12.767176389694214
0.5,2.0,0.1,5,8,-6.645328448725623,0.014521173093172142,0.4856372467265129,-0.12703712203014997,0.4814897400630647,769.1826432062886,5.659817280054951,0.9279962483646892,1180,Yes,10.496507406234741
0.5,2.0,0.5,1,5,-6.60061900832259,0.010363623048379266,0.4659630130834477,-0.14784182214007094,0.5314234842961693,735.5503601447639,5.738074768527526,0.8618471006792832,1100,Yes,9.712458848953247
0.5,2.0,0.5,2,4,-6.608392753437872,0.019242033096252904,0.4807312078782619,-0.2241276237505659,0.4489291056529037,741.2906239302499,5.709365122549244,0.8248588826007156,1210,Yes,10.072201490402222
0.5,2.0,0.5,3,4,-6.61085942787935,0.01008769088082979,0.463171283360714,-0.11422403547560231,0.4443378398335387,743.1214036064446,5.73503634132314,0.889865583148285,1070,Yes,9.018171310424805
0.5,2.0,0.5,4,4,-6.6085020356012185,0.011092298521993322,0.4834961734281343,-0.16312253157878223,0.4450218186895148,741.3716381999279,5.7179499825988875,0.8723875775160099,1110,Yes,9.117088556289673
0.5,2.0,0.5,5,6,-6.598248886587606,0.019511860428475632,0.4885139167368558,-0.06923662628622491,0.47489540882901743,733.8090805864066,5.713286501726238,0.8561707668526766,1080,Yes,9.785375356674194
0.5,2.0,1.0,1,3,-6.597296028573974,0.008570180424614193,0.46193031721027705,-0.17191667695908847,0.4343769858706705,733.110197744431,5.773246515964161,0.8584973107243785,1060,Yes,8.335672855377197
0.5,2.0,1.0,2,3,-6.600799775830035,0.009835531082833701,0.4730880813237719,-0.19078503639026892,0.44858601283016686,735.6833357684417,5.743682583533321,0.8627913565500608,1090,Yes,8.463155746459961
0.5,2.0,1.0,3,3,-6.601463723727237,0.011922358547508258,0.46545166996319537,-0.23504341370646992,0.4814651640806663,736.1719533625941,5.783781747877604,0.8001940254906345,1060,Yes,9.22580337524414
0.5,2.0,1.0,4,3,-6.5987357151177255,0.006612042689343575,0.458002215483692,-0.15120384856500232,0.4441566130694869,734.166406753726,5.75470549040013,0.8240445268023141,1060,Yes,8.126701354980469
0.5,2.0,1.0,5,3,-6.594682902053098,0.010060320189302224,0.47278074738068376,-0.1826934565785442,0.45081107824855565,731.1969888611007,5.756240095871902,0.853185176890581,1070,Yes,8.41480803489685
0.5,2.0,2.0,1,3,-6.603929422861133,0.00967519472239779,0.46410430301680605,-0.20267999501851297,0.47137496289971575,737.9893715929012,5.818798683710837,0.8732244362912679,1060,Yes,8.220956563949585
0.5,2.0,2.0,2,3,-6.602885327483915,0.012113224758345913,0.47462696040747826,-0.1379517839853911,0.4779367681891283,737.2192424157043,5.798396880366299,0.8674064866250388,1060,Yes,8.305921792984009
0.5,2.0,2.0,3,3,-6.615174314062795,0.004895260068951059,0.4247856997426997,-0.20517740951287244,0.4283544369868634,746.3348156514332,5.84916074665948,0.8616251837616571,1060,Yes,8.284829139709473
0.5,2.0,2.0,4,3,-6.608139230106951,0.009036944808986055,0.46248979623331027,-0.27394823713462335,0.4654698280130087,741.1027132829634,5.8043842135606525,0.7463204694093531,1060,Yes,8.99500322341919
0.5,2.0,2.0,5,3,-6.600242021952108,0.02009240913511261,0.48528997474459096,-0.18490503501848446,0.46369392323584596,735.2731199453582,5.804874340414588,0.8636970177334288,1070,Yes,8.683497428894043
0.5,2.0,5.0,1,2,-6.638034989758418,0.012557707266994341,0.46600648591787275,-0.17752817562303813,0.4932003800505331,763.593049673283,5.968747369214593,0.7718391727827892,1060,Yes,8.65310025215149
0.5,2.0,5.0,2,2,-6.637592680604109,0.012934950656416545,0.4749501790480205,-0.26871913108033624,0.5144805277215989,763.2553801599094,5.945873913188787,0.7262581934568669,1090,Yes,8.41926121711731
0.5,2.0,5.0,3,2,-6.642084100264242,0.014757892982448685,0.46781839111735135,-0.17675387783804145,0.4937910563633308,766.691190437137,5.966030073154103,0.7656780398238001,1060,Yes,8.808053970336914
0.5,2.0,5.0,4,3,-6.64484751257749,0.009683920197615966,0.46330529547512894,-0.11080948010078048,0.4470788261029899,768.812804410206,5.950263309344335,0.8869526462951289,1060,Yes,8.401342153549194
0.5,2.0,5.0,5,2,-6.635557040837037,0.010071566445399254,0.47565377676211174,0.010728050765642717,0.47576550846875487,761.7032474831059,5.94291356114432,0.3599302409809933,1060,Yes,8.773616790771484
0.5,5.0,0.01,1,7,-6.738599470333596,0.00768765700468764,0.4615589869373975,-0.1320918890708083,0.44481258196451573,844.3773318453749,5.664504894607594,0.9386294945755308,1310,Yes,11.436357021331787
0.5,5.0,0.01,2,6,-6.717313383800225,0.009616260436866904,0.46394529526714834,-0.08119668524097758,0.4990259247399113,826.5937854152571,5.672087728364351,0.9321065744672191,1370,Yes,11.279892444610596
0.5,5.0,0.01,3,8,-6.75488381280598,0.007718600457598094,0.4612576175717574,-0.13757553586692378,0.4154398480164607,858.240027594752,5.656277114875326,0.9373937765173848,1100,Yes,9.154585599899292
0.5,5.0,0.01,4,6,-6.735005050778771,0.011077215289127848,0.48479169957696167,-0.24268814680011602,0.45993202262031774,841.3477335376684,5.659876515626071,0.8273141101118078,1710,Yes,13.636501789093018
0.5,5.0,0.01,5,8,-6.72415025018881,0.021674508592014446,0.4636108227861829,-0.21129260404176767,0.43309162606609114,832.2644594154582,5.644916444695892,0.8807391456654065,1380,Yes,11.549164772033691
0.5,5.0,0.05,1,8,-6.680416137093135,0.010265990150832639,0.48362802917685754,-0.08683511075083815,0.45216742240652114,796.6505588952753,5.646757158325954,0.954036350503887,1100,Yes,9.778947830200195
0.5,5.0,0.05,2,5,-6.6710564355718605,0.019439785065928226,0.48494727969084334,-0.20670932060504552,0.44979829964000995,789.2289337257199,5.669975698844035,0.899924961850598,1190,Yes,9.97325325012207
0.5,5.0,0.05,3,5,-6.6728345966074,0.007405715839729957,0.46317341166026454,-0.08588793137556984,0.5302197939053169,790.6335583180494,5.672321310698025,0.9302805931036443,1510,Yes,11.13393521308899
0.5,5.0,0.05,4,8,-6.662444404147332,0.007451201224538379,0.46121991015034086,-0.005631743340586347,0.4619602352349581,782.4612529154434,5.652735841526641,0.9187632069986721,1510,Yes,12.19094729423523
0.5,5.0,0.05,5,6,-6.674605168092773,0.020706360403339414,0.4853061287413488,-0.2149721017966087,0.471227287315526,792.0346715713417,5.659651172705852,0.8381733378587439,1060,Yes,9.717264652252197
0.5,5.0,0.1,1,5,-6.6362536682012525,0.012058037804980855,0.4826195071285872,-0.12852803742035765,0.5008706089699546,762.2340556750038,5.664709265168744,0.870527395591453,1280,Yes,10.679757356643677
0.5,5.0,0.1,2,8,-6.628708532831623,0.02170481288717955,0.4852822019170587,-0.10147722506624232,0.48129126546290407,756.5045387134453,5.647967611917004,0.9032703085051589,1120,Yes,9.952783346176147
0.5,5.0,0.1,3,9,-6.657342964074906,0.006754753932838077,0.4646438761767639,0.001087132795470919,0.5229981491578592,778.4797380891456,5.665166784775548,0.9350827642166417,1230,Yes,10.317353963851929
0.5,5.0,0.1,4,3,-6.657101655427859,0.006879693119478304,0.45965381638240893,-0.245316166284523,0.45091035058614004,778.2919068603547,5.684345906598068,0.8068611539330229,1310,Yes,10.477720260620117
0.5,5.0,0.1,5,6,-6.64902492963132,0.0200045643325941,0.48310998898012486,-0.10689252639437773,0.4176794044135831,772.0311736856384,5.657277055566172,0.900703304334656,1080,Yes,9.501233339309692
0.5,5.0,0.5,1,3,-6.6020950847371305,0.008981977140696758,0.4633880931316232,-0.19517650047805404,0.4589682243840651,736.6368903866345,5.73864018832584,0.8646765632222057,1110,Yes,8.825273990631104
0.5,5.0,0.5,2,4,-6.60253764757909,0.006363446077814907,0.4601606818330531,-0.1383245416510638,0.44023307999914146,736.9629706525185,5.73408470460704,0.8374938623276442,1320,Yes,10.479416131973267
0.5,5.0,0.5,3,4,-6.598744792071745,0.009604912268990235,0.4617769952761621,-0.13718550466453855,0.43943661584895094,734.1730707786874,5.707192942368183,0.8611565713507453,1090,Yes,9.171183824539185
0.5,5.0,0.5,4,4,-6.613719508869766,0.007373313677070143,0.45988355884802784,-0.15023092557900547,0.4148346008445552,745.2498332962272,5.720576982185417,0.8984523050920885,1210,Yes,9.628364324569702
0.5,5.0,0.5,5,4,-6.611501564748696,0.01874781574749938,0.4836919456587766,-0.16083846142783892,0.44943253532138244,743.5987425001498,5.713835962151426,0.8263945780288786,1130,Yes,9.644719362258911
0.5,5.0,1.0,1,3,-6.600780197586921,0.008703073353443938,0.4626509288718492,-0.18522859515998927,0.4369994411983856,735.6689325222349,5.7611872737583125,0.8767617907868871,1070,Yes,8.606202840805054
0.5,5.0,1.0,2,3,-6.59768747777088,0.008702833009391689,0.4610321731103311,-0.14693001604798286,0.45004375875185826,733.3972293180559,5.766645809244044,0.8190574150814127,1060,Yes,8.135401964187622
0.5,5.0,1.0,3,3,-6.610214402224127,0.010507342224735887,0.4853846589645182,-0.20025702093395353,0.4770683861705952,742.642225793778,5.74707066222534,0.8688668168272832,1090,Yes,8.464488983154297
0.5,5.0,1.0,4,3,-6.600804503982578,0.012364194677457103,0.48513337230589926,-0.1731157172381171,0.44008604169677007,735.6868141996994,5.752628442513538,0.8617240029312224,1110,Yes,9.03000283241272
0.5,5.0,1.0,5,3,-6.596391760740786,0.01964722558553402,0.4841859314830684,-0.24589116264487737,0.4713682175654551,732.4475694163219,5.751448566709729,0.8058352981193371,1180,Yes,9.804481744766235
0.5,5.0,2.0,1,3,-6.603557409897268,0.010865439096850104,0.4643184963055176,-0.10503828253052563,0.4511063913974865,737.7148810396617,5.817580982062142,0.8560616034081336,1060,Yes,8.708363771438599
0.5,5.0,2.0,2,4,-6.604458464665531,0.011764092535513561,0.4743716392694957,-0.13403912097589302,0.4725303991507829,738.3799021160532,5.795867498542475,0.8946822612701073,1060,Yes,8.824365139007568
0.5,5.0,2.0,3,2,-6.60922645117096,0.007907131778034114,0.46068510320757317,-0.17844049522729769,0.49151444899224783,741.9088939323183,5.806358912093513,0.7941343296056136,1060,Yes,8.75391435623169
0.5,5.0,2.0,4,3,-6.60396192417245,0.012207878670482291,0.48537733443253495,-0.1768409026396863,0.4743290558402183,738.0133576050023,5.80983588976735,0.881824715449234,1100,Yes,8.653719902038574
0.5,5.0,2.0,5,3,-6.60926530148358,0.019591676168768963,0.48420904793228803,-0.19235263820906437,0.46918308664328784,741.9377178846895,5.794392409743138,0.8891761435785589,1060,Yes,8.62421727180481
0.5,5.0,5.0,1,2,-6.6387941662149474,0.012479222817639949,0.481017097160424,-0.1765719685253234,0.5056156295182945,764.1729716426645,5.95998082918369,0.7734699021114858,1060,Yes,8.84992265701294
0.5,5.0,5.0,2,2,-6.6390742757491195,0.012104366805707242,0.4656162585018014,-0.17752817562303813,0.4932003800505331,764.3870537595994,5.9674963894956585,0.7717489882501004,1080,Yes,8.678401470184326
0.5,5.0,5.0,3,2,-6.645869390828333,0.011440719125608682,0.48119122993794067,-0.1765719685253234,0.5056156295182945,769.5988390414485,5.947465158886677,0.7963335488263091,1060,Yes,9.01124119758606
0.5,5.0,5.0,4,3,-6.641076148428712,0.015030266983845304,0.4783357092135601,0.04634224148988545,0.4272643942441701,765.9187919800669,5.955090596058111,0.7115111312927409,1060,Yes,8.821890830993652
0.5,5.0,5.0,5,2,-6.639604658002235,0.0209467930876578,0.48491775357414574,-0.1693427792953485,0.5078759569260702,764.792578619513,5.942856853128054,0.7762020839287382,1100,Yes,8.58649754524231
1.0,0.01,0.01,1,4,-6.670133529475669,0.016371781713526715,0.486436437675234,-0.06974561477073653,0.44037783420960447,788.5008855432237,5.6918932376957425,0.9045189858258942,1060,Yes,8.77408242225647
1.0,0.01,0.01,2,4,-6.669751988558103,0.015688901959903002,0.48640008126812,-0.110272207111265,0.4209793686697358,788.2000975769586,5.695686226062839,0.9092983830515642,1060,Yes,8.97252607345581
1.0,0.01,0.01,3,5,-6.675192932665655,0.012775051240585762,0.46739554442913667,-0.1347817561926376,0.467884936886266,792.5003383295909,5.694329609721214,0.902189885964722,1060,Yes,10.121478796005249
1.0,0.01,0.01,4,4,-6.695307170554973,0.007878508292133081,0.4841937258731287,-0.10179578621271912,0.455487795969319,808.6022748766377,5.732188048147121,0.8902567699230947,1060,Yes,9.18991732597351
1.0,0.01,0.01,5,4,-6.67594446575558,0.004491948669352288,0.45961242078159287,-0.09750229010970073,0.41358338611897577,793.0961524165805,5.692712645640244,0.9010810314009188,1060,Yes,9.738045692443848
1.0,0.01,0.05,1,4,-6.618908327138637,0.019952068014333146,0.48540802937523553,-0.13558818488296095,0.430809643383293,749.1268491126829,5.695631025343552,0.887144535677678,1060,Yes,9.455702781677246
1.0,0.01,0.05,2,4,-6.61960442890254,0.01983887172870062,0.4851924834020264,-0.05738685047450531,0.3508787813170114,749.6484991734367,5.697148783394016,0.8138724864160959,1060,Yes,8.94625735282898
1.0,0.01,0.05,3,5,-6.618765074785157,0.01615663445766522,0.4862716810721206,0.031523965975492785,0.43079884718956285,749.0195426146302,5.694768939907132,0.8710116359765413,1060,Yes,9.77155351638794
1.0,0.01,0.05,4,4,-6.621429417814023,0.016800060251533428,0.4677097844531232,-0.14107037143907486,0.4237830318778409,751.0178485155599,5.698309010583369,0.8755920735720517,1060,Yes,9.033321142196655
1.0,0.01,0.05,5,4,-6.626745307416524,0.005960886677862799,0.46014179811801853,-0.044380842692715215,0.39140259161059454,755.0208067031579,5.697259174501658,0.8189733058344958,1060,Yes,9.076733827590942
1.0,0.01,0.1,1,4,-6.599718580333916,0.020035425213807447,0.48529650790469087,-0.13558818488296098,0.430809643383293,734.8883481052236,5.701713798488088,0.8899805875326615,1060,Yes,9.299433708190918
1.0,0.01,0.1,2,3,-6.600793016476618,0.02034493619568477,0.4854906664735305,-0.14410546323869547,0.4382308042622544,735.6783630415782,5.703804005583753,0.8508097748482358,1060,Yes,8.468491315841675
1.0,0.01,0.1,3,5,-6.599493591619705,0.0156320672415694,0.48524752499845275,-0.10408098543690554,0.4189324566977537,734.723025119295,5.697520674931602,0.9080226103907303,1060,Yes,9.289045810699463
1.0,0.01,0.1,4,5,-6.600700226560502,0.016000941797480434,0.4863927819657905,0.031523965975492785,0.43079884718956285,735.610102674969,5.703683960957468,0.877538618448636,1060,Yes,9.341308832168579
1.0,0.01,0.1,5,4,-6.607345338443423,0.004927788073387732,0.460054086752996,-0.049033665211378905,0.38260801636264063,740.5145915004497,5.707231348876909,0.8335074547807743,1060,Yes,8.565128803253174
1.0,0.01,0.5,1,3,-6.572754667797788,0.02042284191037874,0.4854843290091605,-0.15061798022538334,0.47700714641873193,715.3376491492511,5.723141615069589,0.8267166780776068,1060,Yes,8.74763298034668
1.0,0.01,0.5,2,3,-6.573358525072736,0.021417114222769033,0.4859029009069871,-0.09987446749478623,0.45871928838699233,715.7697414406408,5.722212907935327,0.8501670414884505,1060,Yes,8.697673559188843
1.0,0.01,0.5,3,3,-6.5441584718609205,0.014329337282295958,0.4783480838720347,-0.20603947291698818,0.5080413854029671,695.1714264140711,5.695104490163696,0.7644635760331783,1060,Yes,9.117856740951538
1.0,0.01,0.5,4,3,-6.545047342411928,0.014330940857403565,0.47834460535669837,-0.2633965683341722,0.5157110611078676,695.7896185285931,5.692446713234783,0.7071934843300942,1060,Yes,9.295703649520874
1.0,0.01,0.5,5,3,-6.579032452896957,0.006630618527785305,0.4590210878287459,-0.14414803998838793,0.4492120758299349,719.842510665278,5.7352416708586516,0.8474679253318489,1060,Yes,8.998647689819336
1.0,0.01,1.0,1,3,-6.572870342397509,0.018790308369681236,0.4821890712110859,-0.14198750248888864,0.44590564273660854,715.420400331494,5.74999330234694,0.845850443190708,1060,Yes,8.582830905914307
1.0,0.01,1.0,2,2,-6.573187867551627,0.019097076743446136,0.4828265349392007,-0.2654453847564926,0.5183914653485096,715.6476003733238,5.746615535247354,0.7261787912046153,1060,Yes,8.648316621780396
1.0,0.01,1.0,3,3,-6.573375690018315,0.020737463157653412,0.48513339702259456,-0.13853943289683934,0.4633093456162418,715.7820276947457,5.760543035055938,0.8585287666506615,1060,Yes,8.844084024429321
1.0,0.01,1.0,4,3,-6.557297907023091,0.011629984101692433,0.45687643806658684,-0.13124645358001055,0.48342221449765377,704.365858841903,5.734397375447403,0.6687418531721346,1060,Yes,8.740708351135254
1.0,0.01,1.0,5,3,-6.578841164697605,0.008710847345314016,0.46219328540218557,-0.1434638002851933,0.45047652412364897,719.7048264566976,5.763484391510231,0.8475806706794646,1060,Yes,8.59920334815979
1.0,0.01,2.0,1,2,-6.584899218438184,0.019242726116191704,0.4827492520332866,-0.17053316453529277,0.5065021405872225,724.0780702709155,5.801762623244723,0.7852420678951096,1060,Yes,9.313720226287842
1.0,0.01,2.0,2,2,-6.585030974773566,0.019097076743446136,0.4828265349392007,-0.17053316453529277,0.5065021405872225,724.1734784291612,5.8016764624364185,0.7782005393805184,1060,Yes,9.187843322753906
1.0,0.01,2.0,3,3,-6.5852235969209865,0.018860178720444067,0.48250809559338653,-0.1489114957877927,0.46035802436902046,724.312983715154,5.800708489194153,0.8606587156454348,1060,Yes,8.675998449325562
1.0,0.01,2.0,4,2,-6.584970426799968,0.019032343688892547,0.4828608828973847,-0.17053316453529277,0.5065021405872225,724.1296325199131,5.800705856893892,0.7853414454522106,1060,Yes,9.190025329589844
1.0,0.01,2.0,5,2,-6.590676675887795,0.009592922965016772,0.4634544522562735,-0.27069164307230165,0.5084151449459924,728.2735083245616,5.815545224025808,0.7290007947987073,1060,Yes,8.930716037750244
1.0,0.01,5.0,1,2,-6.629987699556787,0.013326205087941653,0.4784845320955101,-0.17452890589914918,0.5036760656421779,757.4728533326879,5.946174131684171,0.7858398120517979,1060,Yes,8.79598879814148
1.0,0.01,5.0,2,2,-6.630102750453622,0.01361161735413561,0.47848606657979376,-0.17452890589914918,0.503676065642178,757.5600062772083,5.945964627839214,0.7858974803914895,1060,Yes,9.285384178161621
1.0,0.01,5.0,3,2,-6.630349602991701,0.02108935542682682,0.4847713796668623,-0.1693427792953485,0.5078759569260702,757.7470349708091,5.9473792046984775,0.793870789779994,1060,Yes,9.125863075256348
1.0,0.01,5.0,4,2,-6.630104445725983,0.012981249247251497,0.4749619405172027,-0.17489815963375097,0.501287557084675,757.5612905488372,5.944320651093169,0.786178136599666,1060,Yes,8.435601472854614
1.0,0.01,5.0,5,2,-6.635270952608304,0.010803077158583148,0.4644961314892777,-0.27069164307230165,0.5084151449459924,761.4853643186032,5.958821624224445,0.7250266376028532,1060,Yes,8.400333166122437
1.0,0.05,0.01,1,4,-6.6745145850583585,0.015302796204269546,0.4865090399374766,-0.19117176831748062,0.4576089294008489,791.9629299167666,5.692661897502089,0.8642355956662868,1060,Yes,8.779317617416382
1.0,0.05,0.01,2,4,-6.676126338265947,0.01709611715173198,0.4687067515534149,-0.1791263069677295,0.4463405208271583,793.2404079224405,5.694155876712991,0.8687182866155858,1080,Yes,9.306957244873047
1.0,0.05,0.01,3,4,-6.672838723033719,0.017164149270775513,0.4690678923483428,-0.23868902195623462,0.48316316803351217,790.6368208159042,5.688025538958556,0.8049509427125793,1060,Yes,9.629144668579102
1.0,0.05,0.01,4,5,-6.671775379290352,0.015933173744547814,0.48609908920399597,-0.07081007890235999,0.4266176245492043,789.7965489273168,5.6887430541965935,0.9168826607850528,1060,Yes,9.62661600112915
1.0,0.05,0.01,5,5,-6.65023728452069,0.011238666664322099,0.4959164941576958,-0.11837951468374586,0.4725543769495684,772.9677170505547,5.74769670875142,0.9133515589429464,1060,Yes,9.777699947357178
1.0,0.05,0.05,1,4,-6.622350676942904,0.015617254407612078,0.48591498826432716,-0.14189180434686915,0.4331646303360433,751.7100493636756,5.697891671295624,0.8862866048243637,1060,Yes,9.222882986068726
1.0,0.05,0.05,2,3,-6.622041451237708,0.02070461425541943,0.48626130467698936,-0.14683627014296133,0.45031173641567707,751.4776372293129,5.69828589337413,0.8336051024654578,1060,Yes,8.726279020309448
1.0,0.05,0.05,3,4,-6.625307089543095,0.019520659800699006,0.48535626662115855,-0.13464987333202388,0.44873699900706454,753.9357027791178,5.687862773160653,0.9001717933683441,1060,Yes,9.14765214920044
1.0,0.05,0.05,4,4,-6.621989917394205,0.020878509189629035,0.48563436241710434,-0.17462413749246541,0.48951489629212813,751.4389116962064,5.697100972941087,0.8471812228666492,1100,Yes,9.415800333023071
1.0,0.05,0.05,5,5,-6.615768548615082,0.011491161883318243,0.49574657629356206,-0.06353503304134712,0.43028042154793517,746.7784453834715,5.748780479367608,0.9329901129846491,1060,Yes,9.311711549758911
1.0,0.05,0.1,1,7,-6.603644492486779,0.017045388825753603,0.48440747627033687,-0.11152888142320326,0.4540131911272074,737.7791259590905,5.681910688465458,0.8866112710860855,1060,Yes,9.907421588897705
1.0,0.05,0.1,2,4,-6.6035967088026055,0.019136072123804856,0.4841629325983005,-0.245880618906445,0.4385101796616849,737.7438729966104,5.69805372736001,0.8619957968007441,1060,Yes,9.352599143981934
1.0,0.05,0.1,3,5,-6.604993485568943,0.014856765728881461,0.48518824006323447,-0.15588135105353604,0.4030754280480926,738.7750564968452,5.700731821232653,0.9220345717847045,1060,Yes,9.329416513442993
1.0,0.05,0.1,4,6,-6.600481074027116,0.018033482226348475,0.48561598014767277,-0.04393624914505346,0.4360890336170611,735.448909520973,5.695359394251324,0.8915829048122499,1060,Yes,9.624929189682007
1.0,0.05,0.1,5,4,-6.6095270612614145,0.006066920281701492,0.46146757426164847,-0.1422516181287377,0.4433624903086928,742.1319527572196,5.71358102355257,0.876427463189895,1060,Yes,9.214157104492188
1.0,0.05,0.5,1,4,-6.558388651765396,0.010402948039816,0.4556592263706369,-0.10387528936756449,0.4698054618802237,705.134561351993,5.698944190190362,0.6679163242902223,1060,Yes,9.157923221588135
1.0,0.05,0.5,2,3,-6.575789578047466,0.018555375892481178,0.4830023634896945,-0.1898700284557917,0.4796780573664769,717.5119324210428,5.72728000537099,0.8163573151556456,1060,Yes,9.297182559967041
1.0,0.05,0.5,3,3,-6.5774719839067135,0.020134967980476367,0.48524122038312895,-0.14250330656687002,0.45526273120026567,718.7200947249231,5.728681680394932,0.8487132007302564,1060,Yes,8.370686531066895
1.0,0.05,0.5,4,4,-6.563006062284801,0.014517306723185157,0.4832039882516654,-0.16040195348833053,0.4783196626192123,708.3979855797094,5.713295788658953,0.8031735868031817,1060,Yes,9.827003479003906
1.0,0.05,0.5,5,4,-6.5548002063136686,0.01564682633007193,0.47497036583540514,-0.07406964987769432,0.4509541302384802,702.6087590048093,5.695282442364849,0.8343653031725671,1100,Yes,9.268984079360962
1.0,0.05,1.0,1,3,-6.575200386303161,0.01911385784251455,0.48466171244392064,-0.18962196994621958,0.45879161447108247,717.0893048305895,5.754469571244954,0.8412584952585767,1060,Yes,8.675824642181396
1.0,0.05,1.0,2,3,-6.575894436992049,0.020715143227922426,0.48492992272624413,-0.238246013830759,0.45526594264568176,717.5871739098045,5.7535050194289825,0.8099680880035726,1060,Yes,8.997174263000488
1.0,0.05,1.0,3,3,-6.576720168246575,0.021165797552536395,0.4854598596992229,-0.12938918274100822,0.4583343154310938,718.1799527714841,5.75129682338353,0.8445348664647216,1060,Yes,8.817724704742432
1.0,0.05,1.0,4,3,-6.564198026897704,0.014697952178879948,0.48898511361631347,-0.13017873396930313,0.5088853676138956,709.242874349096,5.752409215289427,0.7149243203752301,1060,Yes,8.740692377090454
1.0,0.05,1.0,5,3,-6.580940872548807,0.0077386744475644855,0.4623856334789998,-0.13955600400401225,0.4485297743159348,721.2175839499663,5.770849614527829,0.8479438570070658,1060,Yes,8.959550857543945
1.0,0.05,2.0,1,2,-6.586712233488979,0.019008360458845536,0.482873608621336,-0.17053316453529277,0.5065021405872224,725.3920254606178,5.801999334265463,0.7834866566363106,1060,Yes,9.273150205612183
1.0,0.05,2.0,2,2,-6.586373065997426,0.02105812058987179,0.48480344960311006,-0.1693427792953485,0.5078759569260703,725.1460377848197,5.800080875191147,0.7859505384776705,1060,Yes,8.91191554069519
1.0,0.05,2.0,3,3,-6.58704010839531,0.020676541220627728,0.48468916939265927,-0.2287935321584648,0.4851926099868539,725.6299022978106,5.7998275213388535,0.8186554892346848,1060,Yes,9.422739505767822
1.0,0.05,2.0,4,2,-6.585945850909357,0.021552365890163332,0.48585892368268163,-0.26427233626941493,0.5199036533419998,724.8363106211938,5.79997449951271,0.7263003411561332,1060,Yes,8.933307647705078
1.0,0.05,2.0,5,2,-6.592055919097107,0.010037819551630706,0.44809423488723665,-0.1773341784101211,0.4822901053974787,729.2786676356734,5.81856743609529,0.7905166706648824,1060,Yes,9.30171799659729
1.0,0.05,5.0,1,2,-6.631885395366286,0.01074495303959337,0.4757683851862277,-0.1762419812962689,0.5018634855232934,758.9116711797714,5.94670060761797,0.7854537604119537,1060,Yes,9.176785945892334
1.0,0.05,5.0,2,2,-6.6313241330369985,0.021158030868013187,0.4847008681087646,-0.1693427792953485,0.5078759569260703,758.485842159554,5.946818580018645,0.7942572797712385,1060,Yes,9.470815896987915
1.0,0.05,5.0,3,2,-6.632176242639282,0.013247360180632061,0.47502954204644077,-0.17489815963375097,0.501287557084675,759.1324306718709,5.94570166240373,0.786203148103407,1060,Yes,8.468475580215454
1.0,0.05,5.0,4,2,-6.631833073923192,0.02150122147778673,0.48592574084750867,-0.16896909988585587,0.5085183912452096,758.8719648647095,5.947440928672389,0.7852835133813825,1060,Yes,8.676256895065308
1.0,0.05,5.0,5,2,-6.636178725641088,0.011786327440855834,0.4653424958660936,-0.17752817562303813,0.4932003800505331,762.1769340438741,5.961104579701734,0.7710189277496801,1060,Yes,8.913297414779663
1.0,0.1,0.01,1,4,-6.678427733919253,0.017729929928680683,0.4827047481220646,-0.2351243138071717,0.5313561157440841,795.0680702296319,5.682041266117443,0.806372905229909,1060,Yes,9.429672002792358
1.0,0.1,0.01,2,4,-6.6753644562908345,0.01636118297721365,0.4862179672836843,-0.30002602268332346,0.5108132708233689,792.6362825190641,5.691386107741945,0.6933895076557547,1100,Yes,10.021246671676636
1.0,0.1,0.01,3,4,-6.676922411107818,0.016725623005351697,0.4671000656610607,-0.15692421627507994,0.407879505195504,793.8721364858767,5.6824592555847575,0.9130948124286759,1060,Yes,9.362038850784302
1.0,0.1,0.01,4,7,-6.675245437924307,0.016616369843148644,0.46736428931227547,-0.09927989427373583,0.3939217433023159,792.5419498572392,5.6740506092936505,0.9373318452666953,1060,Yes,9.240054845809937
1.0,0.1,0.01,5,5,-6.684102159577335,0.0001415743943155602,0.4525864898201729,-0.12871128355777248,0.3680572523212424,799.5924493737418,5.6905630571657495,0.9361905712953047,1060,Yes,9.3574960231781
1.0,0.1,0.05,1,5,-6.623658506215016,0.02014039455583976,0.4849235071290092,-0.1098131794866835,0.46380951762860523,752.6938009196961,5.685864544847287,0.9061460586665505,1060,Yes,9.474441766738892
1.0,0.1,0.05,2,8,-6.625046534004248,0.009878311459978925,0.49073255991315556,-0.07000255878835904,0.44636709566731014,753.7392862456435,5.7352179158929815,0.9398271552219618,1060,Yes,9.646510601043701
1.0,0.1,0.05,3,4,-6.624481098133114,0.015296865889704593,0.48592250737307513,-0.20057464574918107,0.45960360268041783,753.3132154849151,5.694656624358166,0.8568671308495337,1060,Yes,9.1298987865448
1.0,0.1,0.05,4,6,-6.620348789098386,0.020472899141648373,0.48532113295080115,-0.07927065956175845,0.4321804709464732,750.2067154082954,5.684035383962676,0.8813298648767471,1060,Yes,9.58073091506958
1.0,0.1,0.05,5,3,-6.631172188351989,0.00149131516466398,0.4541553572785397,-0.15664518355303264,0.43410581092827544,758.3706030223921,5.699382641090911,0.8518414291324327,1060,Yes,8.582928895950317
1.0,0.1,0.1,1,6,-6.604583529393469,0.019898242724477135,0.48596384122071756,-0.10379170793830185,0.47574534395184453,738.4722531724359,5.683430838654488,0.8920526458687403,1060,Yes,9.336703538894653
1.0,0.1,0.1,2,7,-6.603664904978635,0.00825970283300271,0.48396186140961844,-0.17345880672518404,0.45998978548011477,737.7941860231967,5.732299680748061,0.884383817424133,1060,Yes,9.900497674942017
1.0,0.1,0.1,3,5,-6.608542860231253,0.020874928258757464,0.4859980014200905,0.01058738012865327,0.4747381957155768,741.4019050405878,5.6889018591841625,0.8750516216396644,1080,Yes,9.712414979934692
1.0,0.1,0.1,4,7,-6.607461717694631,0.01779585250663663,0.4685344048444638,-0.07572589855030348,0.4256614763319583,740.6007770491243,5.679674294566401,0.8953338397115989,1060,Yes,9.494803667068481
1.0,0.1,0.1,5,6,-6.610976630701433,0.001845211131734043,0.4549903481912278,-0.11836695641202463,0.42769265289344965,743.2085046362412,5.700527431326457,0.9139994418262322,1060,Yes,9.67786431312561
1.0,0.1,0.5,1,4,-6.569317808418877,0.019016983793348794,0.48956338934878524,-0.08771175060028583,0.5251863030900615,712.8833541898531,5.711859180460305,0.7725898717086338,1060,Yes,9.036251544952393
1.0,0.1,0.5,2,3,-6.564754371470671,0.010728192955663666,0.476222672443664,-0.21585500485582115,0.5069312579827996,709.637567555687,5.713017956398317,0.6932065872158892,1060,Yes,9.519260168075562
1.0,0.1,0.5,3,3,-6.580664987659547,0.02159366771241963,0.4859860124665176,-0.11804357923711536,0.5008831551047168,721.0186383609881,5.717394077156011,0.8118308686739288,1090,Yes,9.0009286403656
1.0,0.1,0.5,4,4,-6.572294592281058,0.018816711639379397,0.47136913611897746,-0.1259449451030259,0.41116202331772483,715.0086155066477,5.710598295022818,0.7280082025301134,1060,Yes,9.509441137313843
1.0,0.1,0.5,5,4,-6.569636599566676,0.007189615410327419,0.4481086928726832,-0.18751635641250672,0.4754957530647122,713.1106513208142,5.712672548830132,0.7902152009550807,1070,Yes,9.358957767486572
1.0,0.1,1.0,1,2,-6.578143116056026,0.021716306285428737,0.48564474520446205,-0.16896909988585587,0.5085183912452096,719.2026127854302,5.751125222356893,0.7860941864291839,1060,Yes,8.938623189926147
1.0,0.1,1.0,2,4,-6.568346427908128,0.016609597445265772,0.4723672798775575,-0.08566849209976482,0.5039713438964774,712.1912094155524,5.753108865027084,0.7544308254904362,1060,Yes,9.412507057189941
1.0,0.1,1.0,3,3,-6.568661110931377,0.015451139759196129,0.4766412960177277,-0.1305528594017519,0.4893704769780352,712.4153591646733,5.750909521077973,0.6679074334875251,1060,Yes,8.535855531692505
1.0,0.1,1.0,4,3,-6.577315740245927,0.018933972881549976,0.48360095803191877,-0.1741551999659517,0.4458903065492064,718.6078080385126,5.759564112418291,0.8395579176057932,1060,Yes,8.839095830917358
1.0,0.1,1.0,5,3,-6.582004787116867,0.007920898269214074,0.46272398564140826,-0.165762895722071,0.44044227179989137,721.9853061672809,5.7636391379088225,0.8508908185039333,1060,Yes,9.12409520149231
1.0,0.1,2.0,1,2,-6.59112534097113,0.02172203112573093,0.48563726603752466,-0.16896909988585587,0.5085183912452096,728.6003325306874,5.803965794649451,0.7861552409489133,1060,Yes,9.179739236831665
1.0,0.1,2.0,2,3,-6.603700482970289,0.0028402553150231676,0.4646606017951017,-0.22797844991506785,0.4469396641160088,737.8204357255427,5.855241577891279,0.8634341684533448,1060,Yes,8.78626537322998
1.0,0.1,2.0,3,2,-6.589464225885627,0.02124108171631087,0.4862655981361721,-0.26427233626941493,0.5199036533419998,727.3910481853176,5.800571259565997,0.7208684059493516,1060,Yes,8.957550764083862
1.0,0.1,2.0,4,3,-6.589238712225704,0.021381914123731187,0.4851094084016723,-0.16342515720441195,0.4394715513981428,727.2270300627048,5.802399321736737,0.8645695765956315,1060,Yes,8.847421407699585
1.0,0.1,2.0,5,2,-6.592799272142736,0.009762107755723913,0.4636000835187661,-0.17752817562303813,0.4932003800505331,729.8209806944324,5.814646330995446,0.7925202813726453,1060,Yes,9.00502610206604
1.0,0.1,5.0,1,2,-6.632500459008863,0.012714161087583558,0.4748940907381442,-0.17489815963375097,0.501287557084675,759.3785937354656,5.947320256236928,0.7855313033346812,1060,Yes,8.727989673614502
1.0,0.1,5.0,2,2,-6.631891402039122,0.01922654285255331,0.4827578390228327,-0.17053316453529277,0.5065021405872225,758.9162297275827,5.949099613829902,0.7853802805149327,1060,Yes,8.652504682540894
1.0,0.1,5.0,3,2,-6.640165353956992,0.0186688619209319,0.48305374968936093,-0.17053316453529277,0.5065021405872224,765.2215149647726,5.95532914644474,0.7811619567228414,1060,Yes,8.63205361366272
1.0,0.1,5.0,4,2,-6.6320312945286295,0.013367131477478353,0.47505996816506274,-0.17489815963375097,0.501287557084675,759.0224038345935,5.947178400144957,0.794394339870473,1060,Yes,9.308786392211914
1.0,0.1,5.0,5,2,-6.632359251642931,0.02160903721756258,0.48578488592864677,-0.16896909988585587,0.5085183912452096,759.2713714549647,5.948219590873413,0.7851644203999045,1060,Yes,8.982773065567017
1.0,0.5,0.01,1,7,-6.698978147324576,0.008565090338341094,0.4632264885146093,-0.10318912050453319,0.49266381356160227,811.5760901072608,5.667207822828188,0.9556547223946427,1100,Yes,9.181297779083252
1.0,0.5,0.01,2,7,-6.702369686038473,0.007157055447977143,0.4608804240022658,-0.14441184992281328,0.41761560933112296,814.3332547085112,5.669691345557056,0.9284221249613187,1120,Yes,10.294010877609253
1.0,0.5,0.01,3,11,-6.6994055973150655,0.019676371506384287,0.4654452461973243,-0.0975913905601871,0.38062089181722975,811.9230724527756,5.640368851167316,0.9583624074019077,1190,Yes,11.203104496002197
1.0,0.5,0.01,4,9,-6.664509517610966,0.012219918032232687,0.4756104331405919,-0.12834717130294385,0.46627374424559864,784.0787938114927,5.631907759809721,0.9444606900366816,1110,Yes,10.628063678741455
1.0,0.5,0.01,5,9,-6.701869954624295,0.02052485709247962,0.48466314330405114,-0.10818979716257116,0.4321405367342086,813.9264084649142,5.627528882183694,0.9484941965420185,1280,Yes,12.072875261306763
1.0,0.5,0.05,1,6,-6.643589103757594,0.008031220147669861,0.46217920121225936,-0.09402652486755456,0.5309606182542351,767.8459320842128,5.686031713280398,0.94508830807048,1060,Yes,9.341854810714722
1.0,0.5,0.05,2,10,-6.625421414641807,0.010881421964502702,0.47439077600976376,-0.07700961116303336,0.44101234576508097,754.0219014800044,5.63809352819288,0.9350988930100496,1180,Yes,11.029065608978271
1.0,0.5,0.05,3,7,-6.62160908937547,0.021820946558863918,0.4881336124787164,-0.06417043077325622,0.4977319152866885,751.1527971879333,5.6474166881231875,0.930971425578519,1120,Yes,9.831156015396118
1.0,0.5,0.05,4,7,-6.616561051003746,0.0125662719155684,0.47651034272682924,-0.17661367019490032,0.4765317442899617,747.3705036580516,5.639563314896671,0.8958802732183054,1070,Yes,9.93653416633606
1.0,0.5,0.05,5,9,-6.619597088564612,0.010164536109363654,0.47688330409201896,-0.08004576138490033,0.4599634732246525,749.6429965203214,5.622293322539332,0.9179188320022956,1100,Yes,10.685685396194458
1.0,0.5,0.1,1,5,-6.622719868592443,0.007728268372319216,0.4616018085503128,-0.19578608629191274,0.4399971379444703,751.98762567305,5.700049641050938,0.8911368168359148,1090,Yes,9.846998691558838
1.0,0.5,0.1,2,6,-6.634695853968638,0.005140812101797017,0.4579440147229732,-0.1901048818619049,0.4201928469957972,761.0475610235644,5.675984574193074,0.8818231518004732,1060,Yes,9.224068641662598
1.0,0.5,0.1,3,7,-6.62131717881129,0.021127388643961815,0.4643799635428111,-0.14150118173395576,0.4137792568698302,750.9335597515392,5.672222779801146,0.9092231445347032,1200,Yes,11.024037599563599
1.0,0.5,0.1,4,4,-6.6240020033083375,0.008020610660148414,0.46182212453411126,-0.1886222283998419,0.4752092834432191,752.9523934628237,5.692168234011798,0.8567522399736017,1110,Yes,9.857182264328003
1.0,0.5,0.1,5,7,-6.596251242415238,0.013061269845454766,0.47535956585876704,-0.08673603837125128,0.4476197282998051,732.3446543412124,5.640951512543157,0.8937548256534792,1110,Yes,9.924715518951416
1.0,0.5,0.5,1,4,-6.593066469904016,0.004933579318694429,0.45570265733868776,-0.14996325015256057,0.44720110198034335,730.0160132815836,5.727498868642849,0.8498322881420017,1100,Yes,9.776146650314331
1.0,0.5,0.5,2,4,-6.599315905885334,0.005379276616920286,0.4576149968005168,-0.15915717750835334,0.38982959204671636,734.5924869167487,5.728840987488323,0.8673456624847857,1060,Yes,9.739122152328491
1.0,0.5,0.5,3,3,-6.581438683835911,0.0166096449288511,0.4783481535220916,-0.12968288398734806,0.4907615470574388,721.5767035832013,5.703932425767744,0.6861952281284287,1060,Yes,8.50154161453247
1.0,0.5,0.5,4,4,-6.593086218684509,0.004682223921265865,0.4572032352580889,-0.14424363478135432,0.4266085574254467,730.030430349946,5.721319710376463,0.856300044557026,1060,Yes,9.60918116569519
1.0,0.5,0.5,5,6,-6.590671720122907,0.01823379013067148,0.48364748707158606,-0.08318016224737862,0.4794216790379196,728.269899181223,5.716825208028798,0.9248410367793234,1060,Yes,9.426013469696045
1.0,0.5,1.0,1,3,-6.591503096631515,0.013143746011423875,0.47753702294069167,-0.04431716963124768,0.4265362484864565,728.8756174223982,5.76791901082119,0.7240817684506089,1100,Yes,8.919844388961792
1.0,0.5,1.0,2,3,-6.5879920015138795,0.008900798936257137,0.46661583354111613,-0.27319183830957455,0.513471049079628,726.3209532595839,5.751764284947291,0.6773533840003463,1060,Yes,9.60810399055481
1.0,0.5,1.0,3,3,-6.583689206519505,0.020150259106476043,0.48514653337626296,-0.26192295599198945,0.48487516047580687,723.2024570338945,5.753951411513101,0.8172936272057475,1060,Yes,9.200931072235107
1.0,0.5,1.0,4,3,-6.5626710179080785,0.01607605888459786,0.4790699080911224,-0.1978891818701119,0.5284167957778113,708.160680574233,5.7347459106658745,0.7611252009693649,1060,Yes,9.351734161376953
1.0,0.5,1.0,5,3,-6.586463844720708,0.020969112616431546,0.48523065229176265,-0.17221048741395026,0.4548499455302056,725.2118686042961,5.746320685448126,0.8539377627559186,1130,Yes,9.742233753204346
1.0,0.5,2.0,1,2,-6.594505644353243,0.0106102555220311,0.4643301540497597,-0.27069164307230165,0.5084151449459924,731.0673900512471,5.818611361981668,0.7181339767762517,1060,Yes,8.544613361358643
1.0,0.5,2.0,2,3,-6.605984383333375,0.007595929251461682,0.4620391828556683,-0.20843467765812312,0.437589482258265,739.5074698622012,5.8111564334742845,0.8662565652759299,1060,Yes,8.492210626602173
1.0,0.5,2.0,3,3,-6.595286304808075,0.013477831262756344,0.4779630836510308,-0.145276408725596,0.4332403803503604,731.6383282779302,5.807245229678506,0.8519022276414158,1060,Yes,8.547289848327637
1.0,0.5,2.0,4,3,-6.598115366216543,0.011697671551110709,0.4851062915742885,-0.2061378872686344,0.45704910798678555,733.7111086664466,5.808563010154716,0.8517163726185215,1070,Yes,8.396005153656006
1.0,0.5,2.0,5,3,-6.59906552330439,0.01183463674091811,0.4773131801579668,-0.1854931307639341,0.44917620983946216,734.4085807783399,5.804213756070079,0.8618921600009363,1060,Yes,8.33897590637207
1.0,0.5,5.0,1,2,-6.640385368980864,0.01141895920352318,0.4650262718132173,-0.27069164307230165,0.5084151449459924,765.389893716903,5.957714624787363,0.7200992597653015,1060,Yes,8.350571632385254
1.0,0.5,5.0,2,2,-6.639367256071281,0.013169148863245555,0.4857557078199301,-0.17502431890662795,0.5087346865028243,764.611036934595,5.952725657340789,0.7848732852724112,1150,Yes,9.837164163589478
1.0,0.5,5.0,3,2,-6.635218243401207,0.02116400599501702,0.48469473322986784,-0.2645525958265344,0.5194218276026454,761.4452280866179,5.948205146788717,0.7261018065349472,1100,Yes,8.724174976348877
1.0,0.5,5.0,4,2,-6.639398042109434,0.011871367824190984,0.4654156971174365,-0.17752817562303813,0.4932003800505331,764.6345766414959,5.962929182874924,0.7806765460321379,1060,Yes,8.847675800323486
1.0,0.5,5.0,5,2,-6.635359534862945,0.013038790954343963,0.47497655813304057,-0.26871913108033624,0.5144805277215989,761.552821396757,5.944439080898929,0.7265217404214347,1060,Yes,8.672351598739624
1.0,1.0,0.01,1,12,-6.70214793840636,0.015564054206131663,0.46925949853923316,-0.08016681711215093,0.46049877107776405,814.152698257251,5.63416982246141,0.954340907584574,1130,Yes,10.764594554901123
1.0,1.0,0.01,2,14,-6.710838804084094,0.014311726612307311,0.4823898363466356,-0.11921224504909497,0.40163142267923735,821.2592262086062,5.659573333725801,0.9652422579782483,1160,Yes,11.512036085128784
1.0,1.0,0.01,3,11,-6.714457904802562,0.004644594527308011,0.4592917411012719,-0.10408837376356932,0.4244412576314531,824.2368309399096,5.621792672737241,0.9724887769479157,1090,Yes,10.139997243881226
1.0,1.0,0.01,4,12,-6.700132436330201,0.007758020397060535,0.4630738476559146,-0.09577343625116899,0.5098432058637404,812.5134243385248,5.655596286327616,0.965538376652592,1370,Yes,12.90061640739441
1.0,1.0,0.01,5,8,-6.7209170148643365,0.0022897887958596083,0.4699681557155017,-0.058682966121963075,0.4336986784000335,829.577898048928,5.678848557011308,0.9434664875433213,1230,Yes,10.871514558792114
1.0,1.0,0.05,1,11,-6.663945514901118,0.020595596566297336,0.4845097085130023,-0.08794359257174282,0.4453448724691879,783.636695930969,5.647591974986145,0.9462014963640392,1280,Yes,12.01947569847107
1.0,1.0,0.05,2,11,-6.655099720414439,0.015699519674111703,0.4810985904774422,-0.06096562642048468,0.4102496999074739,776.7353755984145,5.682547657792294,0.9217395882947379,1060,Yes,9.940888404846191
1.0,1.0,0.05,3,8,-6.659700857132577,0.007118140477133818,0.46204198780172195,-0.095004245538683,0.4790432134091933,780.3174758021885,5.653132246645862,0.9025258927005423,1670,Yes,13.802731037139893
1.0,1.0,0.05,4,11,-6.660198988764831,0.009904852814960325,0.4517717019889025,-0.12739133225911048,0.43515057052998846,780.7062734482496,5.655900960639459,0.9236466879105606,1320,Yes,11.711822509765625
1.0,1.0,0.05,5,9,-6.660786289758965,0.008520256339047742,0.48857926419773384,-0.16350837507460167,0.45698925129050827,781.1649176866979,5.704161809731463,0.9145526446646821,1150,Yes,10.60645055770874
1.0,1.0,0.1,1,13,-6.642740435466664,0.010653771901242854,0.42057764990806706,-0.04069384426016986,0.42125955857064074,767.1945620269853,5.648923894767921,0.9294338614916459,1100,Yes,10.76890778541565
1.0,1.0,0.1,2,6,-6.647627516102297,0.0008267418787140206,0.4276074523076937,-0.09572938250595654,0.40675365918205814,770.9530803252644,5.720275786077394,0.8750347623868002,1210,Yes,10.407806396484375
1.0,1.0,0.1,3,6,-6.631840946505197,0.008395060482698315,0.4606487620431616,-0.013455266263178632,0.38507976309912956,758.8779391700007,5.692887299074068,0.8646462301374513,1100,Yes,9.651151895523071
1.0,1.0,0.1,4,7,-6.6464319449357445,0.0013651230394792107,0.4242970509061824,-0.08346623411846049,0.43940872050259705,770.0319018286148,5.673662879875412,0.8535844959398557,1060,Yes,9.267350435256958
1.0,1.0,0.1,5,8,-6.638467264766514,0.010514175639298816,0.44502293742275784,-0.09324813052908776,0.4759303012680072,763.9232032184349,5.691661870714004,0.912884228566234,1300,Yes,11.257412195205688
1.0,1.0,0.5,1,5,-6.5995121238777354,0.015829654471183705,0.4811319166995662,-0.09700954282324559,0.45407678256667366,734.7366413221465,5.719816231498756,0.8959187486474289,1060,Yes,9.270938396453857
1.0,1.0,0.5,2,4,-6.600063926846518,-0.0004946125431724078,0.4274786391964271,-0.1912594702439355,0.46686281208317243,735.1421830613792,5.749737124135274,0.7900256020733856,1170,Yes,9.651035070419312
1.0,1.0,0.5,3,3,-6.606095178167693,0.00747055159375532,0.4589752252753727,-0.137403540169885,0.45602180649330637,739.5894080088791,5.727510703632945,0.8028883337786131,1060,Yes,8.158374786376953
1.0,1.0,0.5,4,3,-6.602128192737353,0.0033999158569017842,0.42353886820370334,-0.22090441037132838,0.4729829198153059,736.6612793646981,5.742952731907891,0.7244459531842707,1060,Yes,9.189257383346558
1.0,1.0,0.5,5,4,-6.598063526820832,0.012568414769033963,0.47410053206974345,-0.10085500223223798,0.48687941676444807,733.6730745117891,5.733136591249075,0.7755857226578369,1070,Yes,9.185452461242676
1.0,1.0,1.0,1,3,-6.590910080130894,0.01520931934080767,0.4839357969167647,-0.21505470709822533,0.5075052126740057,728.4435102903595,5.74732328925537,0.7201782447503622,1080,Yes,9.090364456176758
1.0,1.0,1.0,2,3,-6.590769808015942,0.01606535889456577,0.4853035123126788,-0.12853949329926004,0.49758709359033615,728.3413371447372,5.7893275813234935,0.7138652179792325,1060,Yes,8.194494247436523
1.0,1.0,1.0,3,3,-6.5841232927348186,0.014139643774203108,0.47610306693158744,-0.11235094054158182,0.5091325778976586,723.5164573980578,5.7473596666114855,0.7793249328861437,1060,Yes,8.145951747894287
1.0,1.0,1.0,4,3,-6.605127071668071,0.0020684222355637507,0.4484967907331414,-0.2594524388695104,0.46743111053947956,738.8737531668808,5.801420557988942,0.7956547672759509,1060,Yes,8.598278045654297
1.0,1.0,1.0,5,4,-6.594699789652394,0.016956796369763973,0.4659015229604633,-0.10584678250653592,0.5368523694443195,731.209337127121,5.77998659140797,0.7996615981545865,1060,Yes,9.224118947982788
1.0,1.0,2.0,1,4,-6.598161105021044,0.01860069843053345,0.4826349213596085,-0.16929105445117867,0.4763568991210813,733.7446685028932,5.81281652931266,0.8458236204424074,1060,Yes,8.95473861694336
1.0,1.0,2.0,2,3,-6.613541932017568,0.000197511926741797,0.42718616554380767,-0.2681133059228479,0.4416067588922127,745.117505926216,5.857617121247732,0.809850476851636,1060,Yes,9.059719562530518
1.0,1.0,2.0,3,3,-6.598846229503451,0.00939172048526797,0.46304923667221354,-0.10503828253052563,0.4511063913974865,734.2475471866986,5.812216177338106,0.8615731403029976,1060,Yes,8.499428033828735
1.0,1.0,2.0,4,3,-6.6126645057342,0.001725846581569251,0.4382549145491586,-0.17469355874513923,0.41981927619800063,744.4640069828197,5.85178755530699,0.8360604255919823,1110,Yes,8.89246153831482
1.0,1.0,2.0,5,3,-6.609237878406757,0.013826722019837671,0.47488353979081005,-0.10417926585508204,0.45681807459367413,741.9173719486297,5.833396820824526,0.8526163005744886,1060,Yes,8.508895635604858
1.0,1.0,5.0,1,3,-6.641010462780327,0.021550716089760436,0.48622619518004406,0.024511941036664504,0.6012636821386185,765.8684837598872,5.946167888013704,0.7543785297682059,1070,Yes,8.815126180648804
1.0,1.0,5.0,2,2,-6.649236953340178,0.0046123634663213465,0.45920050369207516,-0.18524131574728667,0.4499932418503139,772.1948799526284,5.97902419839926,0.787576542847012,1060,Yes,9.297313690185547
1.0,1.0,5.0,3,3,-6.638702323286485,0.00947077841460367,0.4631158575581092,-0.10503828253052563,0.4511063913974865,764.102790981945,5.952958496036437,0.8584062080741989,1060,Yes,8.45609450340271
1.0,1.0,5.0,4,2,-6.643830478363963,0.004993305336385873,0.4135501311567426,-0.18124426718771772,0.4475239340658342,768.0312929636264,5.975205336644852,0.769061314350914,1060,Yes,8.946622610092163
1.0,1.0,5.0,5,2,-6.6396391726856105,0.019444858579020206,0.48264199867673263,-0.17053316453529277,0.5065021405872225,764.8189756487518,5.9583294139261485,0.7827020170332922,1060,Yes,8.935828924179077
1.0,2.0,0.01,1,10,-6.721338280882335,0.011201325871282343,0.4644777945778772,-0.19889288010521464,0.43687165375017717,829.9274446475415,5.648342218513946,0.9037910870879962,1520,Yes,13.416479110717773
1.0,2.0,0.01,2,12,-6.727781749966302,0.02075690803991836,0.48497628739551657,-0.026564673046719098,0.48664166018967503,835.2923221284565,5.630549913894148,0.9767951988825357,1370,Yes,12.132280826568604
1.0,2.0,0.01,3,10,-6.72638803619931,0.010573903200121984,0.47008343661867324,-0.1185368444448049,0.42430551890643775,834.1289745946914,5.657018577674681,0.9527483493784408,1120,Yes,10.273095846176147
1.0,2.0,0.01,4,11,-6.704744603819079,0.010619918053824689,0.4855981154308742,-0.12642890147381444,0.48803660779899233,816.269527568793,5.622706891882576,0.9431027371149892,1530,Yes,13.2254478931427
1.0,2.0,0.01,5,11,-6.727462370097781,0.020661448808330023,0.462338858302172,-0.1946100440950297,0.42025073541394503,835.025589173274,5.606904629201361,0.9149613243395966,1380,Yes,13.13612151145935
1.0,2.0,0.05,1,10,-6.653804965279832,0.01146502616492555,0.4661617990696085,-0.03911406960953122,0.4650809008378639,775.730344257774,5.654101854578445,0.9243692179057074,1240,Yes,11.016043424606323
1.0,2.0,0.05,2,10,-6.672102101323937,0.01750041110996512,0.48019561627302093,-0.09726003879803947,0.4638124270885349,790.0546350208117,5.633237037750356,0.9467651497748758,1330,Yes,11.679587364196777
1.0,2.0,0.05,3,10,-6.665679236461975,0.00940365113236383,0.46186837843071854,-0.09891019689339826,0.4349601021024518,784.9964821713422,5.672532436259226,0.9516608544589469,1350,Yes,11.91076946258545
1.0,2.0,0.05,4,6,-6.663305965299582,0.013682166403566542,0.4757252357220095,-0.10824313676974127,0.5009129281804685,783.1356816231648,5.648167153928182,0.8877183735824354,1060,Yes,9.262039422988892
1.0,2.0,0.05,5,7,-6.670261096717984,0.008083093694295666,0.47388849041689457,-0.17049659415667687,0.4284440159912083,788.6014788428234,5.655812422830575,0.9238262235228196,1200,Yes,10.80484914779663
1.0,2.0,0.1,1,7,-6.637874336334622,0.014879179293507653,0.45126975397693603,-0.15331924648905076,0.43258272883644744,763.470385688925,5.700239186957237,0.903253320087999,1130,Yes,10.116641283035278
1.0,2.0,0.1,2,9,-6.641850654694507,0.015948658115133508,0.47892078156935186,-0.166568792284931,0.42693337138835585,766.5122306648707,5.647662372315489,0.8939363750347467,1560,Yes,13.134143352508545
1.0,2.0,0.1,3,9,-6.638346931862199,0.009369956047065317,0.46355989341832066,-0.10460436494909452,0.4940072911347718,763.8312836513034,5.668967444630949,0.914913824870615,1300,Yes,11.509213924407959
1.0,2.0,0.1,4,7,-6.649849316743182,0.007367251170562098,0.4618914647533071,-0.06012566741267372,0.49650269181452544,772.6678886489248,5.656545357537889,0.9258743541447209,1180,Yes,9.967845678329468
1.0,2.0,0.1,5,11,-6.617647145544974,0.019990569283493086,0.4832785403276317,-0.033485728275913534,0.45422620867896346,748.1826596416047,5.624861370167361,0.9204294887440664,1250,Yes,11.445716857910156
1.0,2.0,0.5,1,5,-6.581384545867117,0.012479979453930912,0.46706267392216616,-0.14208642397100585,0.48178771176504437,721.5376399435627,5.714385290918839,0.8373698220728879,1070,Yes,9.510953187942505
1.0,2.0,0.5,2,4,-6.608837346734061,0.01996593921955189,0.47861488553259185,-0.10950217240315954,0.4544925111939574,741.6202700459737,5.704534141932119,0.8240289633342547,1210,Yes,9.447808980941772
1.0,2.0,0.5,3,4,-6.597976882305265,0.009462264935704704,0.4611003792984715,0.007620645275987842,0.4374468511872144,733.6095085175259,5.7260136285274115,0.719316790893551,1060,Yes,8.437343835830688
1.0,2.0,0.5,4,5,-6.607061436602276,0.0073947937230772805,0.45997172808630243,-0.10409850271798954,0.461540737204881,740.304387884535,5.7143151037371025,0.8416666960865431,1090,Yes,8.560445547103882
1.0,2.0,0.5,5,4,-6.601107733979741,0.01912717776585777,0.48231575679451916,-0.12860836445776982,0.4485221602862427,735.9099303363254,5.717426860255706,0.8620161277113976,1070,Yes,9.725472450256348
1.0,2.0,1.0,1,3,-6.599371247321982,0.008741601634429316,0.46344174178348907,-0.2689902159528749,0.48842333229466667,734.6331414452554,5.769645801969488,0.8198059127534536,1090,Yes,9.687460660934448
1.0,2.0,1.0,2,4,-6.600860545492365,0.019588673412975953,0.4827006642562768,-0.17771701953570665,0.4017819307731953,735.7280443547871,5.750926992894742,0.9036438700782832,1120,Yes,9.242496967315674
1.0,2.0,1.0,3,4,-6.601450249989397,0.015413051986691502,0.4587165511890123,-0.20161366201078126,0.4570556095948395,736.1620344415119,5.7805581090168285,0.8443881638327068,1060,Yes,9.122694969177246
1.0,2.0,1.0,4,4,-6.600478239958535,0.00724063182164928,0.4600604643748725,-0.14872971899806453,0.3890755104475593,735.4468252112787,5.758180644501275,0.9020516761459092,1100,Yes,9.26349949836731
1.0,2.0,1.0,5,3,-6.589169507811549,0.01911904397456294,0.48518613231555774,-0.19669137220144353,0.46497169813886663,727.1767044835279,5.751134141685496,0.8554527644370697,1100,Yes,8.641356229782104
1.0,2.0,2.0,1,3,-6.605604585123511,0.010505788576742872,0.4638039002900181,-0.16368488445183932,0.4216332293542434,739.2266595779635,5.827021680676777,0.8750423390564604,1060,Yes,8.627094745635986
1.0,2.0,2.0,2,3,-6.5955620794754575,0.021455252224676525,0.4859427151048978,-0.09861897572763896,0.4625948997934939,731.84012341827,5.801078600595336,0.8584516798153361,1060,Yes,8.790502309799194
1.0,2.0,2.0,3,3,-6.600453750106762,0.014974827711208182,0.47788408776236485,-0.1696823022860855,0.4474931463221681,735.4288144480843,5.822709286879445,0.8519101330968817,1100,Yes,8.879515409469604
1.0,2.0,2.0,4,3,-6.605175753156637,0.00775457286091155,0.46207383704522986,-0.18431118140741953,0.44961660038540036,738.9097235165849,5.809927382532361,0.8454939749472002,1070,Yes,8.48930311203003
1.0,2.0,2.0,5,3,-6.601839883146779,0.015128282218971575,0.4859303343194994,-0.18987424275604314,0.4508309544005295,736.4489234664447,5.830644197657028,0.8753887414276752,1060,Yes,8.825172901153564
1.0,2.0,5.0,1,2,-6.63814868947382,0.011063129583666667,0.4647199799972959,-0.17752817562303813,0.4932003800505331,763.6798749216238,5.959816767931866,0.7930791090383558,1060,Yes,9.080382585525513
1.0,2.0,5.0,2,2,-6.64028067587488,0.019323246916738757,0.4827065269508815,-0.17053316453529277,0.5065021405872225,765.3097668660789,5.941698640356005,0.7952586284044959,1060,Yes,9.16885495185852
1.0,2.0,5.0,3,2,-6.64350062619115,0.01525690712782088,0.46875555571052574,-0.2709673516979746,0.5085161810062722,767.7779979501057,5.974871975716195,0.7102549992739426,1060,Yes,8.843480110168457
1.0,2.0,5.0,4,2,-6.641017753592532,0.01292853446347911,0.48587965586617393,-0.268813750534994,0.5200658747852108,765.8740675835318,5.947884844226577,0.7226861912197204,1060,Yes,8.883753299713135
1.0,2.0,5.0,5,2,-6.636333933877178,0.02138339814785603,0.4860796700939429,-0.16896909988585587,0.5085183912452096,762.295239362138,5.954984128592854,0.7763470346341913,1060,Yes,8.96193242073059
1.0,5.0,0.01,1,8,-6.726578482132262,0.00800838414494684,0.46179805190550743,-0.21413700055721308,0.43854562961368354,834.2878461932049,5.6613878321064,0.9044254465937578,1660,Yes,13.325784683227539
1.0,5.0,0.01,2,12,-6.698854069732503,0.012090559332485814,0.4752787486059831,-0.06936423362084933,0.4462710248438931,811.475397947166,5.616999902667918,0.9647150806875368,1420,Yes,12.588171005249023
1.0,5.0,0.01,3,13,-6.742602439243969,0.005735070584908479,0.46134607472717976,-0.037232737512205606,0.45828824415716307,847.7641221390764,5.622318802519337,0.9703606455215635,1330,Yes,11.599356651306152
1.0,5.0,0.01,4,13,-6.740694071293095,0.011956123739663883,0.4773587916102865,-0.1629855600125622,0.44306368090904735,846.1478189995712,5.609537390559048,0.9307626568077785,1460,Yes,13.71367073059082
1.0,5.0,0.01,5,9,-6.730422214594672,0.01851515240609065,0.461880259256579,-0.14163140997777546,0.4684221340382081,837.5007963753181,5.632119258290096,0.9523357970791042,1530,Yes,13.037908554077148
1.0,5.0,0.05,1,9,-6.672709576444488,0.004177698140560149,0.4570859442956376,-0.1148784487010533,0.3937727056051078,790.5347193603449,5.631267984586409,0.9632936093200737,1290,Yes,11.159891605377197
1.0,5.0,0.05,2,9,-6.669817372289982,0.007444033299397598,0.47909035021749324,-0.12132531622127232,0.4366906182773733,788.251634725633,5.6630404818537885,0.9494844603794206,1340,Yes,11.534195184707642
1.0,5.0,0.05,3,6,-6.677991403013677,0.005546003626773541,0.46012139405900254,-0.17110119978981805,0.45989354753461364,794.7212331319296,5.658500842960397,0.9230733416465788,1590,Yes,12.322887897491455
1.0,5.0,0.05,4,10,-6.681487248593864,0.004713667123642308,0.45930487748543025,-0.139661910942773,0.39262428012503164,797.5043176247423,5.645960492821641,0.9558025341112057,1390,Yes,12.2840895652771
1.0,5.0,0.05,5,12,-6.6882168406553095,0.019557984076572166,0.4819970691120451,-0.05413834984608892,0.4059652102624389,802.8892953787446,5.623766126472828,0.9588734711799711,1110,Yes,10.290786981582642
1.0,5.0,0.1,1,7,-6.652651418651276,0.00937517054054012,0.4622873724265623,-0.07799098465476106,0.41840715976068327,774.8360190565681,5.675451650770675,0.9296138656919518,1300,Yes,10.608027696609497
1.0,5.0,0.1,2,7,-6.623807052045536,0.011903157537962934,0.4747402199534296,-0.10625147114858574,0.4584450189187527,752.8056187503114,5.673379772045709,0.9030034988448704,1060,Yes,9.632330417633057
1.0,5.0,0.1,3,7,-6.652413848933264,0.005607661698221286,0.4602411201223033,-0.11621426501144967,0.43639887421433043,774.6519633459129,5.669085773196598,0.9493177666441909,1560,Yes,11.78847861289978
1.0,5.0,0.1,4,5,-6.646950933660887,0.011709263266465545,0.48509781560684256,-0.13279910681450155,0.43901380552599906,770.4316434253819,5.684326540009204,0.9273719131820408,1190,Yes,10.029247522354126
1.0,5.0,0.1,5,9,-6.653934419016001,0.015910686266412264,0.4804268434432468,-0.10332922327996341,0.5070292302361671,775.8307719493275,5.6582876762326375,0.9464981792905104,1160,Yes,10.216188907623291
1.0,5.0,0.5,1,3,-6.605168205628148,0.009093326540474223,0.4631394278573126,-0.15975497500747413,0.4636907356462942,738.9041465954424,5.731833147878777,0.8296596924661648,1100,Yes,8.650076150894165
1.0,5.0,0.5,2,6,-6.595112016422029,0.007488657467515418,0.4646905620724204,-0.12601430464572075,0.4451509144518342,731.5108233261641,5.72821807980827,0.9198772434343765,1060,Yes,9.288951873779297
1.0,5.0,0.5,3,4,-6.616348507368812,0.01045790190295543,0.4856173764118932,-0.17223688766420522,0.4846912909267946,747.2116716945211,5.715855094321014,0.8961503685243208,1060,Yes,9.071386337280273
1.0,5.0,0.5,4,5,-6.606705117009475,0.005871929970264694,0.46018242781797697,-0.15985028410485866,0.38685532423840224,740.0406499167882,5.723850971163362,0.9157727127418653,1160,Yes,9.843583106994629
1.0,5.0,0.5,5,4,-6.605969149669759,0.016050390479129865,0.48276097854497607,-0.11114330246869142,0.46071871957892546,739.4962045399701,5.7200738786740635,0.774055278779368,1080,Yes,9.488732099533081
1.0,5.0,1.0,1,3,-6.597247149161532,0.008035070128488872,0.4634367329808657,-0.2877338557537675,0.4802561357158517,733.0743646244681,5.767341371487983,0.8337409897245566,1060,Yes,9.3239266872406
1.0,5.0,1.0,2,3,-6.593232116426832,0.020671192839253956,0.4852680880411621,-0.17778140311704582,0.46858629534985574,730.1369479117081,5.753606062679722,0.873304364978452,1100,Yes,8.821300506591797
1.0,5.0,1.0,3,4,-6.6121792380941455,0.00689010138721345,0.45868301007152446,-0.2402268576986466,0.40576792560101715,744.1028303318038,5.754868840496376,0.8616062505679726,1070,Yes,9.186142444610596
1.0,5.0,1.0,4,3,-6.597794881224771,0.01264462604468624,0.47760804807374774,-0.18702110802113492,0.4536793905475828,733.4760029437625,5.7571718769989415,0.8443941435582271,1060,Yes,8.121201276779175
1.0,5.0,1.0,5,4,-6.600234926074014,0.01957086273884809,0.48421779964979017,-0.17226785318769908,0.41714450761756067,735.2679025554443,5.7457083980059656,0.8940544724477778,1250,Yes,9.986241102218628
1.0,5.0,2.0,1,2,-6.605390836993244,0.009487725550982134,0.4633639001909679,-0.17752817562303813,0.4932003800505331,739.0686681474234,5.808695590960108,0.7935460150322028,1130,Yes,9.265081405639648
1.0,5.0,2.0,2,2,-6.603865518431219,0.011158206822253854,0.47583871976847075,-0.2697269973272247,0.5149124740505626,737.9422123096866,5.798310184590617,0.7264650570353468,1060,Yes,8.176950693130493
1.0,5.0,2.0,3,3,-6.614035410266493,0.013095772593453677,0.4861814594972441,-0.11693557189970268,0.5941940195973658,745.4852959490087,5.803096315284756,0.897475126751185,1080,Yes,8.567122220993042
1.0,5.0,2.0,4,4,-6.60392689254628,0.011077013748796606,0.485460835390291,-0.15173927981394225,0.45451324586353314,737.9875042497956,5.809729171372264,0.9105969801092282,1240,Yes,9.79342794418335
1.0,5.0,2.0,5,4,-6.608525233906848,0.0211203573996221,0.48543129472296,-0.11168667722743582,0.42074762109731134,741.3888369652661,5.794676498569983,0.9027775993727865,1090,Yes,9.004306554794312
1.0,5.0,5.0,1,2,-6.642968631051472,0.014215060453489121,0.48521692585891585,-0.268813750534994,0.5200658747852109,767.3696524153954,5.958394416102541,0.7203593125172172,1120,Yes,8.813950300216675
1.0,5.0,5.0,2,2,-6.637921695381978,0.013450353836710857,0.47508110956906086,-0.26871913108033624,0.5144805277215989,763.5065437752751,5.941435763635234,0.7270618299183002,1160,Yes,8.920023441314697
1.0,5.0,5.0,3,2,-6.637883742452657,0.01044211844765456,0.4641854246428731,-0.17752817562303813,0.4932003800505331,763.4775670152629,5.957979502521614,0.7934872109611608,1060,Yes,8.59286093711853
1.0,5.0,5.0,4,3,-6.640805587521947,0.011312945709325036,0.4647020413234164,-0.10503828253052563,0.4511063913974865,765.7115923285272,5.9568157524859595,0.8557304358448539,1060,Yes,8.582708835601807
1.0,5.0,5.0,5,3,-6.638937024754463,0.019194000046115035,0.4826643015781207,-0.2499220312831751,0.49207495441079246,764.2821480755376,5.946267615506085,0.7466850576460933,1060,Yes,9.428846597671509
2.0,0.01,0.01,1,4,-6.670906608649346,0.015688686446626066,0.4859189184343935,-0.09770585923752226,0.4211191994320398,789.1106948413254,5.690114209474098,0.9023353932898361,1060,Yes,9.27674913406372
2.0,0.01,0.01,2,5,-6.670402250337642,0.015000001495348204,0.48582396417374446,-0.1185365679116855,0.40952907106346476,788.7128006525835,5.685764543101234,0.9230632033581193,1060,Yes,9.164606094360352
2.0,0.01,0.01,3,6,-6.669789494318068,0.01585164280148681,0.48642993701248805,-0.05754034193072734,0.4683912338596228,788.2296601750033,5.6877043074272295,0.942441984719798,1060,Yes,10.185636520385742
2.0,0.01,0.01,4,5,-6.6700054166529625,0.01024094091395474,0.4671430060279665,-0.06403231557546518,0.4100959030686581,788.3998749395848,5.732509534070801,0.9304730851538333,1060,Yes,9.50392198562622
2.0,0.01,0.01,5,4,-6.675463711776129,0.0037447259535605226,0.45604291527039575,0.01533213423770454,0.3769281343431282,792.7149599224651,5.6925699508227074,0.8495464307183997,1060,Yes,8.643921375274658
2.0,0.01,0.05,1,4,-6.619412916884363,0.019875096261689342,0.48580079478797566,-0.14040563779588125,0.43312476793175547,749.5049462229327,5.696515572778427,0.8800497818326992,1060,Yes,9.119379997253418
2.0,0.01,0.05,2,4,-6.620013732901594,0.019623163282730016,0.4853888005363195,-0.11467407054271353,0.4240400122794668,749.9553961048191,5.696657567539565,0.9012325349869865,1060,Yes,9.341054439544678
2.0,0.01,0.05,3,4,-6.620702759522311,0.019742987003588557,0.48597801136200475,-0.14040563779588125,0.43312476793175547,750.4723134015244,5.696827718746972,0.8780121685538003,1060,Yes,9.39927363395691
2.0,0.01,0.05,4,5,-6.62064745084521,0.016727068955904825,0.4674846778986022,-0.037832691748902476,0.3933239334108322,750.4308069185138,5.694404571619822,0.8707488733799366,1060,Yes,9.527782678604126
2.0,0.01,0.05,5,4,-6.626696529190234,0.004037345369279944,0.4561012927876991,-0.14585184573049098,0.390814406600196,754.9839790255965,5.695821481115318,0.8891773218708042,1060,Yes,8.482287406921387
2.0,0.01,0.1,1,4,-6.599796825025277,0.01960446403313158,0.48436001447103877,-0.2119968064569977,0.44043314215040247,734.9458514668427,5.6973208613442585,0.8518184484301699,1060,Yes,8.792858123779297
2.0,0.01,0.1,2,4,-6.601553486064695,0.02044107138330284,0.48537470781591674,0.009395144086109291,0.3763147265370664,736.2380368437586,5.703947811739322,0.8226062753678933,1060,Yes,8.23300814628601
2.0,0.01,0.1,3,6,-6.59958605940016,0.02018463403750494,0.48593666412928116,-0.06506239091284091,0.4501862463829971,734.7909664678212,5.700308080816393,0.9158726854747314,1060,Yes,9.891527652740479
2.0,0.01,0.1,4,4,-6.600862248811106,0.015626987828132426,0.48623543817783993,-0.12030801136805916,0.4635354759694378,735.7292975352208,5.701778162339797,0.8894179935417327,1060,Yes,8.550771713256836
2.0,0.01,0.1,5,4,-6.607309267198369,0.004700441997212788,0.4575070291535874,-0.026356673507878202,0.41571195500501457,740.4878806989024,5.707322163781239,0.822127803404519,1060,Yes,8.923161029815674
2.0,0.01,0.5,1,3,-6.554299671040437,0.010234739092854007,0.4761377344291857,-0.13227324471475344,0.49514921257040684,702.2571665372022,5.698736425006929,0.6761948926045225,1060,Yes,8.574336767196655
2.0,0.01,0.5,2,3,-6.57342152994462,0.021362231583308994,0.4860637081268647,-0.09861897572763896,0.4625948997934939,715.8148398421935,5.720679078724766,0.856268404370366,1060,Yes,8.411086320877075
2.0,0.01,0.5,3,3,-6.573738248997604,0.01962180563725861,0.48470131624223634,-0.15764489999553113,0.45103379869397625,716.0415879462071,5.732504860053814,0.8464088403396173,1060,Yes,8.493767023086548
2.0,0.01,0.5,4,4,-6.5441171779771325,0.01494362733765876,0.47602788414184427,-0.08751597018864551,0.4486794873633686,695.1427206786658,5.695206202894788,0.8335798991499134,1060,Yes,9.42199158668518
2.0,0.01,0.5,5,3,-6.546561588229463,0.01610613986360653,0.4806209404763893,-0.20097199470650065,0.5177212374089161,696.8440131531872,5.693828217609191,0.7584158517843698,1060,Yes,9.032479286193848
2.0,0.01,1.0,1,3,-6.572694771954096,0.018790308369681232,0.4821890712110859,-0.14198750248888864,0.44590564273660854,715.2948046803457,5.7489976232991,0.8494883183980448,1060,Yes,8.63564658164978
2.0,0.01,1.0,2,2,-6.573186619549355,0.01887051105250858,0.4829467527928449,-0.2654453847564926,0.5183914653485096,715.6467072440498,5.747051347023646,0.7261081613241277,1060,Yes,9.013551950454712
2.0,0.01,1.0,3,3,-6.573934849049183,0.021033725131846436,0.485536955687133,-0.2226879722854672,0.4687461525105531,716.1823755983064,5.756844706837373,0.8119009121405577,1060,Yes,9.119804620742798
2.0,0.01,1.0,4,3,-6.54776713804199,0.0145630047134995,0.4783420662364375,-0.20603947291698818,0.5080413854029671,697.6845999053996,5.7282765807980365,0.7572655573634255,1060,Yes,9.129159212112427
2.0,0.01,1.0,5,3,-6.579720128006732,0.008964202561918606,0.4623437527439547,-0.13580848954389493,0.4468458070350864,720.3376986875451,5.762697153550328,0.8468647897023899,1060,Yes,8.81144404411316
2.0,0.01,2.0,1,2,-6.5850162203594955,0.012476634023108685,0.474833750516155,-0.17489815963375097,0.501287557084675,724.1627937526251,5.7986561615438115,0.7789544147624309,1060,Yes,9.007189273834229
2.0,0.01,2.0,2,2,-6.5849446401350225,0.013097875274986485,0.4784833045080833,-0.2684421907793849,0.5162719091397261,724.1109598724559,5.799178803590375,0.7226591542730341,1060,Yes,8.597532987594604
2.0,0.01,2.0,3,2,-6.5907239566686515,0.009857644194859417,0.4636823195884932,-0.27069164307230165,0.5084151449459924,728.3079424787428,5.819127203441611,0.7285368928345989,1060,Yes,8.815829753875732
2.0,0.01,2.0,4,2,-6.585879538573373,0.019275092643468498,0.48273207805419466,-0.17053316453529277,0.5065021405872225,724.788246625866,5.804474420259031,0.7847733318776898,1060,Yes,9.124650478363037
2.0,0.01,2.0,5,2,-6.590688973879924,0.009479471009369925,0.4633567948281794,-0.27069164307230165,0.5084151449459924,728.2824646815076,5.815280194573923,0.7253156272293878,1060,Yes,8.444024324417114
2.0,0.01,5.0,1,2,-6.630043248464434,0.012981249247251496,0.4749619405172027,-0.17489815963375097,0.501287557084675,757.5149312909443,5.946021282286803,0.7860875531909649,1060,Yes,8.923665523529053
2.0,0.01,5.0,2,2,-6.63002045292769,0.013010932495730486,0.4749694811054997,-0.17489815963375097,0.501287557084675,757.497663528309,5.94628051480529,0.7859347214275351,1060,Yes,9.17288064956665
2.0,0.01,5.0,3,2,-6.630042928955674,0.010795729561544102,0.47577702720139853,-0.2697269973272247,0.5149124740505626,757.5146892583267,5.946965775322347,0.7261693769838827,1060,Yes,8.460338830947876
2.0,0.01,5.0,4,2,-6.629993786978613,0.013326205087941653,0.4784845320955101,-0.17452890589914918,0.5036760656421779,757.4774644035028,5.945877872887761,0.7858698264760923,1060,Yes,9.110553741455078
2.0,0.01,5.0,5,2,-6.634978228202525,0.013486820735816227,0.48559206504547464,-0.17502431890662795,0.5087346865028244,761.2624915895587,5.952215529697458,0.7850406025829505,1060,Yes,9.07604169845581
2.0,0.05,0.01,1,5,-6.673585878280537,0.014748417305976244,0.4869791379439205,-0.16714524730318855,0.46251511190548733,791.2277700028066,5.695463034530221,0.9010809469163958,1060,Yes,9.251396417617798
2.0,0.05,0.01,2,3,-6.677714209386407,0.017707449498878036,0.4686961015064292,-0.1895963233093232,0.47154607170735446,794.5009719995505,5.700372728185472,0.8158221878558155,1070,Yes,9.342911720275879
2.0,0.05,0.01,3,5,-6.675272532531257,0.017276114074239957,0.46867555902431257,-0.20768618221621807,0.5024119799638285,792.5634237607742,5.689634091236775,0.8457649041044399,1090,Yes,9.806800842285156
2.0,0.05,0.01,4,4,-6.672630289947683,0.020724077165921787,0.48548252276556575,-0.11103626037979941,0.4209015255259625,790.4720431165665,5.692331189559811,0.9244433730690013,1060,Yes,9.140174627304077
2.0,0.05,0.01,5,5,-6.653679496395442,0.011354250488383002,0.49469945821527433,-0.02990360872686691,0.4596861750493491,775.6330203425821,5.751263165970451,0.9528892654463841,1060,Yes,9.151672840118408
2.0,0.05,0.05,1,4,-6.6234846060950145,0.015516360235627056,0.48515397006974736,-0.16103268109066934,0.4154715640444168,752.5629187579332,5.696823993330479,0.8914623053074404,1080,Yes,9.540428876876831
2.0,0.05,0.05,2,6,-6.622698911083867,0.017925592490872333,0.4667289174583928,-0.06678936257934838,0.41745970350643496,751.9718660510774,5.689051685369636,0.9153258895910144,1060,Yes,9.695823431015015
2.0,0.05,0.05,3,5,-6.623520313733004,0.020474400035659788,0.48612264595918975,-0.07448936394661902,0.43131960784817025,752.5897914819784,5.694109241666708,0.906415645736246,1060,Yes,9.269824266433716
2.0,0.05,0.05,4,5,-6.621335937142543,0.016414282510894218,0.48588524506557224,-0.07848513473162776,0.45027695079543967,750.9476461441207,5.692202830289301,0.9169208679470688,1060,Yes,9.308665752410889
2.0,0.05,0.05,5,5,-6.626969229757688,0.008931303219108405,0.4636309391220169,-0.11217156819726484,0.520150766449806,755.1898916600659,5.710007469321157,0.8826761093214218,1060,Yes,9.27141547203064
2.0,0.05,0.1,1,5,-6.605823417428236,0.018129606636939473,0.4883719698446005,-0.07949836854987206,0.4914115416124629,739.3884439527712,5.691639220684531,0.863871260699217,1060,Yes,9.351385116577148
2.0,0.05,0.1,2,4,-6.604594920049839,0.01988924000005635,0.4852759946913313,-0.13773978402962456,0.4385744633275473,738.4806649040175,5.698677988481324,0.8884986343693141,1060,Yes,9.699551582336426
2.0,0.05,0.1,3,4,-6.60638654022828,0.019860888688709458,0.4860663498108199,-0.13284927628654247,0.456345806788633,739.8049276983911,5.700316695217552,0.8798921772688386,1060,Yes,9.312134265899658
2.0,0.05,0.1,4,4,-6.603375531968749,0.016726262739170685,0.48539096745756893,-0.11508692030265102,0.4428494059366031,737.5807191861707,5.702486587847794,0.8666940100991836,1060,Yes,9.467243194580078
2.0,0.05,0.1,5,5,-6.607676596284362,0.00876166016429667,0.4446474868799676,-0.08928147236758249,0.4176628345498181,740.7599333986841,5.706037822363916,0.8847495708612667,1060,Yes,9.640645980834961
2.0,0.05,0.5,1,4,-6.558894367631308,0.012198598000974425,0.4565531786864002,-0.2009100660579007,0.48779311217816906,705.4912492710396,5.6998336981268185,0.804095641422858,1060,Yes,9.25754714012146
2.0,0.05,0.5,2,3,-6.568656628958569,0.01934825480677212,0.4776695410426702,-0.2126222691217298,0.49186990722406476,712.4121661455611,5.71198968265255,0.7288357506081488,1060,Yes,9.592743635177612
2.0,0.05,0.5,3,3,-6.56534325511903,0.015300874182684778,0.4807267553990933,-0.21313193876489994,0.5039243959788774,710.0555845850987,5.7098824287896885,0.7192808579590857,1060,Yes,9.542354583740234
2.0,0.05,0.5,4,2,-6.576907788776997,0.02125845545612213,0.4862429003675853,-0.32145427809955035,0.5267348106000739,718.3147107164449,5.726816582594119,0.6328966076530043,1060,Yes,9.225101709365845
2.0,0.05,0.5,5,3,-6.548357265675592,0.017031985375274814,0.4801615475225765,-0.11524747620277666,0.5058248029127781,698.0964443757917,5.6980303971846045,0.7571361332179292,1060,Yes,8.689165115356445
2.0,0.05,1.0,1,3,-6.578002078722237,0.021465055722138787,0.4859295535572515,-0.18893158966612958,0.48088780776126916,719.1011855191529,5.74808522365874,0.8143228967835656,1060,Yes,9.607835054397583
2.0,0.05,1.0,2,3,-6.573360068922002,0.019222595762851687,0.4783563669758352,-0.13495427687475953,0.4580069098426917,715.7708464820839,5.758898779472606,0.7471525357500072,1060,Yes,8.870151042938232
2.0,0.05,1.0,3,3,-6.576813525714499,0.019182156597562703,0.4839192911870568,-0.18951356908425038,0.43863146654269386,718.2470033631769,5.754513586711528,0.8305229092057217,1060,Yes,8.539041519165039
2.0,0.05,1.0,4,2,-6.574610924959093,0.02131968627315276,0.4861629059086812,-0.16896909988585587,0.5085183912452096,716.6667329622741,5.7559414582787305,0.7831477921027513,1060,Yes,9.263092994689941
2.0,0.05,1.0,5,3,-6.559259596125177,0.009050197822709312,0.4644703243848523,-0.13346760983321587,0.48328343518373684,705.7489618365697,5.7395535228783565,0.6785182077510209,1060,Yes,8.923012733459473
2.0,0.05,2.0,1,2,-6.588767496917415,0.010407567669943184,0.4757109631854502,-0.3258180069457982,0.5227418671669242,726.8844302790079,5.8002946112268,0.6357258224208494,1060,Yes,9.361409425735474
2.0,0.05,2.0,2,3,-6.586883248658412,0.018964569719759992,0.4823685738731436,-0.13530076616116277,0.4428586246843717,725.5160891088383,5.800095282666127,0.8654968942267237,1060,Yes,9.162320852279663
2.0,0.05,2.0,3,3,-6.588165395350891,0.02080974272961301,0.484532635138034,-0.22738001594687915,0.4817649564006869,726.4469037557756,5.799865467250896,0.8162630118502898,1060,Yes,9.47151803970337
2.0,0.05,2.0,4,2,-6.586410024351945,0.021569437252984835,0.48583662095183644,-0.16896909988585587,0.5085183912452096,725.172838484414,5.801818520864017,0.7851093829487227,1060,Yes,9.236639738082886
2.0,0.05,2.0,5,2,-6.591078673235231,0.009555105646467821,0.4634218997802421,-0.17752817562303813,0.4932003800505331,728.5663311961813,5.819162565041824,0.7904586933998242,1060,Yes,9.094738245010376
2.0,0.05,5.0,1,2,-6.631486518064564,0.021654374279481976,0.48572565572541876,-0.16896909988585587,0.5085183912452096,758.6090189047003,5.946463795121588,0.7856559467605392,1060,Yes,9.056970119476318
2.0,0.05,5.0,2,2,-6.631384292468687,0.013397455276742288,0.4784849151634713,-0.17452890589914918,0.5036760656421779,758.5314736093295,5.945992166937201,0.7860286240365015,1060,Yes,8.679130554199219
2.0,0.05,5.0,3,2,-6.630080109967495,0.012981249247251497,0.47496194051720264,-0.17489815963375097,0.501287557084675,757.5428549445539,5.944937409367558,0.7862110598315578,1060,Yes,9.360692262649536
2.0,0.05,5.0,4,2,-6.630632486354487,0.012743783259419585,0.4749016158108273,-0.17489815963375097,0.501287557084675,757.9614193216561,5.9448721905651825,0.7862482434662965,1060,Yes,9.458428382873535
2.0,0.05,5.0,5,2,-6.6357346754805056,0.011370336936817391,0.46498441862974843,-0.17752817562303813,0.4932003800505331,761.8385643860303,5.96100783574239,0.7808541758915375,1060,Yes,9.161940097808838
2.0,0.1,0.01,1,6,-6.677383600752312,0.020483122047948915,0.4852633420346178,-0.14481493170973841,0.44981820507436837,794.2383465339259,5.670922861454004,0.9185198827814938,1090,Yes,9.813265800476074
2.0,0.1,0.01,2,7,-6.691190981470934,0.003933448972858899,0.4771317915529666,-0.16102933436848813,0.45449683960123155,805.2807557096401,5.7101360922148405,0.8982779302992782,1060,Yes,9.991499900817871
2.0,0.1,0.01,3,6,-6.6788377488404915,0.01359757270496083,0.4896185376199295,-0.12481847063509761,0.47265960316143074,795.3941268412968,5.688210368442417,0.9255150865705516,1070,Yes,9.26464033126831
2.0,0.1,0.01,4,4,-6.677429876532421,0.017477790945094964,0.4668905173865876,-0.22438292713205116,0.4497607004331172,794.2751013834275,5.685805010242435,0.8085916626702756,1080,Yes,10.09622859954834
2.0,0.1,0.01,5,5,-6.682149162380378,0.00011958824117913285,0.45278320544431183,-0.17883493293833938,0.4150359219451895,798.0323714711634,5.6876417167657625,0.9000919061803684,1060,Yes,9.63726544380188
2.0,0.1,0.05,1,5,-6.629152812298677,0.02021363578945963,0.48432467180149585,-0.11083339853893466,0.4643260995759162,756.8407128188253,5.682715444050744,0.9221603687453377,1060,Yes,9.287417888641357
2.0,0.1,0.05,2,8,-6.626001985904912,0.010598056277465876,0.4885488830227951,-0.07094912906136126,0.41251283304285835,754.45979202879,5.731037267662445,0.9407480405624763,1090,Yes,10.164495944976807
2.0,0.1,0.05,3,5,-6.636755133212561,0.007201935098456989,0.4598566388637839,-0.11560835991101796,0.45632644427565,762.61638523879,5.72874977775758,0.8908047440602495,1060,Yes,8.908275842666626
2.0,0.1,0.05,4,7,-6.6279046641123145,0.02233877735024478,0.46513020151886186,0.005753932997353869,0.4196182908814023,755.8966527417524,5.6772544989485505,0.8992422238610774,1070,Yes,9.24507212638855
2.0,0.1,0.05,5,5,-6.629703515594792,0.004733421631014089,0.4603071819297006,-0.11943184396951682,0.43950292741140046,757.2576222801796,5.69293043711829,0.91553035232836,1070,Yes,9.636186599731445
2.0,0.1,0.1,1,5,-6.608206527999348,0.02112641239099167,0.48578314249798227,-0.1438677244355033,0.46699250227615063,741.1525896118844,5.691620238880554,0.8572168665188002,1060,Yes,9.815529346466064
2.0,0.1,0.1,2,7,-6.612341617470597,0.012118691107314014,0.4746153270561631,-0.11242169050436895,0.39930369047263625,744.2236670958426,5.683345936496997,0.8902180817814183,1060,Yes,9.595831871032715
2.0,0.1,0.1,3,5,-6.609196707387918,0.020043641416554098,0.48638731101255683,-0.08253376768811839,0.48238200438615947,741.8868270833177,5.698486017103956,0.9050154114706862,1060,Yes,9.76224946975708
2.0,0.1,0.1,4,5,-6.60952131935749,0.02021449579364724,0.4851714894547517,-0.09957646607883947,0.46987482803246045,742.127691519081,5.688420067830455,0.8870884603154493,1060,Yes,9.22808051109314
2.0,0.1,0.1,5,5,-6.6099834023913875,0.01368161885527852,0.4684214619458114,-0.0912444774337559,0.45993052678922836,742.470695376346,5.706476314028046,0.9104541552203231,1060,Yes,9.50279712677002
2.0,0.1,0.5,1,3,-6.57911731376068,0.020153134883921522,0.48495475521322473,-0.19031990893523199,0.4593696984529251,719.9035997144755,5.728435208198251,0.849165552242043,1060,Yes,9.041747570037842
2.0,0.1,0.5,2,3,-6.565369121972898,0.016624996208252668,0.46366494363300015,-0.26922199893911053,0.5070486472577463,710.0739517266921,5.708774499241726,0.6851712495522294,1060,Yes,9.176943302154541
2.0,0.1,0.5,3,4,-6.5630663958870255,0.01167831011277389,0.44989044807316203,-0.12630262290398683,0.4463747721057566,708.440727071349,5.700498460709529,0.7902742930567798,1060,Yes,9.46090841293335
2.0,0.1,0.5,4,4,-6.568448539863812,0.018138516166993315,0.4756616754350101,-0.22919814100696145,0.4806079006309241,712.2639363658496,5.71144599963601,0.753331827006141,1070,Yes,10.108865022659302
2.0,0.1,0.5,5,3,-6.567670731570372,0.008290482397211814,0.4473518152747415,-0.21675440220995218,0.4889045658418345,711.7101469679386,5.715141270169351,0.7097586540871271,1060,Yes,9.33280086517334
2.0,0.1,1.0,1,2,-6.578207091561199,0.02153035862136571,0.4858876748841973,-0.16896909988585587,0.5085183912452096,719.2486256077364,5.750856277234589,0.7847261007167995,1060,Yes,9.142799854278564
2.0,0.1,1.0,2,4,-6.565264345164974,0.018221513414235658,0.4903316299677654,-0.07989115362905719,0.4744229598292361,709.9995563421637,5.748953323054911,0.7953947435915583,1060,Yes,8.985736608505249
2.0,0.1,1.0,3,3,-6.56420294147015,0.011430874402679824,0.43888867143418614,-0.1293635628573171,0.4661040778859539,709.246359983149,5.7411540343857,0.6776865949945332,1060,Yes,8.765283823013306
2.0,0.1,1.0,4,3,-6.563095161975965,0.014464311110631988,0.44886650227810027,-0.2136180879009067,0.48968698273642913,708.4611064334281,5.741334790209915,0.7007218690492719,1060,Yes,9.196671962738037
2.0,0.1,1.0,5,3,-6.579788659273816,0.007094011985731273,0.4597207882953805,-0.15718486609107876,0.4501251064912671,720.3870660343481,5.762163504115403,0.8625613771032675,1060,Yes,8.710324048995972
2.0,0.1,2.0,1,2,-6.589897369200073,0.012743783259419585,0.47490161581082735,-0.17489815963375097,0.501287557084675,727.7061809987355,5.8056339283698435,0.7842401785618254,1060,Yes,8.931233167648315
2.0,0.1,2.0,2,2,-6.594037443395658,0.009895461513408366,0.4637148720645246,-0.27069164307230165,0.5084151449459924,730.7251837160845,5.82065847296651,0.7136580463888947,1060,Yes,8.805493116378784
2.0,0.1,2.0,3,3,-6.602657621425084,-0.0015291334860412305,0.46815647048846915,-0.18293223403283934,0.44993983031004586,737.0513922384955,5.850675572058897,0.8312296044545482,1060,Yes,9.08997654914856
2.0,0.1,2.0,4,3,-6.589585971350528,0.01315443456270507,0.4779341264563849,-0.21913782901121542,0.45510202569212027,727.479610137542,5.801793757673825,0.8187636551274983,1060,Yes,9.382924795150757
2.0,0.1,2.0,5,2,-6.592276002138284,0.009384324037984665,0.46327489400537336,-0.17752817562303813,0.4932003800505331,729.4391871658776,5.8089700031626474,0.7932552626552599,1060,Yes,8.912309169769287
2.0,0.1,5.0,1,2,-6.634395293164467,0.021829461916453047,0.4854969140319464,-0.26427233626941493,0.5199036533419998,760.8188543284671,5.945180244739889,0.7271997209599695,1060,Yes,8.653828859329224
2.0,0.1,5.0,2,2,-6.638892279048961,0.0111221291395852,0.4647707657669802,-0.27069164307230165,0.5084151449459924,764.2479504967228,5.961151212439193,0.7186833811752741,1060,Yes,8.968608617782593
2.0,0.1,5.0,3,2,-6.634249281941829,0.021416809006926933,0.48603602077285735,-0.32145427809955035,0.5267348106000739,760.7077743469991,5.943519371159681,0.6359094869785076,1060,Yes,8.894426822662354
2.0,0.1,5.0,4,2,-6.637966636487547,0.008949717296034025,0.4629007922421266,-0.17752817562303813,0.4932003800505331,763.540857374501,5.95177097738132,0.7941724588858987,1060,Yes,9.139762878417969
2.0,0.1,5.0,5,2,-6.630891936810884,0.02156929717952447,0.485836803949569,-0.16896909988585587,0.5085183912452096,758.1580982709489,5.945999843718792,0.7857469084358675,1060,Yes,9.201903820037842
2.0,0.5,0.01,1,11,-6.665579268075715,0.01253391450159645,0.4787352470087061,-0.09776655803717428,0.4698087364404238,784.9180112621698,5.6051010701262864,0.9531374996719525,1320,Yes,12.06436562538147
2.0,0.5,0.01,2,11,-6.699492394045263,0.005053176458595065,0.4596824365403229,-0.15740136272793356,0.3914375608395148,811.9935477791064,5.626906141469845,0.9540780442509073,1160,Yes,11.178558588027954
2.0,0.5,0.01,3,12,-6.6914657732516405,0.018613790660798032,0.4849042774581326,-0.1679999692880819,0.46568834520151775,805.5020706488409,5.636126610973673,0.9464727944009887,1070,Yes,11.136631965637207
2.0,0.5,0.01,4,9,-6.703695912918626,0.007004677980265237,0.46009875787386967,-0.0728454978211457,0.4151392907734556,815.4139618333243,5.660886154655175,0.9649121874131439,1080,Yes,9.868045568466187
2.0,0.5,0.01,5,9,-6.691725882159849,0.02008149721169094,0.4844472201290581,-0.1260518245326737,0.4282865159079291,805.7116161641434,5.642432552737885,0.9505843895478652,1570,Yes,13.091208457946777
2.0,0.5,0.05,1,7,-6.6421321580248085,0.0057118107952100865,0.45870632517753834,-0.0896657199696061,0.43212246701314055,766.728036784165,5.670819181786165,0.9405794689989962,1200,Yes,10.375909090042114
2.0,0.5,0.05,2,11,-6.64939197593587,0.006291088728170976,0.4590897459797879,-0.05358657274115825,0.42309051671729603,772.3145968864744,5.635618806488119,0.947757108959939,1150,Yes,11.347931861877441
2.0,0.5,0.05,3,8,-6.615655381649998,0.012524466017748086,0.4781750104896557,-0.08567944850380282,0.5242592891047164,746.6939395149437,5.637780790178123,0.917681244107366,1260,Yes,11.211774349212646
2.0,0.5,0.05,4,11,-6.6503048914495695,0.005633278400345748,0.4563941699747567,-0.07742681886823355,0.38185255430395104,773.0199767905676,5.642930753323325,0.9673886615939598,1120,Yes,10.713159799575806
2.0,0.5,0.05,5,7,-6.608933072373485,0.014105580512506075,0.4783585917028716,-0.14158808112896423,0.5231278367325525,741.691265518523,5.62035201611091,0.8726272357650658,1100,Yes,10.44495964050293
2.0,0.5,0.1,1,5,-6.6317603866082715,0.005214765975146112,0.4578073422435849,-0.22541620210786006,0.46149246859051885,758.8168065038956,5.678097028953657,0.8378795711696556,1080,Yes,9.641802787780762
2.0,0.5,0.1,2,8,-6.634240485030839,0.007410902423544109,0.45980723012674285,-0.06609321746726922,0.4357755304182527,760.7010824978528,5.664650949528885,0.9221058002049775,1080,Yes,9.935165882110596
2.0,0.5,0.1,3,10,-6.630053156745264,0.020495141211914807,0.4851315289356791,-0.08478500915110876,0.47299284542211195,757.5224369988011,5.658108258528593,0.9098858261484072,1060,Yes,10.128651857376099
2.0,0.5,0.1,4,5,-6.621257203996753,0.006813070736135318,0.45982247922701697,-0.10322143182741911,0.4767526310081898,750.8885240010824,5.700956091221737,0.9056278008153087,1130,Yes,9.814610481262207
2.0,0.5,0.1,5,5,-6.6240142106663855,0.01778023653028772,0.4802916506542662,-0.20390691044569073,0.4198683690130638,752.9615850783864,5.6667214570389834,0.8837623122627615,1100,Yes,9.892573833465576
2.0,0.5,0.5,1,3,-6.593609177722387,0.010269429013795222,0.46133428664110293,-0.12974955680916275,0.47024352902237204,730.4123062054351,5.727993477074986,0.7661772342556105,1060,Yes,9.195390462875366
2.0,0.5,0.5,2,4,-6.590233290642175,0.015939944409724748,0.46891521850519086,-0.22702064452893708,0.5027926806678812,727.9506741714334,5.720409055173561,0.7090703088247183,1140,Yes,10.171056985855103
2.0,0.5,0.5,3,4,-6.561082171940464,0.013130276452711965,0.4796920536844324,-0.11638132732918735,0.46668837840761973,707.0364157108379,5.6883321741765105,0.8270231623379228,1060,Yes,9.29692554473877
2.0,0.5,0.5,4,6,-6.5576885872484665,0.015504702330264132,0.4789735075867346,-0.013575714288219078,0.4349000095737419,704.6410944154296,5.695425329549363,0.8691300566767768,1060,Yes,9.143414497375488
2.0,0.5,0.5,5,4,-6.573363318915471,0.015136756725223634,0.48156408292871417,-0.16545656696087893,0.5141197447983358,715.7731727364404,5.693906448318671,0.8197096951325996,1080,Yes,9.630039930343628
2.0,0.5,1.0,1,3,-6.590663530764627,0.00727914441768986,0.4606171726913049,-0.16515544639932545,0.4388112823065871,728.2639351425153,5.7675909453829615,0.8456630947638993,1060,Yes,8.515182495117188
2.0,0.5,1.0,2,4,-6.5908320958583015,0.007250565749025072,0.46095186662311577,-0.1576195347791675,0.4176742303440454,728.3867053680589,5.762292849244156,0.9140748482583934,1090,Yes,9.759514093399048
2.0,0.5,1.0,3,3,-6.5865426061294405,0.020020674830075143,0.4843769330059108,-0.17097681028418926,0.44504945991111194,725.2689895621311,5.751650157709406,0.8473413391612814,1060,Yes,8.450886249542236
2.0,0.5,1.0,4,3,-6.592720553081267,0.011613258243584411,0.4854311082532114,-0.2655560874044527,0.48500493763037583,729.7635321329697,5.754359487747329,0.8134295934951833,1110,Yes,9.348077535629272
2.0,0.5,1.0,5,3,-6.582319706837323,0.008278423330429118,0.47474765289373194,-0.19295276342688392,0.46607941941816505,722.2127093830715,5.749660547987791,0.8456532760240209,1060,Yes,8.680588006973267
2.0,0.5,2.0,1,3,-6.597452672906731,0.008317457143119981,0.46290903140321915,-0.20830359761490733,0.4639401662926078,733.2250442969897,5.817143988082836,0.8597238803943362,1060,Yes,8.770255327224731
2.0,0.5,2.0,2,2,-6.5973797440119535,0.00900526428517015,0.46294860610365485,-0.3265897235418597,0.5175440038832679,733.1715729547127,5.810377115316868,0.6356644715126956,1060,Yes,9.192584753036499
2.0,0.5,2.0,3,3,-6.598095855168476,0.010265059141265426,0.4752576424959984,-0.2395924322649483,0.4603594472197031,733.6967933333923,5.7995477743320984,0.8269704007004389,1070,Yes,9.648922204971313
2.0,0.5,2.0,4,3,-6.596170096521121,0.008375376625511568,0.4624666302542973,-0.2630090734309925,0.4607280014358732,732.2852299904877,5.81293455419203,0.8178457381534054,1060,Yes,9.539053916931152
2.0,0.5,2.0,5,3,-6.596131879992965,0.008954674625154703,0.4753422010500171,-0.28088107036290494,0.4908516954625034,732.2572451261235,5.801936635909686,0.8080488236835575,1060,Yes,9.446922302246094
2.0,0.5,5.0,1,2,-6.639629097774132,0.011704701170983716,0.4652722334229724,-0.17752817562303813,0.4932003800505331,764.811270204091,5.96025478205696,0.7707552778301446,1060,Yes,8.940954208374023
2.0,0.5,5.0,2,2,-6.640594202677216,0.013453042158417767,0.48560946545325356,-0.17502431890662795,0.5087346865028244,765.5497496086256,5.954935552372511,0.7846323863803057,1070,Yes,9.140802145004272
2.0,0.5,5.0,3,2,-6.633515544946803,0.013024904672301274,0.4749730305293845,-0.26871913108033624,0.5144805277215989,760.1498196315977,5.9459272159956145,0.7305972022986823,1060,Yes,8.463114500045776
2.0,0.5,5.0,4,2,-6.636726825996473,0.009817725914168856,0.4636479586415712,-0.27069164307230165,0.5084151449459924,762.59479799752,5.951477167616835,0.7306028837551678,1060,Yes,8.562762260437012
2.0,0.5,5.0,5,2,-6.635594880164813,0.01311292109306855,0.4749953897934942,-0.26871913108033624,0.5144805277215989,761.7320703672713,5.946886705688792,0.7263299577108216,1080,Yes,8.981964588165283
2.0,1.0,0.01,1,14,-6.71559402122712,0.013571003450311286,0.46923566905795516,-0.18353574940741677,0.45047402884670495,825.1737920889585,5.618242016764419,0.921041241309443,1060,Yes,11.733235597610474
2.0,1.0,0.01,2,12,-6.6992169052103785,0.014242508196368988,0.4839736959065292,-0.18833559536334799,0.4359172198280127,811.7698834326244,5.666642539191873,0.9163629971770679,1130,Yes,11.481781482696533
2.0,1.0,0.01,3,12,-6.713827340645941,0.006645493206818448,0.459568442522229,-0.1272363653919146,0.42433370284122046,823.7172605661948,5.6209869716286835,0.9440808588702121,1160,Yes,11.398610591888428
2.0,1.0,0.01,4,12,-6.713090028651322,-0.001210015199011606,0.47240877721709507,-0.13731587170539303,0.4857474306907187,823.1101477930736,5.655769220471,0.9643606920702931,1290,Yes,11.409474611282349
2.0,1.0,0.01,5,17,-6.722433244345639,0.012809938555459288,0.47330541735101106,-0.13428296288412592,0.45407201504580846,830.836682576936,5.638628110324103,0.9496739401319517,1120,Yes,11.879009008407593
2.0,1.0,0.05,1,14,-6.657026739268394,0.007803020515979071,0.43919421278285037,-0.053345742475305345,0.41618827776868983,778.2336024037508,5.6489092165664205,0.9482272461615412,1090,Yes,10.736567258834839
2.0,1.0,0.05,2,9,-6.663853685302366,0.012621072440785275,0.47571167381195695,-0.09672553760415248,0.4413809428887025,783.5647381915903,5.694879757628915,0.9333295878717782,1060,Yes,9.631734848022461
2.0,1.0,0.05,3,8,-6.655583902002205,0.005957463214278178,0.46152804967825173,-0.09643393632973199,0.4644893311711724,777.111547626282,5.656823057272846,0.9510279653637279,1340,Yes,11.501044988632202
2.0,1.0,0.05,4,12,-6.66195148189591,0.006991219035303739,0.4663850111853079,-0.037827562457227196,0.48699796794964106,782.075655395612,5.656486360661457,0.9434796531698799,1060,Yes,10.025033950805664
2.0,1.0,0.05,5,8,-6.62465477947188,0.020061394639551193,0.4822437301106806,-0.18174377600303704,0.5105751785427065,753.4440632952732,5.641507235354624,0.8561010459761859,1200,Yes,10.594250917434692
2.0,1.0,0.1,1,11,-6.605101284688351,0.021226846834327268,0.48570839994687703,-0.0796047079849131,0.4088904787101146,738.8547000900536,5.623481641005927,0.9504743708995811,1160,Yes,10.850462913513184
2.0,1.0,0.1,2,10,-6.645783356432841,0.011870363913048831,0.45281279664010815,-0.13694453327389863,0.43306010186984295,769.5326299187325,5.6707524294084415,0.9110566159342843,1100,Yes,10.142593383789062
2.0,1.0,0.1,3,13,-6.613631859508958,0.01296526128664383,0.47723615712919715,-0.007241991253866448,0.4470192720207662,745.1845154872708,5.618761711305297,0.9370983696830302,1440,Yes,12.577901601791382
2.0,1.0,0.1,4,8,-6.633219392773932,0.00957835315871673,0.46339593809595003,-0.07184800963044585,0.45697863264477806,759.9247329424072,5.6974820074261325,0.9287445127561205,1090,Yes,9.349315166473389
2.0,1.0,0.1,5,12,-6.613256953015917,0.01016214705568267,0.4777774274738601,-0.031280963420728454,0.47183533886727,744.9051933370163,5.668333454470188,0.935969843288371,1070,Yes,10.093602895736694
2.0,1.0,0.5,1,5,-6.597803505396032,0.020416533384164923,0.48167983535323017,-0.14775529347118607,0.4702027578257493,733.4823285937049,5.717763993806652,0.813179554288824,1120,Yes,9.651612043380737
2.0,1.0,0.5,2,4,-6.602879127176867,0.013708923161617571,0.4576715154928111,-0.1853695046597624,0.4715014478271005,737.2146714442102,5.759569150589799,0.7701469387760065,1060,Yes,8.910918474197388
2.0,1.0,0.5,3,4,-6.60316472173125,0.00809253004222095,0.4624011668666766,-0.19438300577806591,0.4854718077815079,737.4252460078293,5.7356844222794825,0.8523193476286571,1320,Yes,10.584349393844604
2.0,1.0,0.5,4,4,-6.60104027830075,0.010786777863956352,0.44548830437783393,-0.09606635176726343,0.4957691474925367,735.8602907065546,5.7235351667556325,0.782778256234339,1070,Yes,8.951879978179932
2.0,1.0,0.5,5,5,-6.574687966120648,0.016213575837296375,0.47558562569925594,-0.13384893801702788,0.48561259936354445,716.7219479267146,5.695892745509883,0.8083638966322806,1060,Yes,8.780376434326172
2.0,1.0,1.0,1,4,-6.595736428371278,0.0180995551936442,0.4835198491765625,-0.19466421351774893,0.42258284482175856,731.9677300594201,5.754349389180666,0.9016456204926261,1060,Yes,8.833268404006958
2.0,1.0,1.0,2,4,-6.592231297508577,0.0001840869158417561,0.4285256199823321,-0.1656958221380373,0.42745964631531663,729.4065785860039,5.78160896259937,0.7906943810662728,1060,Yes,9.36500597000122
2.0,1.0,1.0,3,3,-6.590525180177239,0.008318108024404917,0.4622409873824191,-0.2436850496650682,0.47213395391532115,728.1631863688013,5.76947769404333,0.7963765257763746,1110,Yes,9.250473022460938
2.0,1.0,1.0,4,3,-6.594685118970051,0.011613348119081723,0.44707115739840253,-0.27379839227291103,0.4949461619217403,731.1986098658983,5.793464459237643,0.6894908260610649,1130,Yes,9.24746322631836
2.0,1.0,1.0,5,3,-6.595214298004988,0.009120019016785672,0.4567873942687914,-0.13334504513511453,0.48741842659325757,731.5856472376142,5.787195124855698,0.6843898798144665,1060,Yes,8.336030721664429
2.0,1.0,2.0,1,2,-6.598214036820467,0.02120117643872518,0.48631773203283873,-0.32145427809955035,0.5267348106000739,733.7835079564265,5.802272241497793,0.6354448509597826,1060,Yes,9.315871477127075
2.0,1.0,2.0,2,3,-6.598078821439993,0.017587485963148384,0.4855207577694478,-0.2825233340278282,0.4849275228248146,733.684295847865,5.83638461411301,0.7288181483836349,1060,Yes,8.959622621536255
2.0,1.0,2.0,3,3,-6.6013352230298326,0.007208916440867451,0.46180488094418076,-0.19724479968922218,0.44832947535235695,736.0773608309106,5.813203293590799,0.8829670097739454,1060,Yes,8.385651111602783
2.0,1.0,2.0,4,3,-6.603167964555939,0.010664826916610626,0.4631989333221678,-0.1726268502195265,0.4500801469542261,737.4276373525005,5.852983918589272,0.8566190699382011,1060,Yes,8.394569396972656
2.0,1.0,2.0,5,3,-6.603930352112821,0.012029344539314538,0.46446769085206374,-0.25759940073506876,0.471874089631738,737.9900573710892,5.815497457022826,0.8252472630247828,1060,Yes,8.795169353485107
2.0,1.0,5.0,1,2,-6.637684005201866,0.019017851708954068,0.482868572476138,-0.2654453847564926,0.5183914653485096,763.3250873334297,5.948880325305118,0.7247278328176642,1060,Yes,8.27490782737732
2.0,1.0,5.0,2,2,-6.6507362938529155,0.004682492397418215,0.4384862540700787,-0.27438528972174614,0.4740457983054913,773.3535314093486,5.990676423636383,0.717880753133013,1060,Yes,8.457254886627197
2.0,1.0,5.0,3,2,-6.639583565031201,0.010247259543397053,0.4640176935595037,-0.3265897235418597,0.5175440038832679,764.7764470419373,5.9552237293318315,0.6379906813085445,1060,Yes,8.721716403961182
2.0,1.0,5.0,4,2,-6.645018734165422,0.009705752738112043,0.4703202065954713,-0.2713233887250618,0.5025693360077068,768.9444530296207,5.9893147768799695,0.7114212441785348,1100,Yes,8.504736185073853
2.0,1.0,5.0,5,3,-6.64505469145533,0.012054952575650238,0.45431008141983387,-0.10527326623939784,0.44406667985341025,768.972102685342,5.973001405671123,0.8491635344073855,1060,Yes,7.90963077545166
2.0,2.0,0.01,1,10,-6.690119757619716,0.00974226105079776,0.46449509309018294,-0.12160551213145868,0.49382283196273463,804.4185816303626,5.644367066523752,0.9284394085343407,1330,Yes,11.508312702178955
2.0,2.0,0.01,2,13,-6.727572259148214,0.02027780878544876,0.4854625775602478,-0.02551982429354215,0.4592668799447598,835.1173543842594,5.6179762195438965,0.9730536661707637,1060,Yes,9.834811925888062
2.0,2.0,0.01,3,11,-6.729915754480723,0.011006041595049379,0.4662915078918734,-0.12693114025833557,0.4985744183399479,837.0767430186739,5.621778899109492,0.9426037516526146,1120,Yes,10.338269710540771
2.0,2.0,0.01,4,13,-6.730929170635946,0.010581510734368917,0.4839028486996119,-0.09317338462883065,0.45641318384652496,837.9254801025078,5.5900849079037895,0.965636328563368,1530,Yes,12.939463376998901
2.0,2.0,0.01,5,9,-6.71876326944815,0.015746040478445338,0.4694173127673603,-0.13109002925239302,0.49325185563447443,827.7931211211076,5.639765705886912,0.915988454961974,1110,Yes,9.598667621612549
2.0,2.0,0.05,1,11,-6.6547387158672215,0.00882979437692032,0.4605190689993531,-0.08317796099814284,0.42873466592967024,776.4550212034892,5.650855279453865,0.9475335463009534,1710,Yes,14.132019758224487
2.0,2.0,0.05,2,11,-6.668134900838964,0.018698008737245107,0.4839879322562404,-0.11694723961156459,0.44313434025803394,786.92653888453,5.62280154481562,0.9382382351750153,1510,Yes,12.924851179122925
2.0,2.0,0.05,3,14,-6.678274143665851,0.012418740451012945,0.44221051207470646,-0.041331885016252776,0.4396065099078868,794.9459649005879,5.661916109454946,0.9545274131148089,1090,Yes,10.780089616775513
2.0,2.0,0.05,4,16,-6.635175910273872,0.012807396190460531,0.47766276971791666,-0.06695964339790317,0.44513661518367087,761.4129944110995,5.574569130916246,0.9418600606060419,1430,Yes,13.190479278564453
2.0,2.0,0.05,5,10,-6.657362437617107,0.01973897436958271,0.4837477882816486,-0.1349057924080616,0.4347084481871986,778.4948979947859,5.62394860103039,0.9117352421893463,1120,Yes,10.62367844581604
2.0,2.0,0.1,1,10,-6.648322319309485,0.004949984294059727,0.45859490613921233,-0.15781693664313792,0.40992927394429285,771.4889271305486,5.6564120576695895,0.9220519399509131,1090,Yes,9.886902093887329
2.0,2.0,0.1,2,10,-6.652836064345395,0.019543545314562268,0.4836097713677087,-0.08100132093488535,0.4239781192406152,774.9791024005908,5.636503192650183,0.9336608203250395,1100,Yes,10.361887454986572
2.0,2.0,0.1,3,7,-6.624945714870058,0.008610954632560971,0.46147327087643486,-0.1553428325920588,0.502559306124999,753.6632987339608,5.659938314016756,0.8774366499978944,1060,Yes,9.54549503326416
2.0,2.0,0.1,4,12,-6.615659326521237,0.014648075555426899,0.4796629530945843,-0.03196473794775652,0.48003201388333516,746.6968851321998,5.600095217546532,0.9492927475566102,1140,Yes,10.470516204833984
2.0,2.0,0.1,5,10,-6.644974604356271,0.013957390845457062,0.48204396060586113,-0.15434898348089374,0.4514670666638815,768.9105204063865,5.6629993013843265,0.9121236887188611,1160,Yes,10.755271196365356
2.0,2.0,0.5,1,7,-6.575293274296035,0.012968808058586299,0.4752635036010683,-0.15367863049748154,0.4475633817762983,717.1559169105102,5.714505683948611,0.8897832775822351,1080,Yes,9.600346803665161
2.0,2.0,0.5,2,4,-6.605529902884084,0.018569392762858645,0.48234122886289654,-0.1314863101136867,0.46561330879519447,739.1714545370255,5.713852364477219,0.8404440370494793,1190,Yes,9.476604223251343
2.0,2.0,0.5,3,6,-6.60409211193835,0.009621446478680316,0.44736415707286675,-0.11891859323138478,0.5061673501310299,738.1094441697452,5.725728749094455,0.8901670319604689,1090,Yes,9.29840087890625
2.0,2.0,0.5,4,3,-6.6061156207877385,0.006799987420641713,0.45857375439344483,-0.2725656550343929,0.49811486236456615,739.6045273086754,5.718940194397775,0.7225825494055954,1120,Yes,9.230918884277344
2.0,2.0,0.5,5,5,-6.597718152875976,0.020553170903636824,0.4830330000776888,-0.08256131503519344,0.4226281229151283,733.4197267001954,5.72916817007629,0.8898588720038967,1100,Yes,9.248128652572632
2.0,2.0,1.0,1,4,-6.602333788494958,0.00763939089750857,0.46262152420749697,-0.23568429739833116,0.4666903183643754,736.8127493687891,5.7713031132904655,0.8713806574925037,1160,Yes,9.277052640914917
2.0,2.0,1.0,2,3,-6.601592548478913,0.01937388142750534,0.4858259250006135,-0.2735404915431704,0.5027653322460953,736.2667966406266,5.742934440945613,0.8104549078762752,1120,Yes,9.267771005630493
2.0,2.0,1.0,3,4,-6.602071931352761,0.014158015768362175,0.47719442415212787,-0.10937590836086723,0.5170477451354627,736.6198349470168,5.78251790836504,0.8164337305032603,1060,Yes,8.705772161483765
2.0,2.0,1.0,4,4,-6.589361639789892,0.013598134895963732,0.47855079633380027,-0.23476813282304573,0.4997815033858899,727.3164318049788,5.748742700556879,0.7895928557994112,1100,Yes,9.54474425315857
2.0,2.0,1.0,5,4,-6.602138632677264,0.020159644718533414,0.4845987467551118,-0.13399588788446778,0.4552665352408261,736.6689701043352,5.752161309469311,0.8593009650572686,1070,Yes,8.94771957397461
2.0,2.0,2.0,1,3,-6.598354133491476,0.009818258080862077,0.4634177172647598,-0.29009359585550576,0.47293150789492544,733.8863157844817,5.817539438114799,0.746594204046756,1060,Yes,8.55332064628601
2.0,2.0,2.0,2,3,-6.603220851456994,0.010094109646526291,0.4755479314955118,-0.11880973431883424,0.4699023632360662,737.466638646312,5.79156564026386,0.8938621716924576,1060,Yes,8.378260850906372
2.0,2.0,2.0,3,3,-6.605399553587747,0.010530891254791985,0.471329039447528,-0.1814870819407791,0.4453329703688309,739.0751103373905,5.833578410077789,0.8492319215180085,1060,Yes,8.448328018188477
2.0,2.0,2.0,4,3,-6.605170800452967,0.008398844850991138,0.46212760040778655,-0.3241744215030235,0.489213858543911,738.9060639247484,5.806354411765697,0.6731263135971366,1090,Yes,9.43130111694336
2.0,2.0,2.0,5,3,-6.600718726733265,0.020499100539800415,0.4845101514314619,-0.2460483898575018,0.45595769507367995,735.6237117148395,5.800180990281119,0.8208186848461365,1090,Yes,9.005663633346558
2.0,2.0,5.0,1,2,-6.643423159270904,0.0140305332361943,0.46718747735423805,-0.2701109197335541,0.5088581521805907,767.718522856878,5.976621200053,0.7183142442817617,1130,Yes,8.259292840957642
2.0,2.0,5.0,2,2,-6.639253486773776,0.018882396411605624,0.48294044631124766,-0.3223927168892125,0.5255250602052817,764.5240526222245,5.946400093091673,0.635584446437352,1060,Yes,8.721511602401733
2.0,2.0,5.0,3,3,-6.640342767087742,0.012914567219478212,0.46486559389295495,-0.10561276298220217,0.45350750988464866,765.3572873530059,5.955107190621831,0.8804813548556378,1060,Yes,8.439488649368286
2.0,2.0,5.0,4,3,-6.644567734580606,0.009784145412014163,0.463387265837486,-0.10503828253052563,0.4511063913974865,768.5977375906937,5.951222216106211,0.8668935839484216,1060,Yes,8.454038143157959
2.0,2.0,5.0,5,2,-6.639846494710606,0.010962031938845575,0.47580533137845465,-0.2697269973272247,0.5149124740505626,764.9775559055604,5.9391871131732,0.7271412989778981,1060,Yes,8.366105079650879
2.0,5.0,0.01,1,8,-6.73603470397957,0.009061118837339234,0.463161334997138,-0.13950537261071766,0.47898692995787373,842.2144760700263,5.6546149951334295,0.9543137757263671,1200,Yes,10.276248455047607
2.0,5.0,0.01,2,12,-6.717115938191935,0.01925603485215774,0.48489645796738023,-0.13076477478526619,0.5082332340196803,826.4305942137104,5.616720492738127,0.9416068102682614,1430,Yes,12.805079221725464
2.0,5.0,0.01,3,8,-6.704099954248049,0.013599935245962614,0.4807666091172297,-0.12761050518813288,0.5052889258125791,815.7434893413769,5.625746188968984,0.9363236344613926,1990,Yes,15.256550788879395
2.0,5.0,0.01,4,9,-6.741470112856535,0.006266629827475325,0.4616274006369005,-0.15003585214840956,0.5035154616774857,846.8047197340977,5.641264682564937,0.9564640473150575,1140,Yes,10.061026811599731
2.0,5.0,0.01,5,10,-6.725952480569273,0.022365594636389378,0.4630286391430645,-0.16010886724007162,0.42592071823949773,833.7657441329079,5.630348250691009,0.9018833668667807,1330,Yes,11.933862209320068
2.0,5.0,0.05,1,10,-6.665506605782552,0.005666626413690347,0.45946827765242,-0.16342433820316665,0.39273523538253835,784.8609793915849,5.64862823073188,0.9444968961489395,1390,Yes,11.734748601913452
2.0,5.0,0.05,2,10,-6.653982510306136,0.013083946343393802,0.48742325215813687,-0.1240444298069177,0.443842131985454,775.8680835492514,5.667250598027526,0.9416985666622336,1260,Yes,11.01034927368164
2.0,5.0,0.05,3,10,-6.676810433699811,0.006403197773689746,0.45936850104295834,-0.1307201330743442,0.398517575467419,793.7832457187154,5.642479545832375,0.9413160156643011,1160,Yes,10.490572214126587
2.0,5.0,0.05,4,11,-6.643914986672682,0.01303751465906094,0.47990378458580485,-0.06546435155284126,0.4402973697695507,768.096200731822,5.596551012804263,0.9518208445332269,1100,Yes,10.176676273345947
2.0,5.0,0.05,5,10,-6.633029978644686,0.02038340599018022,0.4856079819200336,-0.15839112462217914,0.46901200719836766,759.7808060921442,5.611727462106478,0.9147563281891885,1680,Yes,13.847882270812988
2.0,5.0,0.1,1,6,-6.6471450509513526,0.007141064831779381,0.4621003713217385,-0.19873771552441438,0.44207561746780155,770.5812120449508,5.695147004273271,0.9068172630677039,1180,Yes,9.701348066329956
2.0,5.0,0.1,2,8,-6.627389968603125,0.00858412055266972,0.4640899256038816,-0.13071184498791727,0.4655376133099417,755.507696234845,5.663467183007939,0.9147390061461038,1060,Yes,9.88822054862976
2.0,5.0,0.1,3,7,-6.628072005058696,0.013517230334327515,0.475871677253476,-0.15640889495214289,0.48207776401674496,756.0231557872634,5.634630181015515,0.876957356227368,1080,Yes,9.56962776184082
2.0,5.0,0.1,4,9,-6.654571805213266,0.009955803748803416,0.47501562839218225,-0.15921904832749487,0.42974055605290834,776.3254334032259,5.661272669148061,0.9295635662251732,1340,Yes,11.578766107559204
2.0,5.0,0.1,5,8,-6.650909213046157,0.020498351488259133,0.48520800419029975,-0.11224809941698712,0.42908397347928706,773.4872706407972,5.649130930497582,0.9291323082896148,1210,Yes,10.612059354782104
2.0,5.0,0.5,1,6,-6.600118035158998,0.009047831075752669,0.46269692375809196,-0.08141757632536264,0.47354537038788813,735.1819614404978,5.73947876070531,0.930582180659407,1090,Yes,9.475582361221313
2.0,5.0,0.5,2,5,-6.61527358352099,0.00911110128695086,0.46212976894740326,-0.09179343814655584,0.4425911289491564,746.408907581687,5.728487140591732,0.9139980925333452,1060,Yes,8.995416641235352
2.0,5.0,0.5,3,4,-6.585211635035015,0.012382314736488903,0.47554204428480806,-0.2459225933858517,0.4967292433411548,724.3043196176546,5.6905636785199185,0.7798246951517775,1060,Yes,9.59672474861145
2.0,5.0,0.5,4,5,-6.604300388098248,0.00828019753998048,0.47542105788245553,-0.1667830695546697,0.468424346492003,738.2631907806825,5.7317350659218,0.9251618954665616,1340,Yes,10.516701221466064
2.0,5.0,0.5,5,7,-6.60205071468598,0.02037968417116976,0.4845037589658796,-0.13824160014153414,0.4405418477671377,736.604206495227,5.707653184165908,0.8988134062271733,1260,Yes,10.964091539382935
2.0,5.0,1.0,1,3,-6.606969571116807,0.011864709518993542,0.48521861948964484,-0.3117359508110655,0.49144689232390554,740.2363825862647,5.750594868393337,0.7477561277566784,1080,Yes,9.120779752731323
2.0,5.0,1.0,2,4,-6.6028131945780135,0.006642679421895004,0.46326222860768873,-0.2552641817913789,0.48733060723637767,737.1660665673496,5.762593291001051,0.8682646509267005,1140,Yes,9.420525789260864
2.0,5.0,1.0,3,3,-6.607484423817656,0.006676803653760049,0.46183179615375236,-0.2587513977689638,0.48136732847440983,740.6175934123971,5.755459630130282,0.816864571958626,1180,Yes,9.678196668624878
2.0,5.0,1.0,4,3,-6.598092458407529,0.011778983320297092,0.47594992419856724,-0.18292268890074986,0.4343654235371437,733.6943011450103,5.76487453457815,0.8276971328172018,1060,Yes,8.572365283966064
2.0,5.0,1.0,5,3,-6.606820872664068,0.018707772233927097,0.48330164065621634,-0.23714474853999987,0.47771807533562904,740.126318764876,5.753240923163711,0.7883601607771278,1200,Yes,9.943535327911377
2.0,5.0,2.0,1,3,-6.606900489748152,0.009489738198359306,0.46319973968206835,-0.16482964164946604,0.4359391605869318,740.185247810078,5.807200421565996,0.8620678793891515,1060,Yes,8.6476891040802
2.0,5.0,2.0,2,4,-6.603039004624723,0.008746578950886553,0.4637400888254588,-0.2546644871341748,0.5023367623063567,737.3325448668024,5.819110455383974,0.7559245903566646,1060,Yes,8.412511110305786
2.0,5.0,2.0,3,3,-6.609999513874666,0.009587332278344093,0.4632206564668341,-0.10503828253052563,0.4511063913974865,742.4826577769048,5.801158084332591,0.8671616444766018,1060,Yes,7.949553728103638
2.0,5.0,2.0,4,4,-6.602025118630301,0.009026886600771788,0.46276199974146315,-0.17906520659270392,0.39831034464521875,736.5853525742385,5.819281226917522,0.9235479063559792,1060,Yes,8.56960916519165
2.0,5.0,2.0,5,3,-6.605594488019121,0.02095732823917513,0.485132233434108,-0.24999890800820207,0.4693598397549702,739.2191955668965,5.800398307315656,0.8201609382460677,1070,Yes,8.779824256896973
2.0,5.0,5.0,1,3,-6.641666207146238,0.01147873129424529,0.46512138436671413,-0.1615903865661653,0.46984688257961366,766.3708624011216,5.9636153419251245,0.8808457546270833,1060,Yes,7.807818412780762
2.0,5.0,5.0,2,2,-6.644717753062648,0.015100109870067515,0.4681152309486458,-0.2701109197335541,0.5088581521805907,768.7130501058762,5.969358427374865,0.718706918513107,1060,Yes,8.067335605621338
2.0,5.0,5.0,3,2,-6.639410527883353,0.01040103980702063,0.4641500648787242,-0.27069164307230165,0.5084151449459924,764.6441237555517,5.951636275525082,0.7307551321463217,1060,Yes,8.203125476837158
2.0,5.0,5.0,4,2,-6.643863227298017,0.013880509297524572,0.4853892636832134,-0.32508740951201365,0.5268645877546427,768.0564455816498,5.950347745224116,0.6322389021040111,1060,Yes,8.723223447799683
2.0,5.0,5.0,5,2,-6.637527066823606,0.021213247131137345,0.48464417557533546,-0.2645525958265344,0.5194218276026452,763.2053017318632,5.9421893127655725,0.7266125221103774,1060,Yes,8.241866111755371
5.0,0.01,0.01,1,3,-6.669968094066709,0.017110844627377348,0.4676470329906799,-0.22940711476314873,0.45758460381264204,788.3704503663541,5.692579421401347,0.8135749158843275,1060,Yes,9.329892635345459
5.0,0.01,0.01,2,4,-6.6701269127320435,0.015978251660575444,0.48620873482178295,-0.16381093823207357,0.45291143549013624,788.495668252276,5.690714449559891,0.862891747900071,1060,Yes,9.095487594604492
5.0,0.01,0.01,3,5,-6.67580660398357,0.0005331493615445501,0.45291956896006985,-0.13457241646972082,0.45084417161531487,792.9868223120283,5.696356516052822,0.8935776578529823,1060,Yes,9.440145254135132
5.0,0.01,0.01,4,5,-6.671259427590063,0.012628550525801243,0.48158348116192656,-0.06202171474563991,0.4594031545772994,789.3891571612899,5.724068692929717,0.9270984639071322,1060,Yes,9.069978952407837
5.0,0.01,0.01,5,4,-6.676733785458184,0.013189928441728843,0.4676201702040231,-0.16591926614762384,0.4369892878291089,793.7224059603585,5.696878545507599,0.8621815209390905,1060,Yes,9.23623013496399
5.0,0.01,0.05,1,4,-6.619669635969474,0.019916538419974154,0.4857489672271177,-0.20870170573324973,0.45328054654852457,749.6973831470725,5.6950220843941315,0.848558626198043,1060,Yes,9.317763328552246
5.0,0.01,0.05,2,4,-6.618816589584238,0.020200037703337916,0.4860384086155067,-0.17655684278970143,0.461469322133736,749.0581291997571,5.697114765883642,0.8596378523980768,1060,Yes,9.184645891189575
5.0,0.01,0.05,3,4,-6.620256664550187,0.01716183842364571,0.46694240480110805,-0.021345365541867452,0.39923650895462515,750.1376061369617,5.695264212718147,0.8301860105113924,1060,Yes,8.65876293182373
5.0,0.01,0.05,4,4,-6.620121176362253,0.020917397590804767,0.4855824190947026,-0.17462413749246541,0.48951489629212813,750.0359782368507,5.694776342603754,0.8475897558990985,1060,Yes,9.143014430999756
5.0,0.01,0.05,5,4,-6.626365372618263,0.013018967941439185,0.46759861020843235,-0.1628997956988138,0.40516355071745336,754.7340025121767,5.704294245099465,0.8991396236622224,1060,Yes,9.162593364715576
5.0,0.01,0.1,1,4,-6.6002072303710495,0.020063797403671726,0.48567107670568144,-0.19622943314122862,0.47032975434061414,735.2475390760073,5.702868588323373,0.8456745303388534,1060,Yes,9.260881185531616
5.0,0.01,0.1,2,4,-6.601322849755427,0.02030919348819559,0.48589743766392796,0.010255758525493836,0.41517426338441876,736.0682532000868,5.703512266236866,0.8407901677708117,1060,Yes,8.44841480255127
5.0,0.01,0.1,3,5,-6.6006804929816925,0.020592611421320867,0.4859643459302854,-0.06418856379794809,0.45130906059312426,735.5955865982625,5.700208932924785,0.9090655474496383,1060,Yes,9.172622680664062
5.0,0.01,0.1,4,4,-6.601508172228334,0.017257285010384187,0.46733990862289165,-0.11948657846026482,0.45415387751123537,736.2046758296974,5.701525975042648,0.8894824165126385,1060,Yes,9.589128494262695
5.0,0.01,0.1,5,4,-6.608971665580214,0.003952475689979147,0.45667853154531124,-0.03904326625475953,0.38724423763130233,741.7198903152201,5.702914062303396,0.8365906262790229,1060,Yes,8.528942584991455
5.0,0.01,0.5,1,3,-6.573176780306298,0.019619328319742585,0.4849493271199037,-0.24906237415982285,0.48452188019737463,715.6396658567954,5.722876110053669,0.8035920761532493,1060,Yes,9.212113380432129
5.0,0.01,0.5,2,3,-6.57339873109008,0.021418961334757108,0.48598959404524833,-0.09861897572763896,0.46259489979349394,715.7985202698165,5.719779980603515,0.8580267041456646,1060,Yes,8.708644390106201
5.0,0.01,0.5,3,4,-6.561229965345564,0.014851594767701802,0.4806007830896558,-0.08259989686769538,0.459304535477543,707.1409187524855,5.711691132454339,0.6875981142717894,1060,Yes,8.564675569534302
5.0,0.01,0.5,4,4,-6.542743070037059,0.014982466414318852,0.4763738868217594,-0.07288442544350049,0.45182395323729807,694.1881755209323,5.6949561425166495,0.8308586164447128,1060,Yes,9.071918964385986
5.0,0.01,0.5,5,3,-6.579828596597738,0.007382487920924965,0.4597203094785517,-0.22535484107472875,0.47018154859042205,720.4158369404666,5.735261810094165,0.8048445227377602,1060,Yes,9.434354543685913
5.0,0.01,1.0,1,3,-6.5729249325787045,0.01872557531512765,0.4822234191692699,-0.22362641107512932,0.4675364021157609,715.4594563268065,5.750761971261526,0.8074737692734473,1060,Yes,9.34432053565979
5.0,0.01,1.0,2,2,-6.573092982688547,0.019064710216169338,0.48284370891829265,-0.2654453847564926,0.5183914653485094,715.5796994701841,5.7458809278700205,0.7226283486403778,1060,Yes,8.34477972984314
5.0,0.01,1.0,3,3,-6.57928699697844,0.007668606585675436,0.4625932662678224,-0.23430864799696235,0.4600911888860814,720.0257656382126,5.768617538758991,0.799906035183129,1060,Yes,9.255770921707153
5.0,0.01,1.0,4,3,-6.57439825410744,0.02089771394608824,0.485714646296817,-0.2226879722854672,0.4687461525105531,716.5143350436957,5.749822171378462,0.812900777435203,1060,Yes,9.25424838066101
5.0,0.01,1.0,5,3,-6.578675530982132,0.008975568575156663,0.46242115273440526,-0.22480744931217306,0.47119310722539326,719.5856289440836,5.764235784198185,0.8049278459224005,1060,Yes,8.760088682174683
5.0,0.01,2.0,1,2,-6.584852007599643,0.010288138592283697,0.4756906367065714,-0.2697269973272247,0.5149124740505626,724.0438867449718,5.799317421761415,0.7262622129326842,1060,Yes,8.484501361846924
5.0,0.01,2.0,2,3,-6.584979410285002,0.010656678631341867,0.4753762510048683,-0.10532912855259596,0.45372810909555517,724.1361377568494,5.802305772820669,0.8468285007542297,1060,Yes,8.91110372543335
5.0,0.01,2.0,3,2,-6.584954308184588,0.019064710216169338,0.48284370891829265,-0.3223927168892125,0.5255250602052817,724.1179606469485,5.799710122355869,0.6357343234143734,1060,Yes,8.867651462554932
5.0,0.01,2.0,4,2,-6.591336874096449,0.009290384416625176,0.46319403244802254,-0.3638551105215651,0.5236299098414516,728.7544719383561,5.8180299249647565,0.5566564955005217,1060,Yes,9.01242995262146
5.0,0.01,2.0,5,2,-6.590638439625232,0.009328201735174126,0.46322658492405383,-0.27069164307230165,0.5084151449459924,728.2456623998455,5.815866443372022,0.7251585048683001,1060,Yes,8.596780776977539
5.0,0.01,5.0,1,2,-6.630086678088137,0.013240581408083466,0.47848407175022506,-0.2684421907793849,0.5162719091397261,757.5478305937571,5.945597613264228,0.7262679211952153,1060,Yes,8.675825834274292
5.0,0.01,5.0,2,2,-6.630063555143486,0.013326205087941653,0.4784845320955101,-0.2684421907793849,0.5162719091397261,757.5303140597172,5.9458207685022515,0.7261796883199386,1060,Yes,8.718467950820923
5.0,0.01,5.0,3,2,-6.635299820275623,0.011836628864503712,0.4811248451354516,-0.1765719685253234,0.5056156295182945,761.5073469420611,5.95803334287724,0.7814369406582361,1060,Yes,9.166682243347168
5.0,0.01,5.0,4,2,-6.629995102839526,0.01309998224116745,0.4749921028703904,-0.17489815963375097,0.501287557084675,757.4784611391469,5.945923722925688,0.7859407266539119,1060,Yes,9.111152410507202
5.0,0.01,5.0,5,2,-6.635359506667427,0.011662328979455586,0.48115407114912606,-0.26997448774901556,0.5177265820468135,761.5527999243811,5.956337733985479,0.7241055591844298,1060,Yes,8.3663489818573
5.0,0.05,0.01,1,5,-6.675638105668599,0.01565841332865033,0.48672229817282087,-0.25024564064417887,0.47878656968524275,792.8532166251572,5.694708122624723,0.7913761652915812,1170,Yes,10.718201637268066
5.0,0.05,0.01,2,4,-6.67534064291812,0.015436018113882389,0.48624566514274614,-0.2561813560828408,0.4579333648377904,792.6174074005824,5.691707208540587,0.8134721276681327,1060,Yes,9.752299785614014
5.0,0.05,0.01,3,5,-6.676478465137157,0.01719007887101637,0.46925112767526134,-0.13707257206850673,0.4876524826208587,793.5197783694334,5.690652861621368,0.8852946662027849,1080,Yes,9.813145399093628
5.0,0.05,0.01,4,4,-6.670277870655261,0.0174182645058563,0.46769685522546384,-0.1689908393468348,0.4366890938544275,788.6147069055095,5.6932762816594416,0.8637819517474173,1090,Yes,9.716895580291748
5.0,0.05,0.01,5,7,-6.650364356484833,0.011503898025698133,0.496314238399512,0.056655044074889485,0.47851698248238766,773.0659458175086,5.742764778802741,0.9452683455730296,1060,Yes,9.814390659332275
5.0,0.05,0.05,1,6,-6.617386873224094,0.010630727580117034,0.4933538336328504,-0.135288702006742,0.47436784439234403,747.9879537437143,5.740357452751763,0.8923940608800197,1060,Yes,9.346925735473633
5.0,0.05,0.05,2,4,-6.622425986250372,0.020371273195872057,0.4852879512486916,-0.22097382637097981,0.4427552950942249,751.7666622586217,5.6959843054032335,0.8652151802993556,1060,Yes,9.35791301727295
5.0,0.05,0.05,3,4,-6.623209171987059,0.016102624725959174,0.4869128233327385,-0.18209908021896207,0.5005717867989699,752.3556658053013,5.690131253300384,0.8513209638779915,1060,Yes,9.474222421646118
5.0,0.05,0.05,4,4,-6.623464335416736,0.015367721152102084,0.48517801794863646,-0.15537641852708894,0.4382010376784192,752.5476639517361,5.693333930589199,0.8872003978434726,1060,Yes,9.263375282287598
5.0,0.05,0.05,5,5,-6.627817690068381,0.009307052078859079,0.4637498792305312,-0.05559110439592263,0.5065550316883668,755.8309122119693,5.71042230797091,0.9083153602163082,1060,Yes,9.306703329086304
5.0,0.05,0.1,1,5,-6.605681217761287,0.020339200716806442,0.48686935543271226,-0.1226057917310105,0.4648767922034911,739.2833106374336,5.689398385265448,0.8734426239104647,1060,Yes,9.597050428390503
5.0,0.05,0.1,2,5,-6.602330485713263,0.020841009985022158,0.48603517290615567,-0.08998237198420801,0.4175986239432084,736.8103158411463,5.698095494706895,0.8990915530767261,1070,Yes,9.334767580032349
5.0,0.05,0.1,3,4,-6.603864329959815,0.01707675921528493,0.48704791703041256,-0.16371704597417927,0.4941415371493565,737.9413352869906,5.697375779420511,0.8214061022335586,1060,Yes,9.53567361831665
5.0,0.05,0.1,4,4,-6.6029043381581225,0.020991735236757982,0.4854864392500921,-0.09951255590694007,0.47660598762407974,737.2332575837597,5.70309944830258,0.8841685530976837,1060,Yes,9.563203811645508
5.0,0.05,0.1,5,7,-6.606702072684623,0.009561484338206276,0.445916320627932,-0.058547713923777625,0.4434256690499328,740.0383969960757,5.703286186068968,0.9173009639162701,1060,Yes,9.243516683578491
5.0,0.05,0.5,1,3,-6.55957961625417,0.012331795764632999,0.4567686561538177,-0.21503357194802683,0.4975496595245971,705.9748518531217,5.697474453477536,0.7005619702350893,1060,Yes,9.251867771148682
5.0,0.05,0.5,2,3,-6.577185793236347,0.019859388484839598,0.4852245659485712,-0.24402356708578687,0.4687293163806136,718.5144331698208,5.724729693611189,0.8060201772434858,1060,Yes,9.599175214767456
5.0,0.05,0.5,3,3,-6.5675354966341795,0.018963075741125858,0.47642502997273445,-0.12823232504713925,0.47632252412198833,711.6139053993837,5.709683120639738,0.7094911222988008,1060,Yes,8.686491966247559
5.0,0.05,0.5,4,4,-6.566096162447668,0.018833979586738478,0.47649700471675094,-0.09721577078932779,0.4844679828805153,710.5903919433986,5.71475805448651,0.7565714777343489,1060,Yes,9.499687194824219
5.0,0.05,0.5,5,3,-6.554039509485219,0.018634215327307063,0.46098890936868375,-0.2116038474415632,0.47587631084880827,702.0744899843313,5.698554327372421,0.7141137920516556,1070,Yes,8.833415746688843
5.0,0.05,1.0,1,3,-6.5772778784160195,0.021128462810212616,0.48535987849763573,-0.1351212758768093,0.46953318635604363,718.5806007469764,5.749545178514544,0.8458913797508432,1060,Yes,8.615545511245728
5.0,0.05,1.0,2,3,-6.575287466403588,0.02065218824694589,0.48501335317781497,-0.17056737460565718,0.4442293200316893,717.1517517581724,5.752611671748359,0.8311653430401407,1060,Yes,8.823901176452637
5.0,0.05,1.0,3,3,-6.576361156975986,0.019595538257570974,0.4845233414497626,-0.18101845228164262,0.445294392875596,717.9221643513714,5.746876423135535,0.8334666121489519,1060,Yes,8.927854061126709
5.0,0.05,1.0,4,3,-6.575889015169936,0.02079566949252864,0.4853728474047963,-0.14309860788693396,0.4800372380108639,717.5832832903441,5.7599357158013795,0.8390964552549113,1060,Yes,8.794095516204834
5.0,0.05,1.0,5,3,-6.557942156332129,0.012579692319753115,0.44177975437454475,-0.21466289700767396,0.4754462906168966,704.8197922672194,5.738591356718239,0.7005273484990701,1060,Yes,8.716161251068115
5.0,0.05,2.0,1,3,-6.589464278816384,0.010482435609252739,0.47525675913250276,-0.23104318376987854,0.45854646278241884,727.3910866866771,5.802040639331896,0.8120480062090604,1060,Yes,9.450623750686646
5.0,0.05,2.0,2,2,-6.587681302759418,0.02145074191067082,0.4859916894311301,-0.32145427809955035,0.5267348106000739,726.0953212976669,5.796108192398626,0.6360613768692013,1060,Yes,9.230674743652344
5.0,0.05,2.0,3,3,-6.586588320001399,0.020728244670154595,0.4846320536311574,-0.22797223911310818,0.4840082526935561,725.3021451736851,5.800932670617441,0.8163252961134931,1060,Yes,9.502046585083008
5.0,0.05,2.0,4,2,-6.586900539742201,0.021637372881262204,0.4857478670516292,-0.26427233626941493,0.5199036533419998,725.5286341767837,5.803720374157833,0.7258112848672637,1060,Yes,8.818844318389893
5.0,0.05,2.0,5,2,-6.594556074952492,0.009835529031185878,0.4636632832484502,-0.27069164307230165,0.5084151449459924,731.1042591474767,5.819031757724178,0.7248753744124836,1060,Yes,8.905941009521484
5.0,0.05,5.0,1,2,-6.632611861828944,0.010609734847988129,0.47574537144644535,-0.2697269973272247,0.5149124740505626,759.4631953646593,5.946554756142828,0.7303467901208571,1060,Yes,8.416656017303467
5.0,0.05,5.0,2,2,-6.632100554120827,0.013383111360769214,0.4784848380451543,-0.17452890589914918,0.5036760656421779,759.0749752372677,5.945384973455997,0.7860285862222618,1060,Yes,9.15158224105835
5.0,0.05,5.0,3,2,-6.63206417098036,0.013010382805943837,0.47496934146497566,-0.26871913108033624,0.5144805277215989,759.0473582082192,5.946052987396051,0.7262350362686242,1060,Yes,8.545404434204102
5.0,0.05,5.0,4,2,-6.632430419564211,0.012877220313601652,0.4749355135120797,-0.17489815963375097,0.501287557084675,759.3254091430111,5.9461979490521,0.7858741307436032,1060,Yes,9.03065276145935
5.0,0.05,5.0,5,2,-6.637027438491556,0.011710692803757933,0.4652773909140308,-0.17752817562303813,0.4932003800505331,762.8240779829705,5.965435610444914,0.7718060973053905,1060,Yes,9.147917747497559
5.0,0.1,0.01,1,4,-6.675866975999993,0.02045412369458517,0.4855830620205544,-0.16763525495683937,0.4452537007032326,793.0346979706483,5.686646126748105,0.8652744607964529,1090,Yes,9.72048807144165
5.0,0.1,0.01,2,8,-6.680465010412843,0.013994879331134538,0.4772339781922505,-0.1402518666191461,0.46266501494891216,796.6894948041913,5.676908061252736,0.9139908052251752,1060,Yes,10.025055408477783
5.0,0.1,0.01,3,5,-6.659353501716001,0.010301805066352043,0.4930408526258868,-0.09443346946346569,0.4470476956629604,780.046475369778,5.739731402878251,0.9580142018743208,1060,Yes,9.211353063583374
5.0,0.1,0.01,4,6,-6.677637112146012,0.01700125043382064,0.46907146230033403,-0.0937925014727667,0.42764848831750096,794.4397205283086,5.677557136172999,0.9288143289455665,1090,Yes,9.95037031173706
5.0,0.1,0.01,5,3,-6.684352441069671,0.013094846109499724,0.468069582739201,-0.2992925430483397,0.48700016332928736,799.792597610887,5.703621149793829,0.6765697501284822,1080,Yes,9.811022758483887
5.0,0.1,0.05,1,8,-6.621667890975233,0.019698138265950935,0.48390304047509075,-0.07605291188622443,0.4240867102935996,751.1969674727031,5.668091504440269,0.9337691525558172,1060,Yes,9.519676923751831
5.0,0.1,0.05,2,9,-6.6302648079657605,0.007552147582161353,0.4595681068520513,-0.020549863038018604,0.4563856592829391,757.6827845154205,5.683255033161577,0.93352554343671,1060,Yes,10.075114011764526
5.0,0.1,0.05,3,7,-6.636122870830011,0.011754044281979853,0.46063958800407107,-0.06506673126589825,0.4534377541814033,762.1343639840984,5.705301501400164,0.9254313169428848,1060,Yes,9.55981969833374
5.0,0.1,0.05,4,5,-6.623995367208272,0.021449044861153798,0.46693501285592603,-0.09713522551263985,0.4698699167060226,752.947396811975,5.683508665049764,0.8908040665980371,1070,Yes,9.234694719314575
5.0,0.1,0.05,5,5,-6.631781090383597,0.0006834632242866977,0.45331987012837,-0.17114066957218457,0.3704819941990702,758.8325170392037,5.698312860516923,0.916039401660153,1060,Yes,9.581266403198242
5.0,0.1,0.1,1,5,-6.6048554259294505,0.019601558211447743,0.48531264256360573,-0.26287345256180755,0.4854632393852105,738.6730685192532,5.690593865643518,0.7866377668223516,1070,Yes,10.102423191070557
5.0,0.1,0.1,2,6,-6.581403476200002,0.013455935918216158,0.47680976713812423,-0.09423975934907942,0.4224380064348289,721.551299020561,5.659139466529687,0.9127852514385767,1060,Yes,9.893391370773315
5.0,0.1,0.1,3,7,-6.604858848009709,0.017161771530641114,0.46720398510791866,-0.06916312337670416,0.4471998629520939,738.6755963221034,5.680169686331107,0.9077023687757643,1090,Yes,9.960340976715088
5.0,0.1,0.1,4,6,-6.607143633063304,0.01925068969086757,0.48528608686283353,-0.11187080598583059,0.439407430023235,740.3652407862148,5.68899933303461,0.8901118596054536,1060,Yes,9.4068922996521
5.0,0.1,0.1,5,7,-6.576136391166075,0.02298407588346695,0.4883316868628607,-0.062059885834949785,0.4704083729974749,717.760818127884,5.651462896597779,0.8565262080038666,1060,Yes,9.355409860610962
5.0,0.1,0.5,1,4,-6.566969140504385,0.015848416214594773,0.4810145153444145,-0.1604225502305171,0.5539531740930462,711.2109926088482,5.7060664455079015,0.7953650564738063,1110,Yes,9.673659801483154
5.0,0.1,0.5,2,3,-6.591971109285923,0.007311870707599873,0.46360274411417873,-0.230766523248285,0.42775995929053356,729.216820272239,5.776651641273442,0.8075889033004753,1060,Yes,9.268543720245361
5.0,0.1,0.5,3,3,-6.574320900750133,0.01942774591500488,0.47701881992476947,-0.2126222691217298,0.49186990722406465,716.458912397913,5.711114440259022,0.7217789960063182,1060,Yes,9.614448547363281
5.0,0.1,0.5,4,3,-6.578798040656232,0.017687668254778056,0.4809884724083213,-0.29798525670166526,0.48318504511386723,719.6737905451872,5.724947347698331,0.7380191848078866,1060,Yes,9.43607497215271
5.0,0.1,0.5,5,4,-6.570867234049823,0.0077432984661654535,0.44640585656734516,-0.08565221873559607,0.44195795993293857,713.9887700894242,5.713711994171923,0.805339937134357,1060,Yes,8.857766151428223
5.0,0.1,1.0,1,3,-6.578772973486884,0.019530696043284355,0.483057960319203,-0.23842930785106348,0.47196397412451746,719.6557505865104,5.752645726510058,0.7949526680444331,1060,Yes,9.153334856033325
5.0,0.1,1.0,2,3,-6.571509159075004,0.019423283121528297,0.47461969255232406,-0.1274375539875889,0.4681456091489146,714.4472444859933,5.755767036724542,0.7157194581096289,1110,Yes,8.6600022315979
5.0,0.1,1.0,3,3,-6.580011255882725,0.021092640465079596,0.4854640869551228,-0.22268797228546724,0.4687461525105531,720.547439600993,5.7523534128003995,0.8069598614653124,1060,Yes,9.232492923736572
5.0,0.1,1.0,4,3,-6.575750873828446,0.017884891584875304,0.4814952030667477,-0.29626201839534805,0.4813759378584665,717.4841622194765,5.748297270876362,0.7356881820479884,1060,Yes,9.641419887542725
5.0,0.1,1.0,5,3,-6.563421207303043,0.010932523225060272,0.46665248510915,-0.2155447061136475,0.49981792396209856,708.692134527366,5.740478939409287,0.7095939821555923,1060,Yes,9.238499164581299
5.0,0.1,2.0,1,2,-6.589680868872392,0.012832467297483096,0.4749241446731928,-0.26871913108033624,0.5144805277215989,727.548649425528,5.801503430251149,0.7304164068183737,1060,Yes,8.634758949279785
5.0,0.1,2.0,2,3,-6.590707174264143,0.02134748699460487,0.4854185214151201,-0.22750542519838746,0.47106127705901574,728.2957198228082,5.814253432701379,0.7976180871245125,1060,Yes,9.556280136108398
5.0,0.1,2.0,3,3,-6.590332561862148,0.02110920364245959,0.4858015750849731,-0.15260537117549225,0.46623031775567375,728.0229423099526,5.801178617204055,0.8604770636757638,1060,Yes,8.97657060623169
5.0,0.1,2.0,4,2,-6.589262056094312,0.019178458288929567,0.4827833531375617,-0.3874753821837495,0.5336777400415926,727.2440065530903,5.797597249677354,0.4932499810724527,1060,Yes,9.75641131401062
5.0,0.1,2.0,5,2,-6.593046345093202,0.00972432938394999,0.4635675645674268,-0.3265897235418597,0.5175440038832679,730.0013219952558,5.8162092262960545,0.6375271075411746,1060,Yes,9.47476840019226
5.0,0.1,5.0,1,2,-6.632476697721837,0.013454715383484259,0.47508221755522273,-0.17489815963375097,0.501287557084675,759.3605501371089,5.946301812852125,0.7858723615235252,1060,Yes,9.188106060028076
5.0,0.1,5.0,2,2,-6.639856017342473,0.009449812932901541,0.4861958225298435,-0.2675051143651911,0.49351235030808505,764.9848405398961,5.951618644532167,0.7657870675419011,1060,Yes,8.513695478439331
5.0,0.1,5.0,3,2,-6.6338286152809065,0.019049026435976574,0.48285203087729717,-0.2654453847564926,0.5183914653485094,760.3878372457812,5.9467725707750665,0.7259420744704852,1060,Yes,8.545557498931885
5.0,0.1,5.0,4,2,-6.632817485990527,0.013240698861690952,0.47848407238170004,-0.2684421907793849,0.5162719091397261,759.619375404104,5.9439385897781145,0.7264655122231644,1060,Yes,8.818329095840454
5.0,0.1,5.0,5,2,-6.632369164837519,0.013381315851622791,0.4750635714945887,-0.17489815963375097,0.501287557084675,759.2788982971231,5.946533210751797,0.7860189935415748,1060,Yes,9.104392528533936
5.0,0.5,0.01,1,8,-6.691381013289061,0.006397114814116667,0.45831492291400716,-0.2034261964519388,0.5036531107109192,805.4337992168581,5.660980238999058,0.8416605245659761,1060,Yes,10.281854152679443
5.0,0.5,0.01,2,14,-6.6991033658253345,0.004846391879252333,0.4568251768454875,-0.18415774580949162,0.4015434033043439,811.6777208114049,5.60030743638424,0.9199680522032427,1180,Yes,13.08048391342163
5.0,0.5,0.01,3,16,-6.686203830613619,0.020624751930630802,0.4842362584142045,-0.08863916102454143,0.4455505604781444,801.2746968115698,5.614368443589786,0.9497172469368824,1140,Yes,12.094931602478027
5.0,0.5,0.01,4,10,-6.696399609281417,0.007131909758805692,0.4605936867000534,-0.18620398921541698,0.41717176289976643,809.4861059937746,5.652683278644407,0.938306263755964,1080,Yes,10.491729021072388
5.0,0.5,0.01,5,12,-6.689990014602488,0.007810596436877139,0.47366290712803366,-0.13422602305718234,0.4473671392490672,804.314220706665,5.624757698625812,0.9380311581220185,1160,Yes,11.827049255371094
5.0,0.5,0.05,1,8,-6.640338039622557,0.008932722762051993,0.46180189498478547,-0.06752147587947138,0.40572610823563793,765.3536691616277,5.679273751006417,0.928200747644179,1070,Yes,9.105410814285278
5.0,0.5,0.05,2,10,-6.651998604163443,0.007576208404347078,0.46028569824515697,-0.06788917377111915,0.42137119752290597,774.3303599463874,5.659982558191038,0.9448955043748659,1070,Yes,10.067011594772339
5.0,0.5,0.05,3,8,-6.638601197491738,0.021647396677979585,0.4678723083527904,-0.11411752473677583,0.515427799397462,764.0255243868273,5.664067033083755,0.936483485224861,1060,Yes,9.7928626537323
5.0,0.5,0.05,4,11,-6.636847808553763,0.0066707241878386165,0.4599802278441898,-0.06802402474002181,0.4083083468336368,762.6870642475484,5.661053693024844,0.9414831139773845,1120,Yes,10.314674139022827
5.0,0.5,0.05,5,9,-6.629341389645333,0.013025229256460881,0.47729527392836457,-0.04948023771116496,0.5079764838159593,756.9834492902996,5.626288304330409,0.9484066071645897,1060,Yes,10.234106540679932
5.0,0.5,0.1,1,7,-6.623184946375526,0.009036142384002572,0.46205526293664323,-0.05739099687401435,0.4279686250752021,752.3374397499758,5.690183719312155,0.92382343443273,1060,Yes,8.917928457260132
5.0,0.5,0.1,2,11,-6.605763079229416,0.011074958205669626,0.4771959939749514,-0.05698068111637448,0.4365851243176853,739.3438319317531,5.635968666809768,0.909563770995225,1080,Yes,9.959407567977905
5.0,0.5,0.1,3,6,-6.590696966495427,0.01419049507424063,0.4792307977595233,-0.1236610552767212,0.5102697255166541,728.2882855864873,5.643108960237382,0.8827030832739358,1060,Yes,9.871975183486938
5.0,0.5,0.1,4,10,-6.588189302744674,0.013722092859253375,0.47981298680520684,-0.06766719924168267,0.4328458201245647,726.464271415573,5.62377770650627,0.9348057257565056,1220,Yes,11.30708360671997
5.0,0.5,0.1,5,9,-6.612680435718577,0.02000799627639673,0.4828895641040135,-0.04576169393687827,0.45060646791420467,744.4758663772799,5.661483276961385,0.9015161211289218,1100,Yes,10.022565841674805
5.0,0.5,0.5,1,6,-6.5602550673925295,0.020456191746022333,0.4834496323042784,-0.08794424605429241,0.44580775880069484,706.4518644516747,5.691754207240588,0.8652812036682214,1080,Yes,9.79916000366211
5.0,0.5,0.5,2,4,-6.595641384042068,0.006530286266032661,0.4571565426704852,-0.23198974034394873,0.497647829857221,731.8981639834964,5.721690778790485,0.7746025288002081,1060,Yes,9.279612064361572
5.0,0.5,0.5,3,4,-6.5854257950169455,0.014348060052895706,0.4792973703752515,-0.19544349689975213,0.45424123528623994,724.4594532287689,5.720379526795445,0.7784347799085046,1060,Yes,8.95992136001587
5.0,0.5,0.5,4,4,-6.594294433421621,0.004535761332835991,0.46061216496320706,-0.3232150113736249,0.48457427193911906,730.9129969320473,5.7315448573519685,0.7408168707261379,1060,Yes,9.39012622833252
5.0,0.5,0.5,5,4,-6.575605956494109,0.017351401829236276,0.474091214367315,-0.2316426233952263,0.4923012475354086,717.3801938608492,5.696760548272832,0.6906251727951778,1060,Yes,9.048741340637207
5.0,0.5,1.0,1,4,-6.59266555163232,0.008179978312205296,0.46181082341573343,-0.1854592396952596,0.5246662210195353,729.7233951851186,5.763927439956085,0.8674389162717681,1070,Yes,9.241488218307495
5.0,0.5,1.0,2,3,-6.589133213011362,0.014353421123330191,0.47504490926715365,-0.3111151434697597,0.517126355022018,727.1503122292913,5.749789343898986,0.6222683023751481,1060,Yes,9.513487577438354
5.0,0.5,1.0,3,3,-6.584191389657012,0.009804591918807832,0.47376805377210496,-0.2822032329137554,0.46248793997130067,723.565728319543,5.751201551976665,0.7381839005831407,1080,Yes,9.201952457427979
5.0,0.5,1.0,4,5,-6.593459471968827,0.00499583774035003,0.46082143689518407,-0.22678673314712003,0.43379560078147633,730.3029674652486,5.758901369513581,0.8934279325180079,1060,Yes,9.309301376342773
5.0,0.5,1.0,5,3,-6.592451843356552,0.019426760398803644,0.4849832822715642,-0.3023153708072487,0.5020311711020896,729.567463919041,5.747845727249085,0.7555773474780968,1060,Yes,9.346035480499268
5.0,0.5,2.0,1,3,-6.59787439087344,0.009796408561299711,0.46340099064674034,-0.2328279969317771,0.4688414046407969,733.534323681564,5.816724933065912,0.814968173499133,1060,Yes,9.23018765449524
5.0,0.5,2.0,2,3,-6.601745325185741,0.008335872008399867,0.4625792375384444,-0.30491594666422556,0.4874183653754319,736.3792896501009,5.811831537331633,0.7401359026035043,1060,Yes,9.155036687850952
5.0,0.5,2.0,3,3,-6.594255171830997,0.010482923517751248,0.4749863821239471,-0.2307451084379662,0.4559939402290146,730.8843006885139,5.805983842703449,0.8252194007397247,1060,Yes,9.492134809494019
5.0,0.5,2.0,4,3,-6.6028715359057895,0.007744643348419583,0.46259111184159524,-0.3775636582906889,0.5103522745446896,737.2090750690388,5.809617232842498,0.6080068497203206,1060,Yes,8.961901664733887
5.0,0.5,2.0,5,4,-6.592967607893371,0.010682731776662763,0.4750363290786725,-0.1633671098512883,0.4331120862591355,729.943845998068,5.798894664178616,0.8109837561949208,1060,Yes,9.107983112335205
5.0,0.5,5.0,1,2,-6.638983211175847,0.0145523679526542,0.48504316815553034,-0.32508740951201365,0.5268645877546427,764.3174483480756,5.957931070084855,0.634367922791807,1060,Yes,9.310492992401123
5.0,0.5,5.0,2,2,-6.641121520604405,0.00953241525533845,0.4634023682946233,-0.3265897235418597,0.5175440038832679,765.9535441704485,5.950680021217365,0.6384943983005856,1060,Yes,9.171762943267822
5.0,0.5,5.0,3,2,-6.635337714111255,0.013581321543912563,0.4784859036980603,-0.32479016170752634,0.5238294152382549,761.5362039230461,5.945643344304906,0.6358318051906624,1060,Yes,9.15354037284851
5.0,0.5,5.0,4,2,-6.639417389231288,0.014278435057695977,0.4851842796067359,-0.17502431890662795,0.5087346865028244,764.6493702629303,5.959212195838074,0.7812908301003455,1060,Yes,9.318899869918823
5.0,0.5,5.0,5,2,-6.635509675446777,0.012537277872972517,0.474849156185278,-0.36254010252692154,0.5276734983585226,761.6671699659456,5.9466565842581485,0.5571668172562979,1060,Yes,9.309521675109863
5.0,1.0,0.01,1,9,-6.714065874544008,0.020590845634539806,0.4670090759895951,-0.10760230463851964,0.47351914317886495,823.9137684912313,5.631036908550442,0.9725641139905572,1130,Yes,10.206989049911499
5.0,1.0,0.01,2,10,-6.705781039528627,0.01778700862282728,0.48615683048943337,-0.15035634971048012,0.4677313573429398,817.115977025231,5.653004554043223,0.9011067946691641,1110,Yes,10.922410726547241
5.0,1.0,0.01,3,13,-6.714341706136514,0.004092511125196635,0.4555088254174932,-0.11922340800161063,0.38131248551513475,824.1410612839074,5.608382624175141,0.9626534228235933,1390,Yes,13.154293298721313
5.0,1.0,0.01,4,17,-6.721414503018778,0.017557766732325404,0.44567249864659,-0.12096016773889483,0.4780480510940271,829.9907059013882,5.621621440767836,0.9453567928465403,1110,Yes,12.752932786941528
5.0,1.0,0.01,5,18,-6.728411596452917,0.008971080388492095,0.4743759804427346,-0.09553707384733318,0.47362284019694956,835.8185937806231,5.632273873449209,0.9559481567397293,1410,Yes,14.672778606414795
5.0,1.0,0.05,1,11,-6.662389013473216,0.0198541783144212,0.4842954037667422,-0.045773204415536124,0.4510727335504126,782.4179130594979,5.634189003294027,0.9543839575596493,1110,Yes,10.33639645576477
5.0,1.0,0.05,2,10,-6.669185599447174,-0.0011452094907049002,0.42497301138751065,-0.16867233374678683,0.4546492603836523,787.7537960265585,5.6969329643561615,0.9071831589138529,1100,Yes,10.715738534927368
5.0,1.0,0.05,3,14,-6.629162025146892,0.011238013718291258,0.47533167368039353,-0.058271273315170784,0.43168202674840733,756.8476855095545,5.571956010908127,0.9587038476691591,1140,Yes,11.120997667312622
5.0,1.0,0.05,4,12,-6.6620357589011165,0.008416367181401955,0.46973353326903433,-0.07870827641146758,0.40014703390567363,782.1415691671623,5.676642958681955,0.9578498479006271,1580,Yes,14.126158237457275
5.0,1.0,0.05,5,11,-6.658282825239079,0.010307360208346881,0.4771281258090097,-0.09710002912339961,0.41464855669287665,779.2117449005736,5.677922652429113,0.950957512787318,1080,Yes,10.110982656478882
5.0,1.0,0.1,1,11,-6.637655786068796,0.017885070667306317,0.48098310015180035,-0.06953596494271146,0.4236500520605053,763.3035472651375,5.648638956650726,0.9474056225880093,1380,Yes,12.311954021453857
5.0,1.0,0.1,2,8,-6.639615990074849,0.0111816578037894,0.4579848373848921,-0.09800807703065023,0.4157128516659735,764.8012453536542,5.685803939394653,0.8860503678946808,1090,Yes,10.075364112854004
5.0,1.0,0.1,3,8,-6.645604496738529,0.0069798597549307504,0.460457550067114,-0.16691447403408988,0.4541348505875224,769.3950038560266,5.653394282607073,0.8721670411215283,1150,Yes,10.33537745475769
5.0,1.0,0.1,4,12,-6.646028406641293,0.005659601036752578,0.4743639003861367,-0.07834125817732732,0.45440819079290046,769.7212271570573,5.6776384138975775,0.9337708079994463,1100,Yes,10.370914459228516
5.0,1.0,0.1,5,9,-6.632424319575849,0.009546369723917232,0.4856322108618283,-0.12126799132009243,0.4888586188446129,759.3207772809792,5.637595577900907,0.8585640134872069,1070,Yes,9.499126195907593
5.0,1.0,0.5,1,6,-6.596570334249856,0.014083413602319699,0.44261067448670416,-0.17256979299456368,0.41249992268559865,732.5783768280245,5.719367360653613,0.872846123547246,1120,Yes,8.946603775024414
5.0,1.0,0.5,2,4,-6.590166937353754,0.012077052878243085,0.4771818898952269,-0.24422632781420558,0.48825685645743416,727.9023738528541,5.728525136225846,0.7414790185297119,1070,Yes,9.615988492965698
5.0,1.0,0.5,3,5,-6.583939158943606,0.012294415803915907,0.47944964092422876,-0.18763605458163615,0.46857336516325887,723.3832458345038,5.707071089628322,0.8782558091634314,1080,Yes,9.749574422836304
5.0,1.0,0.5,4,3,-6.593449390885164,0.015806921756504402,0.44337530555166926,-0.26965331989714486,0.5047711744858594,730.2956052570438,5.720781986241475,0.6797996927006427,1070,Yes,9.183804035186768
5.0,1.0,0.5,5,5,-6.601117325163196,-0.0024684711683308257,0.43419616985984344,-0.1608129778326707,0.4301580808628082,735.9169886173224,5.750481927033819,0.818000806511639,1060,Yes,8.990180015563965
5.0,1.0,1.0,1,4,-6.589622657138097,0.015269576022430481,0.4829132413833741,-0.19921064426057,0.5012722409914319,727.5062987895247,5.765346720307811,0.8034791318738347,1060,Yes,9.078804016113281
5.0,1.0,1.0,2,4,-6.604066853430977,-0.0016608953840399991,0.45644214805355027,-0.24684348516732627,0.4613245784111925,738.0908008623597,5.801781121493709,0.7886468172684863,1060,Yes,9.230383157730103
5.0,1.0,1.0,3,4,-6.600297276562323,0.007499900735907501,0.46097416091309334,-0.1987890131357505,0.4450041928372827,735.3137482974435,5.759321350435679,0.863768102485073,1060,Yes,9.227763175964355
5.0,1.0,1.0,4,3,-6.599495593994961,0.010396400613947506,0.4617140770319996,-0.22696495074560988,0.4658559754839488,734.7244963119733,5.792124773331375,0.773690540960865,1110,Yes,9.152930736541748
5.0,1.0,1.0,5,3,-6.593494346022155,0.017255396553313724,0.47410805854512006,-0.12877748018876706,0.4984950899723029,730.3284365339837,5.7767085889399805,0.6899325374758326,1070,Yes,8.33844542503357
5.0,1.0,2.0,1,3,-6.602123972890013,0.02101363301142511,0.4856484686581232,-0.34892046051136355,0.5078591902570206,736.6581707731168,5.796335932551585,0.600573738795425,1060,Yes,8.605088472366333
5.0,1.0,2.0,2,4,-6.607166056967469,-0.0013941305633907038,0.45633757793653296,-0.33516278933331767,0.4639230458212761,740.3818428515625,5.841228404182118,0.7391034661706508,1060,Yes,8.97980523109436
5.0,1.0,2.0,3,3,-6.607790842514378,0.005822562800442572,0.4627375083555574,-0.2798622983982893,0.49890360747224455,740.8445672628797,5.816520239898187,0.8142401086175823,1060,Yes,9.170365333557129
5.0,1.0,2.0,4,5,-6.606956490650837,0.017290009597990406,0.4421824569603348,-0.21327845252178323,0.4086097116020947,740.2267000127789,5.841068851920207,0.8976731066003504,1060,Yes,9.501010656356812
5.0,1.0,2.0,5,4,-6.608298009720616,0.010733596026224783,0.45358530395005686,-0.2529677343818119,0.4655287485864725,741.2203946279166,5.836923923496909,0.810410090397247,1060,Yes,9.217477560043335
5.0,1.0,5.0,1,2,-6.640950849764182,0.012814865819792451,0.4512829371452432,-0.2684248651103986,0.5000372331029732,765.822829390411,5.955782405573514,0.7194934510968111,1060,Yes,8.471835136413574
5.0,1.0,5.0,2,3,-6.649880236448411,0.013149643574809647,0.46331451710811367,-0.1466232791556226,0.42847296352648284,772.6917796816317,5.993999486010059,0.8727399069816993,1060,Yes,8.386327743530273
5.0,1.0,5.0,3,3,-6.640988382632755,0.009751151435363785,0.4635262235087707,-0.2971650112145014,0.48038711425112196,765.851573457437,5.951061969782605,0.744558048837299,1080,Yes,9.328236103057861
5.0,1.0,5.0,4,2,-6.6440794382346215,0.013854379091545183,0.44951357716866824,-0.26799061578337,0.49677847244266676,768.22252573864,5.977487704510017,0.7139536073628244,1060,Yes,8.510903120040894
5.0,1.0,5.0,5,2,-6.644433812069003,0.015381909607219134,0.4846158451546585,-0.268813750534994,0.5200658747852109,768.4948119434482,5.954460214686252,0.7200908677686285,1060,Yes,8.323420286178589
5.0,2.0,0.01,1,14,-6.71961094729444,0.0075981624424909504,0.4623292392901137,-0.19487623114198444,0.4517266444699216,828.4951205038196,5.635191558202307,0.9174113510777147,1130,Yes,12.266725540161133
5.0,2.0,0.01,2,13,-6.722675867321633,0.021273130009082958,0.46388106855762457,-0.14595656338434015,0.4568820211266833,831.0382871013833,5.602337574204023,0.9343758610918217,2030,Yes,17.694588899612427
5.0,2.0,0.01,3,12,-6.737290075128704,0.00511971588757294,0.45503747884917634,-0.12812360834084421,0.43417061377990324,843.272431749245,5.672371091314396,0.9634694159362605,1130,Yes,11.225684642791748
5.0,2.0,0.01,4,16,-6.72687848357585,0.003542616491529056,0.45571011395825767,-0.1211807869350726,0.3897091276668716,834.5381712984996,5.587501034445157,0.9726231187386275,1290,Yes,12.366581201553345
5.0,2.0,0.01,5,13,-6.707053361993046,0.015184020027381418,0.47878619293699176,-0.16390081064213943,0.43811506105395875,818.1562736949114,5.586353955528717,0.9291924559509681,1370,Yes,13.295096397399902
5.0,2.0,0.05,1,11,-6.649319789309894,0.010140333363980096,0.4639932056840333,-0.05992984528839881,0.4275073294609603,772.2588481137151,5.646395597647569,0.9592017468149252,1090,Yes,9.905302047729492
5.0,2.0,0.05,2,9,-6.6788360322519535,0.019656255659828814,0.48524465442315246,-0.19632048837495,0.4532568351618208,795.3927614780274,5.6324484938339365,0.89510511543469,1060,Yes,10.367952108383179
5.0,2.0,0.05,3,9,-6.674365640198425,0.014092048863947748,0.4669309560277739,-0.09974680381720495,0.44839744861302544,791.8449798933403,5.690356538302939,0.940033096008911,1210,Yes,10.978866577148438
5.0,2.0,0.05,4,15,-6.649188196221645,0.022598687310261777,0.4820748973404991,-0.11871299941776392,0.4435940249595809,772.1572308731738,5.5703016545164346,0.9199399092796587,1110,Yes,11.990769863128662
5.0,2.0,0.05,5,11,-6.635515497316583,0.020428154318509504,0.48265591410616226,-0.08954956776775402,0.41418951650470576,761.6716043059533,5.609516151028227,0.9222666729031286,1170,Yes,11.215664148330688
5.0,2.0,0.1,1,12,-6.636819077832739,0.009027385596879175,0.4614720769738669,-0.048162017068502094,0.4372936851076969,762.6651520130558,5.666558237679639,0.9395168085491071,1150,Yes,11.111748218536377
5.0,2.0,0.1,2,10,-6.619889360916769,0.012920886527031923,0.47471934824967266,-0.05171496246302146,0.4424785834421906,749.8621284637367,5.62219864403141,0.9327747923020544,1640,Yes,13.397228717803955
5.0,2.0,0.1,3,10,-6.6443708819917155,0.0096937203234169,0.45989785378141784,-0.08535902213251045,0.42731997750677336,768.4464520271999,5.664548737415994,0.926829136153422,1130,Yes,10.259505271911621
5.0,2.0,0.1,4,12,-6.643113672973793,0.004103510867466684,0.4557971629935212,-0.07673022338520398,0.4213438255704874,767.4809612569412,5.653305793632719,0.943197649438711,1260,Yes,11.283564567565918
5.0,2.0,0.1,5,6,-6.6401032513611575,0.01872878214779087,0.4871879567628558,-0.11295589944473128,0.4803698428834582,765.1739941979015,5.660942718143753,0.8944294408501829,1440,Yes,11.4268057346344
5.0,2.0,0.5,1,5,-6.591440910685369,0.008611557740567316,0.46355209375821593,-0.23247019399413402,0.4911043364845169,728.8302930117918,5.72620676560196,0.8219497928876907,1190,Yes,9.756897687911987
5.0,2.0,0.5,2,5,-6.615751982566477,0.021882925849122804,0.45960099976352253,-0.20591044763478783,0.47681735455639473,746.7660743179177,5.700841329782863,0.8211742442506841,1130,Yes,9.297083377838135
5.0,2.0,0.5,3,5,-6.608557119225797,0.0035971367434585602,0.43416543583062406,-0.15800686545713474,0.4394685495848523,741.412476761677,5.7458269698487685,0.8036882777324327,1100,Yes,9.80632495880127
5.0,2.0,0.5,4,7,-6.576735166399439,0.011798375339349229,0.47587955102570273,-0.11195562933679694,0.45349840233217,718.1907242249758,5.686752341574446,0.9000773393249304,1090,Yes,9.59561800956726
5.0,2.0,0.5,5,5,-6.601594216552552,0.007278106998933808,0.4643853877754717,-0.12731140247269362,0.42032733511756143,736.2680247888858,5.741247764093257,0.862929979034695,1480,Yes,11.359768867492676
5.0,2.0,1.0,1,4,-6.593877847072379,0.010590852148241608,0.4622871814678701,0.018907192776171432,0.47976043905135685,730.6085719690868,5.7823481901352,0.7927250419577364,1060,Yes,8.515955686569214
5.0,2.0,1.0,2,4,-6.607219430744055,0.019292869161713237,0.4848285027003635,-0.2370399578031901,0.46550011714742096,740.421360881235,5.744078433892768,0.8569284655949434,1120,Yes,9.198374271392822
5.0,2.0,1.0,3,5,-6.597827363511185,0.012019824446759919,0.464606057569101,-0.18612510912306965,0.44878320654108467,733.4998283083173,5.794502665643136,0.8689655529282605,1060,Yes,9.328851222991943
5.0,2.0,1.0,4,5,-6.606466665026248,0.005706082703999219,0.4570327907505635,-0.1687803420480364,0.4345729736417523,739.8642067935891,5.754214256807814,0.892075163523979,1070,Yes,9.602937459945679
5.0,2.0,1.0,5,4,-6.5963427034425415,0.017589396558986836,0.4839492967955045,-0.3348228865804177,0.47774557106039556,732.4116383988074,5.7619466335355565,0.7444581039913045,1270,Yes,10.323139667510986
5.0,2.0,2.0,1,3,-6.605798676042946,0.011760365525229776,0.465109701503492,-0.3366781060487033,0.48923209887344793,739.3701506847019,5.840235210423415,0.665980244916991,1090,Yes,9.119751214981079
5.0,2.0,2.0,2,3,-6.608483230507026,0.020664006841324932,0.48459967939119464,-0.33043928991178995,0.48865845416165893,741.357696767525,5.799130747019606,0.6747031552371536,1060,Yes,9.526443719863892
5.0,2.0,2.0,3,3,-6.603367082732613,0.012721839412319065,0.46467000538514464,-0.2952031639025424,0.4953571928890423,737.5744872188328,5.816315509839494,0.6741186222949305,1110,Yes,9.651705980300903
5.0,2.0,2.0,4,4,-6.610726544274359,0.009218345139359367,0.4630483222522749,-0.22614750771831263,0.49397134060757203,743.0226615161347,5.804487147988827,0.8191011784030918,1150,Yes,10.109810590744019
5.0,2.0,2.0,5,5,-6.602090854909245,0.020037450886920806,0.4857551920419004,-0.24435802869025244,0.53334295827516,736.633774545964,5.807134108550599,0.8675705148322992,1060,Yes,9.270141839981079
5.0,2.0,5.0,1,2,-6.642545049402702,0.013932959688048304,0.46710284180111855,-0.2701109197335541,0.5088581521805907,767.0446775443636,5.976603178328556,0.718617001059432,1060,Yes,8.730437755584717
5.0,2.0,5.0,2,2,-6.638568238384915,0.010627568471727895,0.47574840667692175,-0.3632120133581805,0.5279614625778318,764.0003432029303,5.940370372389431,0.5574035416366866,1060,Yes,9.036324739456177
5.0,2.0,5.0,3,3,-6.639276101999831,0.01412561044488875,0.4659962983269356,-0.10396900276438015,0.45133050783154616,764.5413427020081,5.957769056890232,0.8518784207724456,1060,Yes,8.70974612236023
5.0,2.0,5.0,4,3,-6.640814918264318,0.013654893236986885,0.47832815264869283,-0.19226747327410557,0.47798241239945016,765.7187370194581,5.950470520986919,0.815031223456143,1060,Yes,8.92138147354126
5.0,2.0,5.0,5,2,-6.6374896948256366,0.009664968010603731,0.4737595545422662,-0.325993594465512,0.5220080462619368,763.1767797578417,5.954777384202789,0.6351010009790814,1060,Yes,8.970265626907349
5.0,5.0,0.01,1,9,-6.706209018200825,0.012286913718672462,0.5003480125651035,-0.1285895902198141,0.4819490486056201,817.4657600806153,5.605174987184086,0.9483048391923409,1210,Yes,10.60511064529419
5.0,5.0,0.01,2,11,-6.737907257908578,0.022033692465287864,0.4634972336792375,-0.09247298004553765,0.4898740477701715,843.7930456132933,5.6193305472864195,0.9638986232071838,1090,Yes,10.157669067382812
5.0,5.0,0.01,3,12,-6.728296717134608,0.004421245463078353,0.46055960168703336,-0.14995356520686173,0.4353010315689566,835.7225810253854,5.615474522132082,0.9590539407853269,1590,Yes,13.913723230361938
5.0,5.0,0.01,4,7,-6.721928747433247,0.011276048788828572,0.4844138675970543,-0.2408414867237718,0.47355471362021745,830.4176337491814,5.651680264898834,0.8193133385253445,1540,Yes,12.426684141159058
5.0,5.0,0.01,5,7,-6.723784229083584,0.019359711112144455,0.48419420712994476,-0.288021255228959,0.4874472064991753,831.9598888012197,5.6475341328102635,0.7928508277604334,1160,Yes,10.92054009437561
5.0,5.0,0.05,1,11,-6.658602130808952,0.006520588918925979,0.4606618518158893,-0.10684102138927108,0.43895100264286396,779.4605912777342,5.652266410016727,0.9443535568328155,1270,Yes,12.172423124313354
5.0,5.0,0.05,2,8,-6.6648668914162545,0.01921504252952759,0.48144827409816854,-0.12178994057084142,0.35844478161351745,784.359053109366,5.64606830652764,0.9536612276107692,1280,Yes,10.813671588897705
5.0,5.0,0.05,3,11,-6.670589209091603,0.008721678039539518,0.4626678539587054,-0.029294939298209425,0.46598094250555305,788.8602712000519,5.634438109288994,0.9570823120450516,1300,Yes,11.32400918006897
5.0,5.0,0.05,4,11,-6.679197464549697,0.018137409153216027,0.48128606746644575,-0.1710719037530059,0.41111546734734183,795.6802940700693,5.63615127718422,0.9390894948276712,1220,Yes,11.199759244918823
5.0,5.0,0.05,5,10,-6.664565449489828,0.022274803051790942,0.48705583997621466,-0.05651349480683728,0.5133514342624584,784.1226500380753,5.6386809697599825,0.9282823141825743,1100,Yes,10.265514612197876
5.0,5.0,0.1,1,8,-6.651122408801756,0.007642186011998305,0.46155726454554685,-0.0901740845860904,0.4433289234236571,773.6521924235949,5.668548283033535,0.9259222631757767,1120,Yes,10.094811201095581
5.0,5.0,0.1,2,9,-6.624425134689876,0.011343151196880764,0.47698625917544224,-0.1681760107304149,0.4699148372778034,753.2710586631708,5.629739807076142,0.9189907584283484,1120,Yes,10.024427890777588
5.0,5.0,0.1,3,7,-6.6574329477954075,0.00553130899496514,0.4589294913929084,-0.10787590975272193,0.41430955261249014,778.5497917441108,5.657360387336364,0.9185496361664635,1170,Yes,10.036354064941406
5.0,5.0,0.1,4,9,-6.649341647142647,0.009375474960661346,0.48079958433882686,-0.10394810201737525,0.38291966466604926,772.2757282029394,5.6463710847899105,0.9256542005615829,1420,Yes,12.305099725723267
5.0,5.0,0.1,5,8,-6.628980023618823,0.021261849765707306,0.48493136234832696,-0.15176021072488755,0.45677233751738505,756.7099506086378,5.639814795029451,0.896329392367018,1320,Yes,11.405184030532837
5.0,5.0,0.5,1,5,-6.616881973808175,0.008867292756777757,0.46229402427130933,-0.182872403144674,0.45150331430224583,747.6103903865348,5.725208512603298,0.8555039838820209,1060,Yes,9.901923656463623
5.0,5.0,0.5,2,6,-6.5717629651467,0.022935098912423162,0.4876654360730144,-0.17414933830481696,0.49119758286688775,714.6285985479581,5.69059897887448,0.8400359278033789,1130,Yes,10.083897590637207
5.0,5.0,0.5,3,6,-6.6186123135453165,0.007022692143951151,0.47831594514365583,-0.12349604733573274,0.4438978618106621,748.905130199749,5.717478721796316,0.9058898890673287,1060,Yes,9.349862813949585
5.0,5.0,0.5,4,6,-6.593225969489348,0.010458096363996666,0.4776857257109475,-0.18460562459583052,0.46218831331369464,730.1324598193283,5.710683552540208,0.8887083994749494,1150,Yes,9.856336832046509
5.0,5.0,0.5,5,6,-6.6112745762935,0.01951369760759885,0.4845833354601671,-0.160799273152718,0.4299246097988259,743.4299733253555,5.714273601419239,0.9360905365739838,1090,Yes,9.519016027450562
5.0,5.0,1.0,1,4,-6.599029999704187,0.008094241065856453,0.4615605399949471,-0.2263519511238753,0.4439644453241405,734.3824924049101,5.76870307899393,0.8598741507364387,1120,Yes,9.477470636367798
5.0,5.0,1.0,2,5,-6.603527641255008,0.007617199725241232,0.4599888621855409,-0.19271613492784057,0.4221119175664505,737.6929205961463,5.770563432353029,0.8986942347135127,1070,Yes,9.737401723861694
5.0,5.0,1.0,3,4,-6.610296835590185,0.010626842982502814,0.4839549788568863,-0.2608103171812565,0.47090163763298737,742.7034468155201,5.749424819813676,0.8124878689265455,1060,Yes,9.36893367767334
5.0,5.0,1.0,4,5,-6.596470471693713,0.011606952670405034,0.4765803229683733,-0.16328400729299528,0.41803152373357655,732.5052233314474,5.766834390292516,0.940650925082216,1100,Yes,9.373525142669678
5.0,5.0,1.0,5,5,-6.603338574959673,0.018091721609480187,0.4834912532862466,-0.2421894621196085,0.4246945585902631,737.5534609125325,5.749118497181163,0.904630184844942,1080,Yes,9.950533151626587
5.0,5.0,2.0,1,3,-6.600837475897149,0.010521151256829998,0.46389515136159604,-0.3572831190290712,0.49078925950378655,735.7110716023925,5.812946700792591,0.5991902081036573,1080,Yes,9.101511478424072
5.0,5.0,2.0,2,3,-6.605561859366884,0.010448001132047295,0.4750692638584219,-0.1656302958054193,0.4568254401048342,739.1950762343301,5.7968867378267515,0.8835627411349787,1080,Yes,8.338925123214722
5.0,5.0,2.0,3,2,-6.607863571000817,0.009044588553620149,0.46406971273484354,-0.3268687037202614,0.5177614359662959,740.8984497263148,5.804647736310309,0.6385333140328855,1120,Yes,9.82012677192688
5.0,5.0,2.0,4,3,-6.606562930876628,0.012047917665453153,0.48534986172684863,-0.37038565188010486,0.5040853460205026,739.9354338789348,5.802533331980435,0.6062419657997337,1090,Yes,9.156122207641602
5.0,5.0,2.0,5,3,-6.605926080961369,0.009720664047747941,0.47594678674439705,-0.23069328958869956,0.5745148469573195,739.4643560794224,5.794632435627928,0.8268349305280791,1100,Yes,9.213568210601807
5.0,5.0,5.0,1,2,-6.641172990612755,0.011246790009073287,0.464878071628997,-0.3265897235418597,0.5175440038832679,765.9929688203472,5.959370891231583,0.6346786161713256,1060,Yes,8.645864725112915
5.0,5.0,5.0,2,3,-6.638699687029407,0.010893000724316907,0.46442935134992397,-0.2673344788850908,0.4879229723788015,764.1007766132088,5.956416721344389,0.7547071142386768,1060,Yes,8.930475234985352
5.0,5.0,5.0,3,2,-6.640369155624474,0.01273268059388049,0.4809745982199786,-0.26997448774901556,0.5177265820468135,765.3774842783786,5.9582899202621915,0.7245813945788115,1060,Yes,8.048863649368286
5.0,5.0,5.0,4,3,-6.648057874407188,0.009596437072173487,0.46303743502002365,-0.21333594529318342,0.4592088327570538,771.28493778975,5.951767969425673,0.8261040490926496,1060,Yes,8.858916759490967
5.0,5.0,5.0,5,2,-6.639077943526029,0.013113475085646422,0.47848338837856513,-0.2684421907793849,0.5162719091397261,764.3898573659268,5.946131799528484,0.7261837514227648,1060,Yes,8.065014362335205
10.0,0.01,0.01,1,4,-6.670701746448859,0.01589312393412984,0.486171760833015,-0.1696753667699967,0.4445070925695962,788.9490524457268,5.694846115406187,0.8667404225558347,1060,Yes,8.776222467422485
10.0,0.01,0.01,2,3,-6.6702459414406015,0.015926577184066298,0.4862327744424899,-0.3186925268867395,0.49290528703485303,788.5895274592309,5.695327154500627,0.6681212702546417,1060,Yes,9.519996404647827
10.0,0.01,0.01,3,5,-6.6714494658061545,0.01613354572137104,0.48613293143043246,-0.12917096154196092,0.45979688837038435,789.5391855236285,5.687637698205286,0.9000768132763907,1060,Yes,9.820093631744385
10.0,0.01,0.01,4,4,-6.67191664444808,0.015808983871664607,0.4720877343240659,-0.09275259813218331,0.413215024698839,789.9081275422737,5.699912564426453,0.9015352359746484,1060,Yes,9.111366987228394
10.0,0.01,0.01,5,5,-6.678126163220218,0.01251343082543098,0.467262826102543,-0.06367441167602765,0.46413098205045616,794.828337145966,5.697119945029199,0.9116897492625179,1060,Yes,9.16520071029663
10.0,0.01,0.05,1,4,-6.620766629123315,0.019972871682118844,0.4852465807078686,-0.20515321282288232,0.43457344892967287,750.5202472994887,5.697634539936483,0.854049025180072,1060,Yes,9.260158777236938
10.0,0.01,0.05,2,4,-6.619246161356471,0.020667912377325823,0.4860634520344203,-0.1686900042133682,0.4277591224611014,749.3799725502828,5.703172383340206,0.8600756190136818,1060,Yes,9.166258811950684
10.0,0.01,0.05,3,4,-6.619750322345755,0.019726152128032054,0.4858958228171124,-0.14460394205743876,0.42870755989558357,749.7578759526657,5.696154751790513,0.8938890404234575,1060,Yes,9.42019271850586
10.0,0.01,0.05,4,4,-6.620245358735505,0.017147644290391235,0.46707803248893065,-0.14050911556837975,0.41434195273232016,750.1291252681426,5.697977424910943,0.8807804414367109,1060,Yes,9.200268268585205
10.0,0.01,0.05,5,4,-6.626073128756156,0.00481614368180643,0.4604403586818502,-0.14582006341659226,0.42415139329797763,754.5134683588648,5.698981129300748,0.881705828763458,1060,Yes,9.107101440429688
10.0,0.01,0.1,1,4,-6.601344262962739,0.019208275065441687,0.48523191775010605,-0.22094432502320385,0.4497442099952241,736.0840149509427,5.6996988289709325,0.858575160914363,1060,Yes,9.068769454956055
10.0,0.01,0.1,2,5,-6.599504232058231,0.019721967977622254,0.4846451962106697,-0.09990529022378221,0.41050453231153766,734.7308429360697,5.696268405236282,0.9021131844992595,1060,Yes,9.231460332870483
10.0,0.01,0.1,3,4,-6.599827050753229,0.020001387362938577,0.4853409763536607,-0.13558818488296098,0.430809643383293,734.968066075933,5.703681914247352,0.8960093099703725,1060,Yes,9.317274808883667
10.0,0.01,0.1,4,4,-6.607238316470212,0.004785537362566864,0.46029111399635075,-0.03732525979987665,0.4098849764707509,740.4353444083417,5.706984804699463,0.812743517774788,1060,Yes,8.485505104064941
10.0,0.01,0.1,5,4,-6.607814877331302,0.005459750842843847,0.4608802059626997,-0.12423627043778222,0.45452223893137217,740.8623735404076,5.704220038203879,0.8884096831714958,1060,Yes,9.431435585021973
10.0,0.01,0.5,1,3,-6.5728441108965825,0.019886322348470847,0.4844948755871664,-0.24540004969434373,0.46499561022333713,715.4016340267353,5.722565130357369,0.8051679336509384,1060,Yes,9.427819013595581
10.0,0.01,0.5,2,3,-6.572835386536594,0.019859237505059864,0.48489081344288804,-0.25100989974000304,0.46762806680652885,715.3953926325701,5.726638042483577,0.8081073730506312,1060,Yes,9.144051790237427
10.0,0.01,0.5,3,3,-6.573301312841856,0.01961288363492989,0.4853660795527103,-0.16273721312058145,0.46519246268745357,715.7287918283571,5.732490920135964,0.8561480462505636,1060,Yes,8.625713109970093
10.0,0.01,0.5,4,3,-6.5568601258275345,0.01068075996600138,0.46825194157350686,-0.21322516703362923,0.5003412049482528,704.0575682009568,5.698968479631731,0.7030368850432019,1060,Yes,8.64351487159729
10.0,0.01,0.5,5,3,-6.578794963979016,0.006315450939003927,0.45923249044445763,-0.24144308316283594,0.47450244223531224,719.671576344639,5.734149061084732,0.8036443835800805,1060,Yes,9.101632356643677
10.0,0.01,1.0,1,3,-6.57363584571673,0.018766574403608693,0.48220248881113026,-0.14198750248888864,0.44590564273660854,715.9682666925913,5.749562568788868,0.8494949803123507,1060,Yes,8.867058753967285
10.0,0.01,1.0,2,3,-6.572937107608802,0.021621341327982244,0.48563609021316784,-0.1899359830798474,0.47778731863606794,715.468167120248,5.74893997150464,0.8041015847385202,1060,Yes,9.236006736755371
10.0,0.01,1.0,3,3,-6.5738735898354035,0.0210679993175991,0.4855848340540407,-0.213547755276825,0.4774793402713491,716.1385041728324,5.756930454875571,0.8083967737252777,1060,Yes,9.174511194229126
10.0,0.01,1.0,4,3,-6.551388440137925,0.013813387285401142,0.4737646197928198,-0.266128144871919,0.4996870473145211,700.2157067946393,5.732263685378381,0.7069946082995823,1060,Yes,9.347779035568237
10.0,0.01,1.0,5,3,-6.578729400775001,0.008832012507086389,0.46222937877112774,-0.21868320071913433,0.4682885335545432,719.6243939169876,5.763817020882997,0.8080676777139388,1060,Yes,9.311100006103516
10.0,0.01,2.0,1,2,-6.584985441795061,0.013097875274986485,0.4784833045080833,-0.32479016170752634,0.5238294152382549,724.1405054044197,5.801561852732553,0.6356087365986282,1060,Yes,9.19241714477539
10.0,0.01,2.0,2,3,-6.584783066056045,0.01924973890931445,0.4826336979339068,-0.09979202421471661,0.46108271180000354,723.9939717624145,5.800035095551458,0.858629621585628,1060,Yes,8.642517328262329
10.0,0.01,2.0,3,3,-6.590911298556859,0.00926191679460207,0.4629880777150697,-0.16414502056020958,0.4349927194919802,728.4443978453875,5.814932774403527,0.8671189893748558,1060,Yes,8.704580545425415
10.0,0.01,2.0,4,2,-6.59146940442644,0.00767411342253412,0.46046855384698215,-0.32713711530441547,0.5165324452482969,728.8510604093143,5.818658163987052,0.6348918664797105,1060,Yes,9.481290102005005
10.0,0.01,2.0,5,2,-6.590698762086003,0.009517288327918873,0.4633893473042107,-0.3265897235418597,0.5175440038832679,728.2895932952434,5.814795621096666,0.6374515390940325,1060,Yes,9.401102781295776
10.0,0.01,5.0,1,2,-6.6304493974416685,0.02113936206604089,0.48472003604263075,-0.2645525958265344,0.5194218276026454,757.8226576926799,5.947729484687323,0.7260140503283923,1060,Yes,8.59136414527893
10.0,0.01,5.0,2,2,-6.630105226223595,0.013354746314561046,0.4784846855439385,-0.2684421907793849,0.5162719091397261,757.5618818238463,5.946232933171321,0.7262730212478797,1060,Yes,8.69969892501831
10.0,0.01,5.0,3,2,-6.630057961686175,0.013297663861322256,0.47848437864708177,-0.2684421907793849,0.5162719091397261,757.5260768580943,5.944395326143528,0.7264579054522513,1060,Yes,8.33778166770935
10.0,0.01,5.0,4,2,-6.6305970149009115,0.013515547719873297,0.4750976711065473,-0.26871913108033624,0.5144805277215989,757.9345338051958,5.9476590206667845,0.7305719747797311,1060,Yes,8.78333854675293
10.0,0.01,5.0,5,2,-6.635264715574973,0.009907055421944982,0.4647602883037038,-0.1779931425870409,0.49356276685557976,761.4806149238161,5.95805610609485,0.7929050176377901,1060,Yes,8.938186168670654
10.0,0.05,0.01,1,5,-6.678115223035866,0.014146262892086805,0.4864760908739405,-0.24284296152547574,0.4404397006162487,794.8196416249954,5.6933012388952635,0.8536458949409952,1060,Yes,7.993778467178345
10.0,0.05,0.01,2,3,-6.677291978386886,0.01628899529793416,0.48701794842203205,-0.33824540867359765,0.5145310721372591,794.165579871482,5.697306577129605,0.6108550513610987,1100,Yes,9.029105424880981
10.0,0.05,0.01,3,5,-6.676399045600772,0.017858571898711328,0.46817063443159757,-0.18789635346042816,0.5061629492756643,793.4567598990052,5.686915375543103,0.8531336999369843,1060,Yes,8.92259430885315
10.0,0.05,0.01,4,5,-6.671962164770085,0.020617431815002224,0.4849599985382596,-0.11114279822496805,0.4397534305627224,789.9440852329906,5.678065723464063,0.9209887631778899,1080,Yes,9.019246101379395
10.0,0.05,0.01,5,5,-6.648144269360726,0.011313314529893538,0.49602824250132116,-0.11837951468374586,0.4725543769495684,771.351575794667,5.745535311157247,0.9125646762740028,1060,Yes,9.401644945144653
10.0,0.05,0.05,1,4,-6.622680083354863,0.01610990242193142,0.4855254573905031,-0.20994017785907296,0.45331376521876443,751.9577082618451,5.695227597067462,0.850182528187602,1060,Yes,9.047837018966675
10.0,0.05,0.05,2,5,-6.624123063613386,0.02019874958391055,0.48638811771776685,-0.21925288676107202,0.4948321047959148,753.0435516269692,5.689551584461767,0.8438104492272427,1060,Yes,8.928600072860718
10.0,0.05,0.05,3,6,-6.622371066416827,0.019714944550533738,0.48522831003878425,-0.1492377168792953,0.45106293770608497,751.72537649238,5.682469055823459,0.8891827247763153,1060,Yes,9.307653427124023
10.0,0.05,0.05,4,5,-6.620098105741058,0.021096367781511326,0.4853143275398587,-0.06840680762389587,0.4387907842092691,750.0186746405175,5.693768700329862,0.9085999864080713,1060,Yes,9.307170867919922
10.0,0.05,0.05,5,7,-6.619192360469513,0.009756972839579029,0.49031831923759267,-0.009038856495110008,0.3711013649147014,749.339656327625,5.740353184358077,0.920742001415713,1060,Yes,9.586313486099243
10.0,0.05,0.1,1,4,-6.605359635466068,0.01477067838166306,0.48454946528880805,-0.2264582330351442,0.45540036448217114,739.0456084360401,5.695457851390434,0.8577104685263337,1060,Yes,9.321092367172241
10.0,0.05,0.1,2,5,-6.604835674658876,0.018828305991064904,0.4840902945816887,-0.12897108257444811,0.41937778857221203,738.6584789316926,5.691623368431532,0.8882155205152269,1060,Yes,9.19915223121643
10.0,0.05,0.1,3,4,-6.605094626714497,0.01746318966655572,0.4677409878328463,-0.29400543667501355,0.4762215907410303,738.8497808311553,5.702225565250299,0.747068790551677,1080,Yes,9.263400554656982
10.0,0.05,0.1,4,5,-6.605081936541598,0.015115559591424793,0.4848238531939109,-0.24902138800386825,0.45000198408280906,738.8404047591821,5.699249718063175,0.8414128264649772,1060,Yes,9.317749738693237
10.0,0.05,0.1,5,5,-6.59969877041207,0.010042780659763667,0.4939747817960453,-0.15692006945173992,0.47657718672044236,734.8737901686783,5.749986306379206,0.9088802756239925,1060,Yes,9.835335731506348
10.0,0.05,0.5,1,3,-6.55913125942514,0.011283171501755904,0.45505345639085365,-0.2718459938493154,0.5060507524409036,705.6583941554562,5.700389537470371,0.6684420019833421,1060,Yes,9.069744110107422
10.0,0.05,0.5,2,3,-6.56450754198545,0.015529187123974495,0.48003794995324234,-0.2693069565407653,0.5122802365877929,709.4624296956771,5.70749156155926,0.6820232526872082,1060,Yes,9.199365854263306
10.0,0.05,0.5,3,3,-6.5774331300762885,0.019520280151980013,0.4853059209852463,-0.29241650997813784,0.49144702980089033,718.6921702387298,5.728338175294749,0.743522158167126,1090,Yes,9.612355470657349
10.0,0.05,0.5,4,3,-6.562636932281735,0.014539205526026331,0.47581546812198344,-0.3108386719891757,0.5117538637521889,708.1365428852602,5.710000148096856,0.6319498482964795,1060,Yes,9.424484968185425
10.0,0.05,0.5,5,3,-6.5590961917654385,0.017439048452582356,0.4516440443728396,-0.21229773052485665,0.4704495077162111,705.6336488009078,5.699663601649606,0.7021449988716816,1080,Yes,9.460597276687622
10.0,0.05,1.0,1,2,-6.574559076078225,0.01911326000708453,0.4828179479496547,-0.3603576049776924,0.5302807901097965,716.629575557508,5.750439234900123,0.5570230691054951,1060,Yes,9.264010906219482
10.0,0.05,1.0,2,3,-6.576328934312449,0.020766759952631168,0.485596205213058,-0.2821792223032122,0.4909833349901289,717.8990313597288,5.753459631576419,0.7438016245790355,1060,Yes,9.338250398635864
10.0,0.05,1.0,3,3,-6.576704724913523,0.010174741797464545,0.47488101224276635,-0.2168334765007828,0.47571621590665414,718.1688617649238,5.748127496183189,0.8078238482448992,1070,Yes,9.725051164627075
10.0,0.05,1.0,4,2,-6.574970316508244,0.021223672191247687,0.4862883426560844,-0.32145427809955035,0.5267348106000739,716.9243432183599,5.753594409120865,0.6351538276217912,1060,Yes,9.33242654800415
10.0,0.05,1.0,5,3,-6.559670977864372,0.010745486849944252,0.45699865420573366,-0.21546575318279443,0.492391252530644,706.0393537988053,5.740360139700461,0.702699650881953,1060,Yes,8.623902082443237
10.0,0.05,2.0,1,2,-6.589367306530697,0.019146224683736054,0.48280045658696547,-0.3603576049776924,0.5302807901097965,727.3205533303586,5.80096027541861,0.5573641265291557,1060,Yes,9.213306427001953
10.0,0.05,2.0,2,3,-6.586794080090577,0.010097293239307789,0.4751203776683638,-0.27978808694513757,0.4696401108840784,725.4513987624466,5.79959692571569,0.7462138743197305,1060,Yes,9.267618656158447
10.0,0.05,2.0,3,3,-6.586234141189401,0.018532892709843825,0.4825158603694114,-0.17077054838991237,0.47645118451520124,725.0453040081023,5.801182324264194,0.8457920382734012,1060,Yes,8.447295427322388
10.0,0.05,2.0,4,2,-6.585933328065792,0.021387761974890503,0.4860739690107415,-0.32145427809955035,0.5267348106000739,724.8272336663006,5.802772006309375,0.6354138184722489,1060,Yes,9.501346826553345
10.0,0.05,2.0,5,2,-6.592112660445076,0.009762107755723913,0.4636000835187661,-0.27069164307230165,0.5084151449459924,729.3200490643278,5.819803668566781,0.7247310468095983,1060,Yes,8.797908306121826
10.0,0.05,5.0,1,2,-6.633015838060392,0.02108932970324698,0.48477140607819164,-0.2645525958265344,0.5194218276026452,759.7700624235719,5.946768631050822,0.7262302183866524,1060,Yes,8.486911535263062
10.0,0.05,5.0,2,2,-6.630213424347907,0.0210768537670233,0.48478421557292034,-0.2645525958265344,0.5194218276026454,757.6438530329959,5.945254495833956,0.7263466581675732,1060,Yes,8.203325510025024
10.0,0.05,5.0,3,2,-6.631612794049995,0.010677343943790748,0.4757568783163366,-0.2697269973272247,0.5149124740505626,758.704819054621,5.945018739461937,0.7263690689058223,1060,Yes,8.441896915435791
10.0,0.05,5.0,4,2,-6.632004619625818,0.010186620398431614,0.4756733586076059,-0.1762419812962689,0.5018634855232934,759.0021572557788,5.949096389784009,0.7852000333192913,1060,Yes,8.622295141220093
10.0,0.05,5.0,5,2,-6.636543496697513,0.011710692803757933,0.4652773909140308,-0.17752817562303813,0.4932003800505331,762.4550048422943,5.962583973032934,0.7800970621972074,1060,Yes,8.571565866470337
10.0,0.1,0.01,1,6,-6.6772336751487025,0.020294798914356565,0.4857765447891658,-0.19855740229686827,0.510085544514862,794.1192787962864,5.676046884724002,0.8825717172627133,1090,Yes,10.040763139724731
10.0,0.1,0.01,2,8,-6.665171592384212,0.009780590144468295,0.4862432935893251,-0.08487463444851212,0.5018389108533309,784.5980844867711,5.725947139140488,0.9448449743711642,1060,Yes,10.073327779769897
10.0,0.1,0.01,3,5,-6.670317466742898,0.010219751403842486,0.4867951726975811,-0.26205372063550036,0.49139591597048327,788.645933580779,5.742655201946741,0.7515277484668393,1060,Yes,9.727147102355957
10.0,0.1,0.01,4,6,-6.6787208484693235,0.0165127676456243,0.4677679699247703,-0.15261122127702303,0.4705270136025913,795.3011504072399,5.672460792502583,0.9023396582033429,1070,Yes,9.56329607963562
10.0,0.1,0.01,5,7,-6.68172920483816,0.013134400734898499,0.4687477862491721,-0.18322616017953675,0.5156458904782474,797.6973021202043,5.680320853768248,0.8591738474413783,1090,Yes,10.391599178314209
10.0,0.1,0.05,1,5,-6.6289407247574745,0.020623083786919717,0.48565420635326123,-0.15112510763561757,0.48442310102358616,756.6802133535319,5.6866652410067005,0.8739591933660096,1070,Yes,9.682421922683716
10.0,0.1,0.05,2,7,-6.600092081563596,0.02214720611624198,0.48680304162603366,-0.06776379527065762,0.4276775793927172,735.1628810729271,5.656401887248661,0.9179302917510265,1060,Yes,9.418864250183105
10.0,0.1,0.05,3,7,-6.625592374651502,0.020299754919542164,0.4847270333085923,-0.11519258761185329,0.42863442172280064,754.1508200912409,5.681013180275813,0.918332340153941,1060,Yes,9.672725677490234
10.0,0.1,0.05,4,9,-6.598878421279316,0.021263056202430478,0.4882390671003254,-0.06702529821342881,0.4554575617474854,734.2711842996257,5.637205796021532,0.937747208850311,1060,Yes,9.817756175994873
10.0,0.1,0.05,5,6,-6.6337444734409186,0.0030762912516069216,0.4545398572043925,-0.12601363928914444,0.377660514091741,760.323859505691,5.687412301724921,0.9194474329831447,1060,Yes,9.546628713607788
10.0,0.1,0.1,1,6,-6.606964762874015,0.020510088123130765,0.48503362939146266,-0.0734940733914707,0.4706967278431139,740.2328233585708,5.686667348464359,0.8876784807835602,1060,Yes,9.459326982498169
10.0,0.1,0.1,2,7,-6.6103937908087085,0.014454506082575884,0.4785910980918204,-0.05097598242847024,0.47334744297326975,742.7754592814398,5.696754247713609,0.9118935194181962,1060,Yes,8.990354776382446
10.0,0.1,0.1,3,6,-6.60735615078498,0.01679200748004088,0.48474504395464685,-0.1309056827295296,0.47945563718779477,740.5225982404268,5.684801595854305,0.8826716242274558,1060,Yes,9.637413740158081
10.0,0.1,0.1,4,5,-6.603852645398935,0.020859480515172613,0.4862932547966828,-0.15267451290388673,0.47899197747754335,737.9327128169077,5.690231898919838,0.8746616824807777,1060,Yes,9.482060670852661
10.0,0.1,0.1,5,6,-6.6095008712018135,0.01582270997521506,0.4691848404523196,-0.03041906160392549,0.4391928585323002,742.112516531664,5.702092465630672,0.8862513553306103,1060,Yes,9.327380895614624
10.0,0.1,0.5,1,3,-6.578661286341345,0.020196488041095216,0.4850437367364004,-0.2553136862687208,0.4748871005953202,719.5753787782891,5.724505345078652,0.8079608180385458,1060,Yes,9.527569770812988
10.0,0.1,0.5,2,4,-6.566823897761703,-6.612235146068334e-05,0.44241315067081166,-0.2309414186596137,0.509460018438257,711.1077018749519,5.707100079218422,0.7604447022075594,1060,Yes,9.356747388839722
10.0,0.1,0.5,3,3,-6.565791671770761,0.014978638640220133,0.4700777151416992,-0.21375089338158118,0.49657128378722765,710.3740567316512,5.708360993934714,0.6968350063883738,1060,Yes,9.358937501907349
10.0,0.1,0.5,4,3,-6.579696549310098,0.017541023785169488,0.4803738376776091,-0.28178460332737454,0.4889308340851815,720.3207142637095,5.718813475434224,0.7305044572869861,1060,Yes,9.179560422897339
10.0,0.1,0.5,5,4,-6.573963282381416,0.00802505977304058,0.4455264924213494,-0.29127098179506894,0.4919711727405793,716.2027393392341,5.717820037323917,0.6682398633941457,1070,Yes,9.892862796783447
10.0,0.1,1.0,1,3,-6.57558429374533,0.019423937467594413,0.48495872712861654,-0.25430196993160975,0.4850306047124217,717.3646536022537,5.756592878567991,0.8072827051008111,1060,Yes,9.40593957901001
10.0,0.1,1.0,2,3,-6.57275300396621,0.019208598633930242,0.4766993657948326,-0.2126222691217298,0.49186990722406476,715.3364589488715,5.750457961420033,0.7279179962021469,1060,Yes,9.514410734176636
10.0,0.1,1.0,3,3,-6.562682697532553,0.01062839004988081,0.4566050193148899,-0.2718459938493154,0.5060507524409036,708.1689516733514,5.743157972753779,0.6670184908465395,1060,Yes,9.241254091262817
10.0,0.1,1.0,4,3,-6.576219683446598,0.009991999813223636,0.474317961988271,-0.2848425470325997,0.48167571670149273,717.8206045531355,5.752770562094434,0.7261303165375228,1060,Yes,9.208557844161987
10.0,0.1,1.0,5,4,-6.57154749380829,0.008574001883664528,0.4595109600616163,-0.08468227651656038,0.46017307248816464,714.4746331555233,5.753263657836924,0.7927016706663059,1060,Yes,9.462624549865723
10.0,0.1,2.0,1,3,-6.588659462123032,0.010746471464880149,0.4751289120978937,-0.3473000075052339,0.497493891244308,726.8059057108121,5.804331669122569,0.6081779418596372,1060,Yes,9.170137643814087
10.0,0.1,2.0,2,3,-6.596765908956422,0.01425936104950755,0.4780227210754123,-0.24596820633537697,0.4631566001875996,732.7216646403881,5.822779635401148,0.8136254716715644,1060,Yes,9.203692436218262
10.0,0.1,2.0,3,3,-6.588274641406569,0.01862618778568588,0.48246645228780116,-0.289939635859379,0.4819323172889948,726.5262695497916,5.800020030582363,0.7424767122319642,1060,Yes,9.460259675979614
10.0,0.1,2.0,4,2,-6.593807376031111,0.008798759275488833,0.46277085025961456,-0.3638551105215651,0.5236299098414516,730.5570870363804,5.8087689652844485,0.5571523325042467,1060,Yes,9.424911975860596
10.0,0.1,2.0,5,2,-6.591942354266272,0.00853311779724692,0.4636601790802652,-0.3268687037202614,0.5177614359662959,729.1958519297165,5.812884202300278,0.6378594759706802,1060,Yes,9.42559814453125
10.0,0.1,5.0,1,2,-6.633132713061575,0.01091359361052139,0.475797087316984,-0.2697269973272247,0.5149124740505626,759.8588657398591,5.946462525070237,0.7263114115261772,1060,Yes,8.986429691314697
10.0,0.1,5.0,2,2,-6.6334142128267315,0.012980760634107809,0.4749618163922925,-0.32501171394828743,0.5223963101037532,760.072795941355,5.948169303234643,0.6355306188029075,1060,Yes,9.389770030975342
10.0,0.1,5.0,3,2,-6.632641947314296,0.01907302684701956,0.4828392960369503,-0.2654453847564926,0.5183914653485094,759.4860445272111,5.947335583599313,0.7207528622533794,1060,Yes,8.405750513076782
10.0,0.1,5.0,4,2,-6.635755417875908,0.013202455038331815,0.47501813456215747,-0.26871913108033624,0.5144805277215989,761.854366906656,5.944537452526971,0.7266055860212939,1060,Yes,8.677215337753296
10.0,0.1,5.0,5,2,-6.632827541407448,0.010931087153346878,0.47580006466668584,-0.2697269973272247,0.5149124740505626,759.6270137320276,5.9477660551018605,0.726076810582753,1060,Yes,8.636132001876831
10.0,0.5,0.01,1,10,-6.664952716695311,0.014540703826878398,0.4800456450522989,-0.14183030493302856,0.4678945339902848,784.4263738328478,5.621853465809979,0.9286283993464856,1070,Yes,10.132874727249146
10.0,0.5,0.01,2,9,-6.70259501647046,0.0030862018828864087,0.4556086714020991,-0.1950378032119105,0.4557125555883174,814.5167694475272,5.630039240971438,0.8995303852384572,1110,Yes,10.563114404678345
10.0,0.5,0.01,3,11,-6.690550152995535,0.01583881600240075,0.4665603055642088,-0.13194424517441644,0.4684541677210322,804.7648741841311,5.64088418202204,0.9524133151684838,1130,Yes,11.03925895690918
10.0,0.5,0.01,4,11,-6.686115125711828,0.007394813495875218,0.4615584608423032,-0.1909064664297841,0.4429185241492201,801.2036229706272,5.652526053828626,0.9155186987750042,1090,Yes,10.701067924499512
10.0,0.5,0.01,5,10,-6.677845742470017,0.00871884017442473,0.4730209843026418,-0.13293623577673352,0.46046808737615935,794.6054820354416,5.627441151131233,0.9249016538915041,1110,Yes,10.54537582397461
10.0,0.5,0.05,1,8,-6.607500071427897,0.013892671995333892,0.47869056158169293,-0.10847230415273419,0.4612322344344957,740.6291823985064,5.632348507537879,0.9296077719763922,1100,Yes,10.136905431747437
10.0,0.5,0.05,2,9,-6.653232432884148,0.00395101223626373,0.45821026506071155,-0.14252409351495082,0.36620815720109257,775.2863406207329,5.663797958308029,0.9660891179283014,1120,Yes,10.093320608139038
10.0,0.5,0.05,3,13,-6.641691616745818,0.019297013046544697,0.48403311365788443,-0.07970887133957406,0.44803269850163374,766.3903358252699,5.642668771457626,0.9541229727473359,1060,Yes,10.992050170898438
10.0,0.5,0.05,4,13,-6.602373324731499,0.014546740179487897,0.47950402318514956,-0.023165636553656308,0.42605817952437824,736.8418807478031,5.609525904349071,0.9322110862273191,1180,Yes,11.558762073516846
10.0,0.5,0.05,5,10,-6.6167422157201585,0.00980479891872229,0.4763729430839323,-0.12470588276852544,0.4282261523119388,747.5059130887371,5.6202461779755435,0.936221892433989,1110,Yes,10.44080114364624
10.0,0.5,0.1,1,7,-6.6303800525958625,0.008634544474610336,0.4589159083931872,-0.1411417613853083,0.40996991236788666,757.7701084193656,5.673392881694863,0.9154711584394681,1060,Yes,9.969709634780884
10.0,0.5,0.1,2,11,-6.6302372185389915,0.00620719292594954,0.4571985017647221,-0.08600401089372554,0.4272838421679372,757.6618807700855,5.638678853066261,0.9210330283363729,1060,Yes,10.479163646697998
10.0,0.5,0.1,3,10,-6.6191269104882675,0.02111355205190616,0.48412591244973696,-0.04205119086830407,0.45438803376697057,749.2906136661102,5.653983965910937,0.9438264940543135,1100,Yes,10.576934099197388
10.0,0.5,0.1,4,9,-6.6050965940503605,0.010979750974870917,0.47204530373129006,-0.14106901470085786,0.4041920619281647,738.8512343982563,5.646772564541347,0.9378976551130405,1170,Yes,10.767147779464722
10.0,0.5,0.1,5,10,-6.6226776937507,0.01718933376623287,0.4798665673568445,-0.08528048758791627,0.4062468958756313,751.9559113827216,5.645139570407571,0.9378246630111039,1220,Yes,11.083006143569946
10.0,0.5,0.5,1,5,-6.5948002684287514,0.010167135131512246,0.47315994657238303,-0.2544201830927624,0.44937310709730655,731.2828118378397,5.732010164305113,0.8278847267562147,1090,Yes,9.3777174949646
10.0,0.5,0.5,2,4,-6.591987917807444,0.01720682269596073,0.4790376861744626,-0.2697461505441912,0.47383570782928974,729.2290774318683,5.725652768636985,0.7653532752041832,1120,Yes,9.976814031600952
10.0,0.5,0.5,3,6,-6.590978084951657,0.0186737174306103,0.47822848566500264,-0.13982900393502912,0.4308724118295288,728.4930496451512,5.723238857288537,0.854967045793974,1080,Yes,9.632020235061646
10.0,0.5,0.5,4,6,-6.5624567421064866,0.014871710536008139,0.48228509868792563,-0.1134298110839853,0.5386207331764876,708.0089551328729,5.694291964139764,0.8709974341729,1070,Yes,9.202624559402466
10.0,0.5,0.5,5,6,-6.56322448425172,0.013068112360157516,0.4763480196197035,-0.1651677137950122,0.482623828489404,708.5527321604918,5.689450551770366,0.8988672466630886,1060,Yes,9.428536176681519
10.0,0.5,1.0,1,4,-6.5890719269399645,0.008483313129974317,0.4613053609659571,-0.21712050596273805,0.4171092046952007,727.1057494088935,5.771567172745243,0.8587179769494392,1060,Yes,9.249743461608887
10.0,0.5,1.0,2,3,-6.593420160329317,0.00535797869259013,0.4593354135447081,-0.36378262678241957,0.49592848982829707,730.2742586225581,5.760600448580478,0.6101102691362971,1060,Yes,9.5059654712677
10.0,0.5,1.0,3,3,-6.593808472652045,0.018960383098541624,0.4846067693078549,-0.36443624079640524,0.5082293540210842,730.5578881810145,5.75339025457951,0.6128562747679135,1060,Yes,9.090156316757202
10.0,0.5,1.0,4,4,-6.565585378347483,0.013880883362236059,0.4797697835234366,-0.20211959795461595,0.49849453418714207,710.2275263503267,5.735638620879635,0.8273509226633984,1060,Yes,9.128294944763184
10.0,0.5,1.0,5,5,-6.5893531533865835,0.009979127839564408,0.47510394416031737,-0.16351948392386603,0.4436375415888034,727.3102595305955,5.748519089134807,0.9020326106211242,1060,Yes,9.1170175075531
10.0,0.5,2.0,1,3,-6.598570480003573,0.009570308385419862,0.463417306979574,-0.32621103575756666,0.5002805312593112,734.045106705489,5.8187620886348395,0.6749807948939186,1060,Yes,9.518009424209595
10.0,0.5,2.0,2,3,-6.597415348759196,0.0075149415087770715,0.4618073826717637,-0.30891861629341405,0.48013157617083496,733.1976778079791,5.81503453031859,0.7366230295441059,1060,Yes,9.05188274383545
10.0,0.5,2.0,3,3,-6.595226017959058,0.02095907882789978,0.4851116099213262,-0.33080804162051924,0.4871567171909188,731.5942214380423,5.802687273552773,0.6749665543300151,1120,Yes,9.964664936065674
10.0,0.5,2.0,4,3,-6.598703309341171,0.009377046674264006,0.4634117580332413,-0.33297768640251224,0.5006940407401629,734.1426159066774,5.817291574602868,0.6813675648377455,1060,Yes,9.315369606018066
10.0,0.5,2.0,5,3,-6.594426088947014,0.02092579065690364,0.48546957643216093,-0.2917818177345722,0.4899438296064919,731.0092320014752,5.797978907319987,0.7462241382827269,1060,Yes,8.948878765106201
10.0,0.5,5.0,1,2,-6.637757052312672,0.015279236253234277,0.4784950323296746,-0.3623554756596206,0.5288677526372741,763.3808480622206,5.957749065818052,0.5543437909874177,1060,Yes,9.27116346359253
10.0,0.5,5.0,2,2,-6.640952825789207,0.013122426878814921,0.48577977578382775,-0.268813750534994,0.5200658747852109,765.824342676982,5.9524985102859205,0.7258937896651476,1060,Yes,8.77688980102539
10.0,0.5,5.0,3,2,-6.632375681647436,0.012580693526530393,0.47486018528707435,-0.32501171394828743,0.5223963101037532,759.2838463894998,5.947716671916732,0.6334613877125472,1060,Yes,9.205307006835938
10.0,0.5,5.0,4,2,-6.639135407084996,0.012006617212074095,0.46553211738799655,-0.27069164307230165,0.5084151449459924,764.4337831896245,5.964242610338822,0.7195349049251664,1060,Yes,8.621363162994385
10.0,0.5,5.0,5,2,-6.635026910821913,0.010610220246624658,0.4757454540598703,-0.3258180069457982,0.5227418671669242,761.299552743801,5.942288581827892,0.636017110238936,1070,Yes,9.36410117149353
10.0,1.0,0.01,1,15,-6.713551181129196,0.015172640473246707,0.4689222887543984,-0.09746655755476273,0.49180277293567504,823.48981461271,5.590023073653925,0.9551641986831405,1350,Yes,12.971349000930786
10.0,1.0,0.01,2,17,-6.719481164283828,0.011335688044077127,0.4813885890186929,-0.04905186341618448,0.4676363012668367,828.3876028899347,5.657115891911654,0.9741855416145763,1170,Yes,12.067428588867188
10.0,1.0,0.01,3,14,-6.70092216408267,0.0055077979281496076,0.4602416024049048,-0.09512816266603624,0.4566772565721248,813.155342175782,5.620097941649995,0.9679089491635229,1570,Yes,14.304219961166382
10.0,1.0,0.01,4,23,-6.71818544595863,0.01159725013954204,0.4657111138308551,-0.09543392825226706,0.42024483297424875,827.3149409764252,5.569281148872395,0.963263054257242,1250,Yes,14.930911302566528
10.0,1.0,0.01,5,15,-6.709490094375884,0.010703208222955035,0.45636262453475684,-0.1465238555928705,0.5213137430977376,820.1523325241784,5.640648840633032,0.9434232088399593,1120,Yes,12.24995732307434
10.0,1.0,0.05,1,12,-6.657278095889514,0.01647901586128703,0.4648021385784812,-0.08607061653488265,0.4377951462010244,778.4292411590111,5.616513523358696,0.9428161048321813,1640,Yes,14.807811260223389
10.0,1.0,0.05,2,12,-6.670167011652047,-0.00025309996100889346,0.42547201082688196,-0.06290613255204312,0.36864438511193015,788.5272867109288,5.667239164663365,0.9389364226374597,1360,Yes,12.071889162063599
10.0,1.0,0.05,3,13,-6.633944565044285,0.011153205180973352,0.47995635542937015,-0.10255133307354211,0.46890715052906984,760.4760091472423,5.609620502499255,0.9588365956694017,1470,Yes,14.009286403656006
10.0,1.0,0.05,4,13,-6.665845196239425,0.009435142058283982,0.46361562218493296,-0.16060696975626698,0.4820758539965109,785.1267708238609,5.656152312725377,0.9186976205642494,1260,Yes,12.713144779205322
10.0,1.0,0.05,5,11,-6.667112890319564,0.013759570211197392,0.47511885560057887,-0.13245730065746092,0.4329916554362345,786.1227025183741,5.665547972135232,0.9479250653397195,1130,Yes,10.74366283416748
10.0,1.0,0.1,1,10,-6.639649217293823,0.012135930993312791,0.47914706659204376,-0.1663363471548211,0.42459590952418486,764.8266579942989,5.642806455630113,0.9063805428153255,1360,Yes,13.098063230514526
10.0,1.0,0.1,2,8,-6.599991776938251,0.015680202894918276,0.4799638076521223,-0.1470875695348912,0.45012594003070616,735.0891445336932,5.644743852603593,0.8967471734380775,1060,Yes,9.628969430923462
10.0,1.0,0.1,3,10,-6.639750592053431,0.005451713203578305,0.46152550425538813,-0.07718523185267914,0.46758523255257406,764.9041960430291,5.64751838090886,0.9396204355013146,1260,Yes,11.394764423370361
10.0,1.0,0.1,4,12,-6.645758049928025,0.0077681390661442085,0.4609626842581266,-0.1082248921990563,0.44396376906078716,769.5131559839369,5.681090643054861,0.9258416052606555,1110,Yes,11.15032958984375
10.0,1.0,0.1,5,14,-6.619551628018482,0.013456419485399657,0.47287661176045587,-0.07572195285135973,0.4427657669111289,749.6089181149142,5.632788142398451,0.9356210850057405,1350,Yes,12.513038635253906
10.0,1.0,0.5,1,7,-6.561420267629235,0.018180016684093997,0.4801161476861132,-0.05134663899026269,0.44106293012834974,707.2755020895532,5.690453482270486,0.8612993428197233,1120,Yes,9.900330305099487
10.0,1.0,0.5,2,5,-6.59730861520445,0.013829272591897156,0.47552701512686635,-0.144402260045992,0.39906794594028505,733.1194251896591,5.737086910406569,0.8547374806520562,1060,Yes,8.890848875045776
10.0,1.0,0.5,3,5,-6.604823348799556,0.009896366746168101,0.4448025938743169,-0.06925023163837733,0.506823204260184,738.6493743873066,5.722160281238296,0.8323593688548208,1140,Yes,9.475881099700928
10.0,1.0,0.5,4,5,-6.5924410615315825,0.007445983942535097,0.4520368523700663,-0.29417933166345017,0.47818408398176865,729.5595978927465,5.7266047075647055,0.6992814094527159,1160,Yes,10.698550462722778
10.0,1.0,0.5,5,6,-6.601229907997257,0.013836872228871894,0.4712034644385132,-0.20814494420899982,0.46217947753553923,735.9998449015445,5.726525516403322,0.8040602740762558,1120,Yes,9.599239826202393
10.0,1.0,1.0,1,5,-6.5932111120736465,0.015941971578680568,0.4766961691571587,-0.2714018313711882,0.4818754922189111,730.121612018441,5.754802357450605,0.7808589104756856,1130,Yes,10.01268482208252
10.0,1.0,1.0,2,5,-6.604861310354118,0.01523589667395455,0.48251508120357256,-0.1810934098603431,0.46560230984233264,738.6774151980676,5.806955051747514,0.8757104370512301,1070,Yes,9.477784872055054
10.0,1.0,1.0,3,5,-6.605210937685916,0.007442698931768545,0.4622029478488152,-0.1953220042845106,0.4626906259419185,738.9357221647592,5.765609428109326,0.8295211220366607,1100,Yes,9.441967248916626
10.0,1.0,1.0,4,4,-6.598423522669915,0.009511265831907504,0.46687958628471105,-0.28557846082171817,0.533096190224363,733.9372413198214,5.792642039968227,0.7951140389672838,1080,Yes,9.649311304092407
10.0,1.0,1.0,5,5,-6.59309655593992,0.002720733437048412,0.4407121534976448,-0.22067206261926955,0.5306057896038113,730.0379768999675,5.780025130197268,0.7548031697708958,1060,Yes,10.003926515579224
10.0,1.0,2.0,1,3,-6.598851442959437,0.0210397892223834,0.4855435020304558,-0.27530120790448936,0.48035212051036114,734.2513751639473,5.806679797260702,0.7431348314897759,1060,Yes,8.93711233139038
10.0,1.0,2.0,2,5,-6.609983123314687,0.0029658700686158264,0.4260391657595608,-0.10614708264847024,0.43765208462207844,742.4704881701032,5.851065571234995,0.9394701459831708,1060,Yes,9.098471641540527
10.0,1.0,2.0,3,4,-6.598383084320041,0.008205459516563724,0.462076960614753,-0.30244590343240435,0.46986139191702725,733.9075627089525,5.813313690645892,0.7523959586913226,1060,Yes,9.215166568756104
10.0,1.0,2.0,4,4,-6.607365245338635,0.014818930968356077,0.4354032610637989,-0.2819000046537898,0.47148558217642605,740.529332993554,5.837343137626751,0.8087407695388693,1060,Yes,9.309653759002686
10.0,1.0,2.0,5,3,-6.60679164920046,0.017941203664859205,0.47790115327551597,-0.311668719954153,0.4816941069258294,740.1046900263691,5.835869411879186,0.7516873470885155,1070,Yes,9.014506340026855
10.0,1.0,5.0,1,2,-6.641081075724845,0.02116474096428957,0.48636533283589384,-0.38680506876256227,0.5345418474664443,765.9225658980663,5.94571697279243,0.4917203162178523,1060,Yes,9.415611505508423
10.0,1.0,5.0,2,3,-6.647445489496115,0.005477605810048326,0.4292651823687395,-0.20115540457189632,0.4660890405518369,770.8127591240109,5.988886904892388,0.8273168838362102,1060,Yes,8.870680093765259
10.0,1.0,5.0,3,3,-6.638303657384729,0.013540434684181982,0.48477879016453523,-0.18142486246702166,0.43496766694593053,763.7982299668238,5.9602681621985445,0.8493189630978907,1060,Yes,8.24557375907898
10.0,1.0,5.0,4,2,-6.646274827189393,0.006711042295557175,0.4419134389970742,-0.3292270602038089,0.49262809119891743,769.9109256555818,5.989192699848478,0.6296948530766777,1060,Yes,9.247140407562256
10.0,1.0,5.0,5,2,-6.646329776281176,0.01692061210050583,0.47600249350536095,-0.3238714781323874,0.523319881776823,769.9532327240568,5.980847332210036,0.6245143307539442,1060,Yes,8.99522066116333
10.0,2.0,0.01,1,17,-6.72286826006181,0.010551624399038992,0.4472604292558293,-0.14389677629206135,0.42652603812305506,831.1981882160447,5.614345343779046,0.9316537752177552,1260,Yes,13.303731918334961
10.0,2.0,0.01,2,16,-6.7393210616544135,0.019163870860222906,0.4601102812329202,-0.14409876436581232,0.39755628837672213,844.9868470835349,5.569993847445291,0.9547915801552249,1070,Yes,11.3899827003479
10.0,2.0,0.01,3,17,-6.7065897781585635,0.01291583291043182,0.4670631731265473,-0.08892548560182684,0.47073287668684616,817.7770775737328,5.614526399497467,0.9686156914452463,1400,Yes,13.940512418746948
10.0,2.0,0.01,4,13,-6.702538564624969,0.007712337446120462,0.46161174174135533,-0.20203868401179603,0.4518858649878291,814.4707897705391,5.559014507930838,0.8906721401472358,1350,Yes,13.90432357788086
10.0,2.0,0.01,5,10,-6.721952521292827,0.014925028183778699,0.4682877084289278,-0.15531103759804438,0.46446310520389666,830.437376216075,5.634594789105516,0.9349341127047691,1060,Yes,10.24802851676941
10.0,2.0,0.05,1,11,-6.634553231122258,0.006627186551003308,0.46127225003843664,-0.1360777697125924,0.39817941625303754,760.939025994152,5.649413230822499,0.9357957848820724,1170,Yes,11.472187757492065
10.0,2.0,0.05,2,10,-6.675413682671214,0.018453214909270536,0.4824381123071689,-0.1586304517909869,0.4569588499475104,792.675302094598,5.623723237671683,0.9273000465092255,1110,Yes,10.311409711837769
10.0,2.0,0.05,3,10,-6.676245469047326,0.013230279375394033,0.46588344457573894,-0.07682996540365136,0.40253281635463734,793.3349129011721,5.672032391043486,0.9318738628031964,1100,Yes,10.440266847610474
10.0,2.0,0.05,4,14,-6.6360970742615635,0.010263092920552481,0.4737100516809127,-0.11653939945845936,0.41182973348008356,762.1147037863956,5.584590085544673,0.9502819884482049,1210,Yes,12.734243154525757
10.0,2.0,0.05,5,12,-6.666611446347083,0.017320374787593507,0.4866059818832444,-0.09961759322873784,0.4900106844001767,785.7286048447753,5.610746243954738,0.9329625979349196,1170,Yes,11.508807897567749
10.0,2.0,0.1,1,9,-6.640403825223679,0.009556559649915534,0.4618894692681327,-0.14661283749883244,0.4306143010277226,765.4040200689888,5.67145534791115,0.8946390216253014,1300,Yes,11.275286197662354
10.0,2.0,0.1,2,11,-6.65960556776307,0.020237865256219803,0.46007458205386026,-0.10206461642255796,0.4000796514454757,780.2431233844578,5.621845551365181,0.9285344292768313,1190,Yes,11.296648740768433
10.0,2.0,0.1,3,12,-6.666416953880491,-0.0011152796123521209,0.4531882276015997,-0.08568210503189654,0.4270609829185299,785.5758014103869,5.66666369232499,0.9359586158588808,1080,Yes,10.485164880752563
10.0,2.0,0.1,4,12,-6.616476840194974,0.012305655751643775,0.47534598695967883,-0.13233351931478451,0.4426872127278676,747.3075696333857,5.590439954310922,0.9207374007712051,1170,Yes,12.053729057312012
10.0,2.0,0.1,5,9,-6.63104426607162,0.009449513701650182,0.47426282087759997,-0.13352630905225718,0.4294026093486318,758.2735967302536,5.625429182886059,0.923422318998303,1070,Yes,10.334263563156128
10.0,2.0,0.5,1,7,-6.604715979189434,0.009041905007668653,0.46140756757421364,-0.14625851915772525,0.44653616028021365,738.5700701494706,5.742147901051802,0.887247662778178,1080,Yes,9.382756471633911
10.0,2.0,0.5,2,5,-6.612067391897351,0.01949288975759719,0.4762587649498385,-0.27946678207208897,0.4638068028229106,744.0196099142373,5.701965513311497,0.7024389644572633,1090,Yes,10.338486194610596
10.0,2.0,0.5,3,5,-6.609513527340313,0.008587887081049045,0.46223712677033435,-0.24689845150618409,0.46765614950617523,742.121908869891,5.726552118953027,0.8217710817025765,1080,Yes,9.247459411621094
10.0,2.0,0.5,4,7,-6.598592270023549,0.013691543671771963,0.47351688599417885,-0.16664605495691578,0.4763143082194194,734.0611017372928,5.706962207765234,0.8314458923385946,1120,Yes,10.316411256790161
10.0,2.0,0.5,5,6,-6.602543514320537,0.018778991203548697,0.48040509868357417,-0.14202559868948078,0.48194765831894554,736.9672942364061,5.718720699145999,0.8748871866536323,1080,Yes,9.700765132904053
10.0,2.0,1.0,1,4,-6.596899149894457,0.009459168129046645,0.4630060998569177,-0.2616977459165459,0.46575244694932066,732.8192996666506,5.776132209961342,0.8027490406235316,1130,Yes,10.260070323944092
10.0,2.0,1.0,2,4,-6.597333553722448,0.0203849473565772,0.48115132330381133,-0.2342992932091232,0.5006498716440487,733.1377083296153,5.746817079262472,0.7856461672612983,1210,Yes,10.5588960647583
10.0,2.0,1.0,3,5,-6.602503041924428,0.0066311887103203135,0.46170123882432956,-0.25805284888679236,0.46268280323549105,736.9374680077278,5.773775847504409,0.8296448960233092,1120,Yes,9.945129871368408
10.0,2.0,1.0,4,5,-6.597143345746134,0.008280128934598454,0.4608176882094862,-0.25272192554272793,0.4856418746615721,732.9982729510352,5.760728265259473,0.8008935746630459,1060,Yes,9.653259515762329
10.0,2.0,1.0,5,4,-6.596791980300441,0.021509677480193345,0.486776306447621,-0.29378397079162294,0.5193977072268073,732.7407679280008,5.754603490527243,0.7366771759614681,1080,Yes,9.498676776885986
10.0,2.0,2.0,1,3,-6.603386598357746,0.010752392285275457,0.47974135516261585,-0.2667818366133266,0.4679799806168254,737.5888815864901,5.818895435550263,0.8172626301022948,1060,Yes,9.209717750549316
10.0,2.0,2.0,2,4,-6.605593372795136,0.019082930196427088,0.4820173626312054,-0.17219793677787923,0.43062937924888445,739.218371172379,5.799482695620256,0.873722291119594,1070,Yes,9.518373012542725
10.0,2.0,2.0,3,4,-6.603555102828584,0.011275164721942796,0.46507489928879303,-0.2231201529310971,0.49489481141112446,737.7131790827254,5.8217233111233195,0.815727301251558,1070,Yes,9.778703212738037
10.0,2.0,2.0,4,3,-6.607040172558226,0.012716404126748248,0.48464915961006294,-0.29193622999798824,0.4768788980199212,740.2886461867873,5.808009889728592,0.7481854782517762,1070,Yes,9.149287939071655
10.0,2.0,2.0,5,5,-6.599911561842505,0.011543755489006033,0.47502034131737414,-0.27984851132341276,0.5345374275372475,735.0301816524707,5.807479972696943,0.8017007670725328,1060,Yes,9.608669519424438
10.0,2.0,5.0,1,3,-6.640580677652533,0.013871454079333144,0.46684502940983785,-0.2565266008341441,0.4874501853827639,765.5393955993858,5.968030107964813,0.7417743011251529,1060,Yes,9.351483583450317
10.0,2.0,5.0,2,2,-6.6424818300085455,0.0191796048094395,0.4827827447831622,-0.3603576049776924,0.5302807901097965,766.9961869773468,5.9403580744242035,0.5573681647151134,1060,Yes,9.290235996246338
10.0,2.0,5.0,3,2,-6.640081226430407,0.011984469979357933,0.4655130534434913,-0.3265897235418597,0.5175440038832679,765.1571414792579,5.96076276725495,0.6289850883039005,1060,Yes,9.151957035064697
10.0,2.0,5.0,4,2,-6.639584923998387,0.013837720130927456,0.4784872821938318,-0.32479016170752634,0.5238294152382549,764.7774863487397,5.9501845186080455,0.6356579145117579,1060,Yes,9.480724573135376
10.0,2.0,5.0,5,2,-6.635654184037506,0.012655099221356074,0.47487908694846176,-0.32501171394828743,0.5223963101037532,761.7772453685112,5.946454901245122,0.6335869349179253,1060,Yes,9.149320125579834
10.0,5.0,0.01,1,10,-6.731122836973279,0.011202070319722786,0.4837602294162571,-0.1115950744168246,0.43927473938759287,838.0877737761008,5.6455191049249995,0.9575833701419103,1710,Yes,13.567307949066162
10.0,5.0,0.01,2,14,-6.696988129790914,0.02059914100555312,0.4863275343831249,-0.09321364856848317,0.4829247174871626,809.9626453821525,5.587178683090592,0.9626229369438053,1080,Yes,10.991104125976562
10.0,5.0,0.01,3,12,-6.748583440049312,0.00892617259833594,0.4831079701162687,-0.1945864912767586,0.43272164420141834,852.8497935782831,5.615577225229234,0.9444190444111548,1090,Yes,10.87659740447998
10.0,5.0,0.01,4,12,-6.719414592136595,0.00808465272059889,0.4619128099985598,-0.15121086957610763,0.4809387339681578,828.3324571840734,5.611662577861482,0.8960394599891432,1580,Yes,14.167651176452637
10.0,5.0,0.01,5,11,-6.729249772730894,0.016181129077171,0.479653075568997,-0.16258572886764092,0.43167416810153986,836.5194507784455,5.6059502776337125,0.9253090371121518,1420,Yes,13.133472919464111
10.0,5.0,0.05,1,10,-6.650932546209314,0.011788838634756826,0.47670267176591063,-0.11702667500375623,0.43489923454930873,773.505318756042,5.61454265492347,0.9245015344767218,1110,Yes,10.006013870239258
10.0,5.0,0.05,2,8,-6.65133547223294,0.01133073340296951,0.4756461820611121,-0.20893422372427758,0.4529159070701067,773.8170469758707,5.615990636173747,0.8701200455766599,1260,Yes,11.348121881484985
10.0,5.0,0.05,3,10,-6.641946153787913,0.02032980228608259,0.48666963129102064,-0.12235805815232204,0.4481175968849285,766.5854353834201,5.604556382527034,0.9485841818007325,1100,Yes,9.86508297920227
10.0,5.0,0.05,4,9,-6.642037194458911,0.011824973280221123,0.4785898199009539,-0.14177868339829053,0.46072435215121127,766.6552290128162,5.60047437323002,0.9441830705394502,1250,Yes,11.087079524993896
10.0,5.0,0.05,5,10,-6.637566592559337,0.022092322565555548,0.48662628729329765,-0.11604506174695005,0.4878941705955493,763.2354685791079,5.6100041684380475,0.9040094318726838,1450,Yes,12.888036012649536
10.0,5.0,0.1,1,10,-6.628452178308843,0.012323143798554174,0.49577055820478966,-0.08238430421665498,0.45007564598959265,756.3106302091653,5.6397738861614535,0.9394548212619446,1270,Yes,11.128909587860107
10.0,5.0,0.1,2,10,-6.594571908345649,0.02093871454970141,0.486289073962578,-0.11447154576771301,0.44458052944154486,731.1158351002932,5.63288209827361,0.9361655701206483,1190,Yes,10.938403367996216
10.0,5.0,0.1,3,11,-6.634589625904078,0.012192442007603882,0.4755147304036275,-0.05940268045064073,0.4663383753247417,760.96672070795,5.621555111595711,0.9514231709462011,1140,Yes,10.044533014297485
10.0,5.0,0.1,4,11,-6.606301965955479,0.011339585624981555,0.47348837992178144,-0.08115818478227264,0.4226500328485134,739.742361880383,5.610097263400572,0.9263535021997082,1770,Yes,14.490554809570312
10.0,5.0,0.1,5,10,-6.619753533790063,0.022225100887487314,0.4864315610028311,-0.08158445784562901,0.4769904707127847,749.760283762195,5.637043209145011,0.9210453274211821,1220,Yes,11.297253847122192
10.0,5.0,0.5,1,7,-6.615531325481093,0.005142883175102034,0.45912832186728,-0.12284924543528825,0.45444267513416453,746.6013132710098,5.724750464103993,0.8907024626981989,1120,Yes,9.460002422332764
10.0,5.0,0.5,2,4,-6.585642190748561,0.02168017155109141,0.4836391283269213,-0.16791377348824923,0.49378257968474876,724.616240125572,5.699041773238562,0.808316824420591,1170,Yes,10.175949573516846
10.0,5.0,0.5,3,5,-6.602291849689492,0.020079572311050987,0.4861224663052195,-0.1776745089773469,0.4993836838956854,736.781848970196,5.709381318364009,0.8676599027041128,1270,Yes,11.068345069885254
10.0,5.0,0.5,4,7,-6.609948756723273,0.006345199673318848,0.45908942591737106,-0.1609502342923995,0.4171416563021062,742.444972428646,5.72282316135422,0.915369658515846,1170,Yes,10.258647441864014
10.0,5.0,0.5,5,8,-6.606131058100794,0.019408151896787705,0.4821302220890977,-0.13412503674792584,0.4258193142526928,739.615944903429,5.7152184146874285,0.9152052607983052,1200,Yes,11.055002927780151
10.0,5.0,1.0,1,5,-6.599906378721163,0.00962469224558484,0.46330045438153805,-0.1518648912148746,0.4796276660319655,735.0263719117224,5.76469010079555,0.8909829167066566,1060,Yes,9.646458387374878
10.0,5.0,1.0,2,6,-6.598491880624232,0.012742071342402498,0.475818121317416,-0.204695713791536,0.49416964941274916,733.9874134830491,5.752172988728793,0.8670843017978082,1140,Yes,10.251054525375366
10.0,5.0,1.0,3,4,-6.612309324404433,0.006844312167789459,0.4620248229915958,-0.303730602479146,0.46956580052955393,744.1996342197699,5.74732040429519,0.7468872986157048,1060,Yes,9.378827571868896
10.0,5.0,1.0,4,6,-6.599101676649185,0.01201971263035079,0.4758669195738467,-0.22144769516679724,0.45908106767478407,734.4351325849468,5.764971467611028,0.8551378000231717,1080,Yes,9.730398654937744
10.0,5.0,1.0,5,7,-6.603010578853888,0.01847379499142377,0.4843985316977793,-0.19455407147453785,0.5039211832925591,737.3115859187415,5.75598085346651,0.8837987010685049,1220,Yes,11.090619325637817
10.0,5.0,2.0,1,4,-6.610855248781486,0.008747295044809358,0.4623617600897973,-0.2791998007827129,0.46844190560276955,743.1182980358632,5.807073967109909,0.7530987219556111,1070,Yes,9.39651346206665
10.0,5.0,2.0,2,4,-6.599509638736164,0.010223535279060291,0.4638050097514324,-0.299196581081715,0.4680062761825995,734.7348153998438,5.823554966855169,0.7498200694522793,1060,Yes,9.039211750030518
10.0,5.0,2.0,3,3,-6.605094929444206,0.007994867455682217,0.4627687516646857,-0.3521999688835117,0.49863742298997454,738.8500045029682,5.810123095477246,0.674188735155792,1060,Yes,9.412152528762817
10.0,5.0,2.0,4,5,-6.607842302355967,0.009441616866934005,0.4636112121641993,-0.2924103992967124,0.46769301118451456,740.8826919878907,5.82060820081668,0.7846801038285471,1070,Yes,9.765188455581665
10.0,5.0,2.0,5,3,-6.608635928101158,0.014969827056372096,0.48174684619875624,-0.32306723791917463,0.5035544091770064,741.4709089476069,5.806206148400765,0.7472428737663079,1060,Yes,8.957714080810547
10.0,5.0,5.0,1,3,-6.648373010017789,0.01433384467683678,0.4592029222578364,-0.21682007163903344,0.45380274437822515,771.5280354419191,5.981119908806146,0.8193684125773959,1060,Yes,9.327443599700928
10.0,5.0,5.0,2,2,-6.638283268027496,0.01128956661448445,0.4649148929710641,-0.41043684424619686,0.5312372922891815,763.7826567706228,5.956649322611151,0.4401109070212724,1060,Yes,9.416376829147339
10.0,5.0,5.0,3,3,-6.642729613264849,0.009804458254095321,0.4635307543910762,-0.26266460527748814,0.4980819359348878,767.18625933753,5.950911370649166,0.7570773062433245,1060,Yes,9.00356149673462
10.0,5.0,5.0,4,2,-6.64254914198811,0.010149046354966659,0.46393315339153257,-0.3265897235418597,0.5175440038832679,767.0478167466422,5.9499993521025605,0.6358258018005501,1060,Yes,9.353862762451172
10.0,5.0,5.0,5,3,-6.6410535918929074,0.021151511550661948,0.4846400486884097,-0.24932683866320296,0.49276186258021637,765.9015157002596,5.948459694995685,0.7449623871274765,1060,Yes,9.651838541030884
20.0,0.01,0.01,1,5,-6.668971637814446,0.015972772343071644,0.48589012251458585,-0.19168042939875282,0.4354814111086066,787.5852649684056,5.691072208045664,0.8506599256527129,1060,Yes,9.558022499084473
20.0,0.01,0.01,2,4,-6.670852648460081,0.01624218436782809,0.4860666400527036,-0.1719482455899819,0.43938111373377575,789.0681154276882,5.693313226462817,0.8627626665629943,1060,Yes,9.8242769241333
20.0,0.01,0.01,3,5,-6.675881660098181,0.0010259849164091952,0.4533967604170717,-0.05769862015984164,0.4348559455045276,793.0463430555184,5.695920480702648,0.9340071026670306,1060,Yes,9.584715127944946
20.0,0.01,0.01,4,5,-6.670681627025874,0.009832370612868246,0.466268595778022,-0.21319587306135607,0.41187099148648926,788.9331794057055,5.7287604335002005,0.8477335081830176,1060,Yes,9.0286226272583
20.0,0.01,0.01,5,4,-6.6751945233157475,0.004806493156645104,0.45989959837780153,-0.16837436127630326,0.43474045541506784,792.50159892133,5.696074713011378,0.8643146694761287,1060,Yes,10.228170156478882
20.0,0.01,0.05,1,4,-6.621058359608374,0.015057091113355453,0.4857782365889621,-0.14774598524101648,0.426459136747617,750.7392288755276,5.696840887239892,0.8813221125545994,1060,Yes,9.073495864868164
20.0,0.01,0.05,2,3,-6.619703202501921,0.016190905999184785,0.48662319013553024,-0.3207602927981516,0.49480351094017966,749.7225483109605,5.702135699640575,0.6661638241433608,1060,Yes,9.420374870300293
20.0,0.01,0.05,3,5,-6.618887759354116,0.019953918099768028,0.4853525322987544,-0.10019378574218211,0.4189370714640234,749.1114413915234,5.6934906575332285,0.8918994425682174,1060,Yes,9.347902059555054
20.0,0.01,0.05,4,4,-6.620824915176773,0.017005602701739866,0.46712180266907044,-0.13783341137374913,0.4136211686746174,750.5639934376269,5.6947776618673505,0.8528788541703172,1060,Yes,9.213655710220337
20.0,0.01,0.05,5,4,-6.6257709203395985,0.004393507530409656,0.4602455470437731,-0.1679842842754057,0.41763310053111713,754.2854824896802,5.703747979518755,0.8946555007370047,1060,Yes,9.24919319152832
20.0,0.01,0.1,1,4,-6.6007402892122515,0.019664284654278046,0.4853521919849632,-0.14574405693848685,0.4271872789590948,735.639573756677,5.701368188271076,0.8915051266179338,1060,Yes,9.328929901123047
20.0,0.01,0.1,2,4,-6.600753511548464,0.019633512598821064,0.48525025405790273,-0.18809052974456164,0.44359052877779126,735.6493006947588,5.704204242116381,0.8609104250991927,1060,Yes,9.25248670578003
20.0,0.01,0.1,3,4,-6.601314780018821,0.019604821350301633,0.4849197100157218,-0.21129280099529543,0.42926027189159727,736.0623133471266,5.701594147270737,0.8586430789103779,1060,Yes,9.164961338043213
20.0,0.01,0.1,4,4,-6.601965947505498,0.019588607313620575,0.48467661794210853,-0.14526989075190672,0.4450643272296107,736.5417692798619,5.694762115853923,0.8938216799846908,1060,Yes,9.207702398300171
20.0,0.01,0.1,5,4,-6.606545868257099,0.00556949029444578,0.4609776970250991,-0.1308533363061669,0.4446104426484849,739.9228087498598,5.708632862906943,0.8824486619483135,1060,Yes,9.396418571472168
20.0,0.01,0.5,1,3,-6.572731506149292,0.020084053640742696,0.48495299767056144,-0.240863402889747,0.47892454783459437,715.3210809419398,5.723407860678054,0.8060843620365208,1060,Yes,9.161828517913818
20.0,0.01,0.5,2,3,-6.572693623181096,0.020029426759404206,0.48466847119803863,-0.3364876556485999,0.49232274475676924,715.2939829694595,5.719836742422803,0.671810849340001,1060,Yes,9.702114343643188
20.0,0.01,0.5,3,3,-6.542953240440581,0.015892549686765015,0.4835556175317967,-0.29860883058462734,0.5396934497612585,694.3340886626769,5.695503017977239,0.6490732942736885,1060,Yes,9.837435245513916
20.0,0.01,0.5,4,4,-6.543132785490804,0.01444309609865955,0.47799158985252,-0.15379798915108636,0.4749214844711959,694.4587641035915,5.69418600070687,0.8204053873180981,1060,Yes,9.28213119506836
20.0,0.01,0.5,5,3,-6.557972589928475,0.008939141750906831,0.4674131479998266,-0.2723024585097074,0.5094688794202552,704.8412427946807,5.7091500876233,0.6693716064969093,1060,Yes,9.679549217224121
20.0,0.01,1.0,1,3,-6.572679065406043,0.018838858160596418,0.48216331024244785,-0.22362641107512932,0.4675364021157609,715.283569956354,5.748512679079456,0.80761744915259,1060,Yes,9.29537057876587
20.0,0.01,1.0,2,3,-6.573018728149965,0.02142110240099755,0.48548710758403024,-0.2621699474241757,0.48787895057384373,715.5265664024909,5.748332970951922,0.7353824577436794,1060,Yes,9.015953302383423
20.0,0.01,1.0,3,3,-6.574420135952556,0.0210377393909478,0.4854016452234132,-0.2287045821548562,0.4681115817429079,716.5300138709383,5.755786752515811,0.8080966051330586,1060,Yes,9.608082056045532
20.0,0.01,1.0,4,3,-6.54952595434878,0.013813344212685277,0.4738672832912106,-0.2093173647622844,0.4888125688509512,698.9127787105568,5.729413140317487,0.7582071756152085,1060,Yes,9.354026556015015
20.0,0.01,1.0,5,3,-6.579596283198688,0.008463840821765297,0.4622286197971108,-0.2928344995473304,0.47565639035754703,720.2484941273989,5.7610749927675196,0.7408233446765402,1060,Yes,9.174711465835571
20.0,0.01,2.0,1,2,-6.584932190685166,0.01914562653436133,0.4828007739705627,-0.3223927168892125,0.5255250602052817,724.1019451454845,5.799314074361035,0.6357657266141314,1060,Yes,9.288624048233032
20.0,0.01,2.0,2,2,-6.584947645171113,0.012983710368508901,0.4784826907143699,-0.3623554756596206,0.5288677526372741,724.113135855293,5.799276570312986,0.5571800451301913,1060,Yes,9.42315411567688
20.0,0.01,2.0,3,3,-6.585852194229058,0.021197444560446834,0.4855076009241357,-0.2327487981300039,0.46745655076224796,724.7684280374591,5.8051933792181085,0.8154628377877806,1060,Yes,9.188359022140503
20.0,0.01,2.0,4,2,-6.585038026663211,0.010321977990234389,0.4756963960728932,-0.3258180069457982,0.5227418671669242,724.1785852386216,5.799009658805235,0.6357809189372751,1060,Yes,9.478505373001099
20.0,0.01,2.0,5,2,-6.590755077659781,0.009366019053723074,0.4632591374000853,-0.3638551105215651,0.5236299098414516,728.3306084964531,5.8166325783802435,0.5566819688581932,1060,Yes,9.344505071640015
20.0,0.01,5.0,1,2,-6.630106010798679,0.010829568959494797,0.47578278656772033,-0.2697269973272247,0.5149124740505626,757.5624761882566,5.945101696192771,0.7228157706848815,1060,Yes,8.529520511627197
20.0,0.01,5.0,2,2,-6.630098286553851,0.013554534900896819,0.4784857596829369,-0.17452890589914918,0.5036760656421779,757.5566246128177,5.944566829654628,0.7863920289931356,1060,Yes,9.120429754257202
20.0,0.01,5.0,3,2,-6.630182136189654,0.013525993674277424,0.4784856062345086,-0.17452890589914918,0.5036760656421779,757.6201481230657,5.945460363930534,0.7861132301695674,1060,Yes,9.19549036026001
20.0,0.01,5.0,4,2,-6.635456300025201,0.010727442521485251,0.46443102653721496,-0.17752817562303813,0.4932003800505331,761.6265167445993,5.957809706941361,0.7811657015776096,1060,Yes,8.87680172920227
20.0,0.01,5.0,5,2,-6.63538096152989,0.010462721291642604,0.46420315920499533,-0.27069164307230165,0.5084151449459924,761.5691391102384,5.957315328575088,0.7250907609750321,1060,Yes,8.556953430175781
20.0,0.05,0.01,1,5,-6.677762014471926,0.0152020170020185,0.4863275439669583,-0.2194866755766761,0.45899036462124876,794.5389540943237,5.691204777118399,0.853002924644365,1080,Yes,9.435590028762817
20.0,0.05,0.01,2,5,-6.674223599370299,0.016022270271690196,0.4858209986219737,-0.13945902294903031,0.42966599343046763,791.7325135642432,5.686437953952374,0.8953653970762393,1060,Yes,9.465545177459717
20.0,0.05,0.01,3,3,-6.6759603496597535,0.01722759416060151,0.4683261847867092,-0.2882035443110203,0.4858355707815898,793.1087499799146,5.694418020807926,0.7473827962730689,1070,Yes,9.08676791191101
20.0,0.05,0.01,4,5,-6.673970264601262,0.016467327579347116,0.485007521521377,-0.16471226627365843,0.45313163209513857,791.5319655947402,5.681393375849067,0.8997864362175175,1090,Yes,10.013653039932251
20.0,0.05,0.01,5,5,-6.649951511402543,0.011338835466328608,0.49648124108584135,-0.1343766704093061,0.5006077097674997,772.7468552155168,5.742826301531487,0.907425934625637,1110,Yes,9.880324602127075
20.0,0.05,0.05,1,5,-6.623010909151562,0.015078365908903027,0.4849335574298871,-0.23937296241001862,0.4608326485219577,752.2065164235744,5.686194113769534,0.8374370730554855,1060,Yes,9.529601335525513
20.0,0.05,0.05,2,4,-6.626818064670638,0.01999995182931183,0.48541952251569237,-0.2759556520006269,0.4520261916945064,755.0757419422969,5.695574931059841,0.8085445465932043,1060,Yes,9.924127101898193
20.0,0.05,0.05,3,4,-6.626449584291682,0.017054545751897108,0.46753927202192824,-0.3001341815660887,0.45900557586913093,754.7975626017273,5.698374270650795,0.747387894660708,1070,Yes,9.222836971282959
20.0,0.05,0.05,4,4,-6.621547640220227,0.016106698768058873,0.4851262453287174,-0.20371823760848118,0.45619055911560275,751.1066409012343,5.698064706243777,0.8601580281692746,1060,Yes,9.474331140518188
20.0,0.05,0.05,5,8,-6.611194155270623,0.013789232673395668,0.4636764226411541,-0.015640144804583547,0.47664363594872167,743.3701883304809,5.73020145050299,0.9094427239102542,1060,Yes,9.926543712615967
20.0,0.05,0.1,1,4,-6.605586517874591,0.017499448914499845,0.48144893835922936,-0.2551755928059493,0.46099284779183997,739.213303906547,5.696979980737471,0.7953238092104622,1060,Yes,9.654902696609497
20.0,0.05,0.1,2,4,-6.605195941722124,0.020592498769312868,0.48500381817419785,-0.31153763569423915,0.49299208952143597,738.9246411945105,5.695987724579653,0.6904875623051202,1060,Yes,10.029381513595581
20.0,0.05,0.1,3,6,-6.602492288449915,0.02115475373443556,0.48707383657766584,-0.12330035228601698,0.4844611350259136,736.9295434120568,5.688339737124772,0.8762006989081242,1060,Yes,9.423203706741333
20.0,0.05,0.1,4,4,-6.6022274530534375,0.019846617417137297,0.48522090561076675,-0.2566344174019728,0.4911319708523161,736.7344042252736,5.69881396778425,0.795454537703912,1060,Yes,9.613161087036133
20.0,0.05,0.1,5,6,-6.5983108510843085,0.013163324867297486,0.4967574353728191,-0.046618587883614074,0.4938562280742783,733.8545521055563,5.733488309143847,0.8686117124792261,1060,Yes,10.106876134872437
20.0,0.05,0.5,1,4,-6.559053159136668,0.010314478473983897,0.4763391137838697,-0.2237487977185588,0.5044385226167409,705.6032841833903,5.701854625483336,0.7979770322164285,1100,Yes,9.752636432647705
20.0,0.05,0.5,2,3,-6.568411074321177,0.018976966174573486,0.47610215142648227,-0.33920718523361565,0.5151909818771794,712.2372515108585,5.710938040047172,0.5785830497837131,1060,Yes,9.122551679611206
20.0,0.05,0.5,3,3,-6.567690620883065,0.01918491540948074,0.47742237715355573,-0.2688822318381235,0.5022348292921156,711.72430253437,5.714987457322851,0.686131951496262,1100,Yes,9.65368103981018
20.0,0.05,0.5,4,4,-6.5596412476078205,0.016231147545924973,0.4651985819997,-0.25542731904421756,0.4886741525954425,706.0183633797081,5.702404434657674,0.7012956545137901,1060,Yes,9.417895555496216
20.0,0.05,0.5,5,3,-6.547517246169624,0.01519714615728856,0.47668558145098366,-0.20440272046320346,0.500771445201304,697.5102759763823,5.694446131462508,0.7575864914390318,1060,Yes,9.354558229446411
20.0,0.05,1.0,1,3,-6.577332268309344,0.018799204324754844,0.48211167808433636,-0.2147969935742279,0.4805915452938783,718.6196853320896,5.753760344185999,0.8120985014598754,1060,Yes,9.644618272781372
20.0,0.05,1.0,2,3,-6.574391021620714,0.020457476517239902,0.485263568639631,-0.29710559821046884,0.48083935989858295,716.5091528820185,5.754859490340034,0.7327954653224441,1060,Yes,9.569053888320923
20.0,0.05,1.0,3,3,-6.57670471861168,0.02095128041539291,0.4856074727757833,-0.26875513061546114,0.49210087272189823,718.1688572391361,5.7571093903396084,0.7422926998178083,1060,Yes,9.293185472488403
20.0,0.05,1.0,4,3,-6.574506654533519,0.021069939735360126,0.48482203456112727,-0.22032504040136885,0.46561065668595936,716.5920097128137,5.760807003384402,0.8088716785868652,1060,Yes,9.408543825149536
20.0,0.05,1.0,5,4,-6.560900312177203,0.011661338208727877,0.45839444977309995,-0.25706487288367585,0.4567495355420807,706.9078459268494,5.74279406528442,0.7469113930466287,1060,Yes,9.843142747879028
20.0,0.05,2.0,1,3,-6.58729379400919,0.02155741865854049,0.4853101363257299,-0.2621699474241757,0.48787895057384373,725.8140075164603,5.80610875049947,0.735080888143818,1060,Yes,9.29452133178711
20.0,0.05,2.0,2,3,-6.585133832923637,0.010210028302054799,0.47511686644276213,-0.25260547635603203,0.46420646569797375,724.2479694044192,5.80335983693811,0.793110106483147,1060,Yes,9.389719247817993
20.0,0.05,2.0,3,3,-6.587557484529827,0.021679830649627987,0.4856488733804748,-0.24913999895845665,0.493083079739786,726.0054230261068,5.798007890033273,0.7449268733638897,1060,Yes,9.463292598724365
20.0,0.05,2.0,4,2,-6.586078429670139,0.02150122147778673,0.4859257408475086,-0.26427233626941493,0.5199036533419997,724.9324148915777,5.8003845270094745,0.7225380589824942,1060,Yes,9.02457332611084
20.0,0.05,2.0,5,2,-6.593374687847034,0.009101289619448083,0.46411511316960485,-0.3268687037202614,0.5177614359662959,730.2410519942711,5.822500949845815,0.6368450849744323,1060,Yes,9.61915111541748
20.0,0.05,5.0,1,2,-6.631501121921606,0.019299359205628648,0.4827192019916004,-0.3223927168892125,0.5255250602052817,758.6200976032587,5.946934584072273,0.638281524033488,1060,Yes,9.46641206741333
20.0,0.05,5.0,2,2,-6.631161761733149,0.01921852622041112,0.48276209272208254,-0.2654453847564926,0.5183914653485096,758.3626958223974,5.9442464393482535,0.7265135049337946,1060,Yes,8.571810007095337
20.0,0.05,5.0,3,2,-6.630361140282532,0.012832833004856551,0.47492423757571806,-0.36254010252692154,0.5276734983585226,757.7557773691597,5.946310252981233,0.5571552738930995,1060,Yes,9.374919891357422
20.0,0.05,5.0,4,2,-6.6307981994231335,0.012921882750293517,0.4749468593406089,-0.32501171394828743,0.5223963101037532,758.0870338420641,5.946608116569696,0.6357508728685315,1060,Yes,9.357410430908203
20.0,0.05,5.0,5,2,-6.635558265792666,0.01125688498117054,0.4648867612016543,-0.3265897235418597,0.5175440038832679,761.7041805363576,5.960572970798956,0.6318748187156916,1060,Yes,9.060081243515015
20.0,0.1,0.01,1,7,-6.677865911138904,0.02011483282550059,0.48494466656034396,-0.23991651312986864,0.46954011920896144,794.6215083319184,5.673043838777063,0.8218947358616138,1060,Yes,10.055757522583008
20.0,0.1,0.01,2,9,-6.688481168210309,0.01702005941403257,0.4614466220487127,-0.20717462571592865,0.45350188558355037,803.1015491941575,5.678084679648989,0.866961948734038,1070,Yes,10.645962715148926
20.0,0.1,0.01,3,5,-6.663720355781028,0.011072982285407575,0.4910679036661245,-0.24720066106106633,0.4680204276771804,783.4602728444219,5.7319348528952645,0.8009092927768839,1060,Yes,9.42372441291809
20.0,0.1,0.01,4,7,-6.672784314036793,0.016924542559954986,0.4666333570456127,-0.21124166045019466,0.4460342716640299,790.5938042298064,5.670804374038262,0.8625950915034671,1060,Yes,10.150604486465454
20.0,0.1,0.01,5,6,-6.681087045223187,0.004895689875828046,0.45765480236820294,-0.14239968015565652,0.4878204251832604,797.1852175654176,5.688637188944308,0.9166011444703669,1060,Yes,9.05054259300232
20.0,0.1,0.05,1,10,-6.627056423116341,0.020063981260259475,0.4848666710246466,-0.048292436064347626,0.48845172198207737,755.2557420739577,5.6627788176780856,0.9449194743046372,1060,Yes,9.895286321640015
20.0,0.1,0.05,2,9,-6.638310583232255,0.012484082873244231,0.46841246979759515,-0.16533112858502622,0.41450827294656084,763.8035199352237,5.7028484691619346,0.9116419012660991,1080,Yes,10.302331686019897
20.0,0.1,0.05,3,7,-6.632076663770818,0.007310855098757875,0.46569930008709065,-0.08806678943700233,0.4088252458945324,759.0568408870455,5.722030999769081,0.9229138670655832,1060,Yes,9.174900531768799
20.0,0.1,0.05,4,6,-6.623146071714267,0.018862804489840724,0.48488760289408317,-0.16754138802153476,0.43546380622468567,752.3081934553268,5.686014088774346,0.8983419372118064,1110,Yes,9.884526014328003
20.0,0.1,0.05,5,9,-6.593118334918953,0.01301307574799585,0.4810784101333022,-0.056425510566351755,0.48323372279784343,730.0538765548979,5.6574566251555805,0.9197996227421574,1130,Yes,10.546994924545288
20.0,0.1,0.1,1,7,-6.607422885994697,0.018964806429171293,0.4842887599934015,-0.10217945721783696,0.4669790129573288,740.5720188203483,5.680241823578383,0.935694367668903,1060,Yes,9.590200424194336
20.0,0.1,0.1,2,7,-6.611556195138299,0.007916916441041949,0.45785336307569496,-0.07778010337885687,0.4009653849652348,743.6393666988082,5.690491517743688,0.8863255476637024,1060,Yes,9.181623458862305
20.0,0.1,0.1,3,6,-6.607161550730739,0.01989070296386843,0.4853649992544091,-0.07600302646639069,0.43543513680188706,740.3785065232249,5.696703004846231,0.9285637217831251,1060,Yes,9.73832368850708
20.0,0.1,0.1,4,6,-6.607105169668286,0.021166975075429927,0.46599277897231123,-0.19630932948851812,0.4832231856481276,740.3367643731546,5.6947820967251594,0.8692689195114118,1060,Yes,9.719730615615845
20.0,0.1,0.1,5,9,-6.606808509875235,0.012370686391550555,0.46673245163298344,-0.10955938865662507,0.4023966588224397,740.1171687960473,5.686866926377394,0.9120000095543666,1070,Yes,9.94845962524414
20.0,0.1,0.5,1,3,-6.569441448511882,0.015658207720232357,0.4805909527628653,-0.339525728760597,0.5227250373489372,712.9715006031703,5.707227118842348,0.5772982964444596,1060,Yes,9.29895544052124
20.0,0.1,0.5,2,5,-6.54888481686917,0.01910942593944333,0.46542190031955827,-0.1457437297850554,0.4937143321627048,698.4648231490418,5.688359109794152,0.8139247453856049,1140,Yes,10.132925271987915
20.0,0.1,0.5,3,3,-6.564447221725647,0.014435373132288418,0.45190106372604977,-0.2699009069631108,0.502288986414145,709.4196360282729,5.70316171424903,0.667137978235838,1060,Yes,9.35093641281128
20.0,0.1,0.5,4,4,-6.575943619989985,0.01986843171997682,0.47743350130540674,-0.30156909196189446,0.4753240125221246,717.6224678662223,5.715215728487261,0.6697433476666598,1070,Yes,9.921519994735718
20.0,0.1,0.5,5,5,-6.570550453362121,0.007525561281548334,0.4467069199689029,-0.2493164959813557,0.47664768983938144,713.7626280564293,5.71789295743034,0.7411963279675798,1110,Yes,9.736786842346191
20.0,0.1,1.0,1,3,-6.577728634137811,0.01971680747453567,0.48487252453369345,-0.33262948155974975,0.5016805038665579,718.9045780761636,5.7560399777852425,0.6678419922033039,1060,Yes,9.656781435012817
20.0,0.1,1.0,2,4,-6.577891908430633,0.02068974960072472,0.4846017371076113,-0.31714558196878007,0.477714648662502,719.0219662957339,5.754724348320885,0.6970517443484484,1060,Yes,9.696070909500122
20.0,0.1,1.0,3,3,-6.562356072933898,0.011657909967711063,0.43775872868798804,-0.2696363903782421,0.49542253180142604,707.9376840446355,5.739688284474159,0.6734470305835792,1060,Yes,9.191234588623047
20.0,0.1,1.0,4,4,-6.577499744435529,0.021647134285453774,0.485360364548223,-0.15717122746470566,0.46268797288513747,718.7400470517651,5.747655853426507,0.8484697581826893,1060,Yes,9.402374267578125
20.0,0.1,1.0,5,3,-6.571782508065823,0.013272679499259381,0.46686432511971326,-0.311212135491993,0.5134935245688581,714.6425646133309,5.755081326910363,0.6310066325069882,1060,Yes,9.734229326248169
20.0,0.1,2.0,1,3,-6.589819400537982,0.02131909763168964,0.48493310351389957,-0.2845693488937437,0.4797645538909718,727.6494449332539,5.8062976142267315,0.7459568039589584,1060,Yes,9.162452936172485
20.0,0.1,2.0,2,3,-6.590672616150739,0.021411061804878426,0.4854410398541837,-0.26701230676684456,0.4746816302513239,728.2705517316145,5.809006171998268,0.7445008562077184,1060,Yes,9.322504997253418
20.0,0.1,2.0,3,3,-6.590935425852764,0.02096755940546249,0.4857933485603971,-0.3293601049443757,0.49868074522572325,728.4619734509492,5.801736762584794,0.673926518508026,1060,Yes,9.823822736740112
20.0,0.1,2.0,4,2,-6.595639024389533,0.013212566556545163,0.4784839211317882,-0.3623554756596206,0.5288677526372741,731.8964369601762,5.808599538843228,0.5553221238249573,1060,Yes,9.059850215911865
20.0,0.1,2.0,5,2,-6.593478015138415,0.009308767294436816,0.46320985610269483,-0.3638551105215651,0.5236299098414516,730.3165097225829,5.814824830893152,0.5578728841178723,1060,Yes,9.328900814056396
20.0,0.1,5.0,1,2,-6.632280174810046,0.021114281575694328,0.4847457870887345,-0.2645525958265344,0.5194218276026452,759.2113330534648,5.946129939854719,0.726267160180002,1060,Yes,8.238913774490356
20.0,0.1,5.0,2,2,-6.638977167981774,0.01052217076823035,0.4889323295532732,-0.26271331626059113,0.5050432882705311,764.3128294433582,5.950577123697805,0.7656547832687718,1060,Yes,8.48448634147644
20.0,0.1,5.0,3,2,-6.639222409825939,0.021348349111526034,0.4861254595972075,-0.32145427809955035,0.5267348106000739,764.5002939172967,5.953615240321567,0.6297756790494626,1060,Yes,9.009885311126709
20.0,0.1,5.0,4,2,-6.630970185005275,0.013497452447658027,0.4784854527860803,-0.2684421907793849,0.5162719091397261,758.2174250942794,5.9477718927693175,0.7261452607438482,1060,Yes,8.406389713287354
20.0,0.1,5.0,5,2,-6.631463652005188,0.013367131477478353,0.47505996816506274,-0.36254010252692154,0.5276734983585226,758.5916727041507,5.949302655498083,0.5587662926086184,1060,Yes,9.304188966751099
20.0,0.5,0.01,1,9,-6.691295747101471,0.012330119415266627,0.4765869924139881,-0.18640936366145733,0.46443441823921855,805.3651258752409,5.657385224076874,0.8976736089865164,1100,Yes,10.741039514541626
20.0,0.5,0.01,2,13,-6.673449948584689,0.018026326050758275,0.48423645596000614,-0.1309518567618172,0.4510024002610986,791.1202259620632,5.605729481278408,0.9575739311410238,1060,Yes,11.129493713378906
20.0,0.5,0.01,3,13,-6.699189965053471,0.016609252128124436,0.46402456663195096,-0.14730991071529848,0.42255702055721356,811.7480145191696,5.618908006744142,0.9316633675343456,1090,Yes,11.517397403717041
20.0,0.5,0.01,4,10,-6.6907954719143214,0.004840874525463295,0.4575399675449823,-0.16632863904957176,0.4710640981616762,804.9623224508505,5.649594203794089,0.9025266692267124,1200,Yes,11.68626594543457
20.0,0.5,0.01,5,13,-6.669425697549207,0.02052239033690956,0.4845693936616808,-0.12809473896561346,0.4435898810495093,787.9429569255313,5.575137103512201,0.9400583278042212,1250,Yes,12.249751806259155
20.0,0.5,0.05,1,10,-6.642042413396267,0.006636423025076101,0.4577981463517142,-0.1413405695247674,0.4085490794863947,766.659230148871,5.663479681827657,0.930271628306781,1220,Yes,11.578959703445435
20.0,0.5,0.05,2,11,-6.617459166741088,0.02085661969820688,0.48572193571800826,-0.12685078475031877,0.45558337340931326,748.0420303782312,5.614681385069029,0.9281305731597892,1070,Yes,11.014571905136108
20.0,0.5,0.05,3,12,-6.605748521392417,0.012882270827116215,0.4742746244909227,-0.09312082030271689,0.40288738148641334,739.3330687631061,5.61440336258517,0.9197869631366414,1180,Yes,11.866024255752563
20.0,0.5,0.05,4,12,-6.621660753200424,0.012481006658762756,0.4753763407410643,-0.07968602845336833,0.46923015441124255,751.1916056170483,5.6057712199296,0.9483665422260401,1080,Yes,10.765687227249146
20.0,0.5,0.05,5,11,-6.612345967531688,0.021627158840032964,0.48715967597122156,-0.07041723656140862,0.4479087149744359,744.2269045213013,5.627857947402952,0.9212250999410376,1060,Yes,10.363518953323364
20.0,0.5,0.1,1,12,-6.587157232662723,0.013354608983433438,0.47882568014545746,-0.10987794174955037,0.4431416900172559,725.7148961458547,5.60855451746522,0.9440348580648793,1090,Yes,10.975370407104492
20.0,0.5,0.1,2,9,-6.635527029966146,0.008199329647203227,0.46064933772036243,-0.14532369301516262,0.44801880466414007,761.6803884482995,5.660041244686302,0.8930842849892676,1080,Yes,10.454903364181519
20.0,0.5,0.1,3,8,-6.5950358989129985,0.011213071211468438,0.4775950734336437,-0.038567322292403415,0.516729212000422,731.4551446635508,5.623463788754725,0.9117361826043633,1160,Yes,10.474923372268677
20.0,0.5,0.1,4,7,-6.621237753867715,0.009799063306888608,0.46128457044285825,-0.15541697446637412,0.46241665059664633,750.8739192644299,5.660841983010538,0.8687516779115043,1130,Yes,10.24559235572815
20.0,0.5,0.1,5,10,-6.587125548350166,0.021418856516947183,0.4853386162585708,-0.1296109301255416,0.45328322463725185,725.6919027325247,5.622879340406968,0.9056925936011063,1130,Yes,10.935841083526611
20.0,0.5,0.5,1,5,-6.583334328699069,0.007461410640558131,0.4467010945017423,-0.2324953062881178,0.49004507968069444,722.9458540562536,5.7234918481321895,0.8071981234613322,1060,Yes,9.235310077667236
20.0,0.5,0.5,2,5,-6.593574330157914,0.008284242968783596,0.46295455148177966,-0.2043380423129342,0.5247376838657876,730.3868535589866,5.729488596169483,0.8192321240270513,1090,Yes,9.298029899597168
20.0,0.5,0.5,3,6,-6.593006256637622,0.020319407907286903,0.48444419943128897,-0.2140998970070105,0.5000697654667423,729.9720579562646,5.723227814271339,0.8252706889452062,1060,Yes,9.856111526489258
20.0,0.5,0.5,4,6,-6.561094255097838,0.021592742748285956,0.48240382542487265,-0.09465104473168737,0.4531908042797017,707.0449589947325,5.701517221000759,0.8342728748257799,1060,Yes,9.386611223220825
20.0,0.5,0.5,5,5,-6.589346091185623,0.018925780689289056,0.48118393345095634,-0.21256788987043207,0.5164678040549089,727.3051231375197,5.704883632893941,0.8065177033468455,1080,Yes,9.325571060180664
20.0,0.5,1.0,1,4,-6.592950303091844,0.007158251362217999,0.46181075024458995,-0.30000500528485663,0.46642138244272024,729.9312145739798,5.764334253437122,0.7497176953562753,1060,Yes,9.134504079818726
20.0,0.5,1.0,2,3,-6.588503114503271,0.006722624561787676,0.4604764130946306,-0.275804096968475,0.505967489558029,726.6922802201949,5.764315543107523,0.6956411795685592,1060,Yes,9.275231122970581
20.0,0.5,1.0,3,4,-6.58521385295227,0.020640583674967326,0.48384297172385515,-0.3173336314619577,0.48032893013540673,724.3059260664846,5.756130643274354,0.6887592857871991,1060,Yes,9.9832923412323
20.0,0.5,1.0,4,5,-6.588144890922356,0.0067615511156852905,0.4606610279948674,-0.23972571167830642,0.4412505890000721,726.4320085298629,5.771901412865218,0.84149048171693,1060,Yes,9.628560066223145
20.0,0.5,1.0,5,4,-6.590109626507635,0.008131747931644133,0.4732944255720667,-0.34496109782457296,0.4662687036068774,727.8606583473037,5.745877151668882,0.6889626769901384,1090,Yes,9.606553316116333
20.0,0.5,2.0,1,4,-6.598077749468764,0.009817282954086902,0.4633105366269025,-0.3109576750053982,0.4746255239109359,733.6835093598307,5.81944267077558,0.6933335779696913,1060,Yes,9.884631395339966
20.0,0.5,2.0,2,3,-6.602121897993543,0.00764164677250438,0.4612769857781651,-0.3319839802537309,0.486547536118126,736.6566422852645,5.815224941182921,0.6643077183301254,1060,Yes,9.783910512924194
20.0,0.5,2.0,3,3,-6.589714824592058,0.008770680650014519,0.47539523704097586,-0.3871902874716173,0.5157344249248571,727.573354282944,5.804450940700771,0.6168719016684576,1090,Yes,9.204708576202393
20.0,0.5,2.0,4,3,-6.596358688737195,0.009054685953534997,0.4630813603882769,-0.3416468792941133,0.49137516534100073,732.4233463082318,5.817217263040886,0.6651869806010655,1060,Yes,9.40599250793457
20.0,0.5,2.0,5,4,-6.593599574526235,0.009714585023075374,0.4749666630539232,-0.3536825189141014,0.49929998777041346,730.4052919464665,5.802199764246289,0.6420770680438945,1060,Yes,9.569197177886963
20.0,0.5,5.0,1,3,-6.637080159972899,0.012761197424049443,0.48082607122270443,-0.2954043778698906,0.5005499475557631,762.8642962585403,5.959934425570939,0.6730282329136971,1060,Yes,9.446638584136963
20.0,0.5,5.0,2,2,-6.636428067103572,0.009857644194859416,0.4636823195884932,-0.3265897235418597,0.5175440038832679,762.3670000499636,5.958166276568641,0.6350502341032634,1060,Yes,8.877380132675171
20.0,0.5,5.0,3,2,-6.634045101694244,0.013852501786816473,0.4784873616656043,-0.32479016170752634,0.5238294152382549,760.5524687010054,5.945647539123157,0.6384035702566632,1060,Yes,9.177444458007812
20.0,0.5,5.0,4,2,-6.636945973538026,0.013440796925671442,0.4856157733578353,-0.3894001626286075,0.5346345454339935,762.7619370860933,5.951590531840582,0.49447849629444396,1060,Yes,9.301432132720947
20.0,0.5,5.0,5,2,-6.633245110140522,0.013261638493675327,0.47503316923974837,-0.36254010252692154,0.5276734983585226,759.944276456648,5.945311250706875,0.5572612030122369,1060,Yes,9.295783281326294
20.0,1.0,0.01,1,13,-6.7135859382489596,0.019287407656765346,0.46517763913989757,-0.15611656246100641,0.4290299352862582,823.5184372442379,5.599019320679257,0.9513884769633623,1300,Yes,12.139866352081299
20.0,1.0,0.01,2,15,-6.723911272009065,0.001708044254330842,0.43183145439331716,-0.10718353412041381,0.43171588883252127,832.0655901335368,5.647073827656726,0.9664127188895201,1060,Yes,10.86342740058899
20.0,1.0,0.01,3,13,-6.690780323825911,0.018858750787739586,0.4854997938980543,-0.11472277989859764,0.4384133442522284,804.9501289027777,5.571124783067062,0.9575711379315662,1800,Yes,16.59911298751831
20.0,1.0,0.01,4,20,-6.699492156968638,0.010559702350428168,0.4715207479951589,-0.11692325479101137,0.4249916209818371,811.9933552744394,5.586319157213099,0.9616168181979243,1090,Yes,12.537783145904541
20.0,1.0,0.01,5,20,-6.704370583292709,0.015155103636965383,0.4877078447159946,-0.0772330789420061,0.45454719981293895,815.9642830978394,5.602859965862988,0.9629114693964805,1250,Yes,14.250793933868408
20.0,1.0,0.05,1,14,-6.656670068234315,0.017155566288361606,0.48412259165971716,-0.08674084483261577,0.47076593256377586,777.9560785153346,5.5893716241916245,0.9358667273582997,1250,Yes,12.594107389450073
20.0,1.0,0.05,2,15,-6.666251585137718,0.005824709949936637,0.47297395266435815,-0.1061934686790792,0.4480884040041278,785.445902468663,5.630913444725505,0.9293382300238769,1060,Yes,11.05856442451477
20.0,1.0,0.05,3,15,-6.6614640435742425,0.007269026574074291,0.45878129428778663,-0.10776314025279332,0.4027542457876605,781.6945346447045,5.611420900164627,0.9603999439813511,1250,Yes,12.405893087387085
20.0,1.0,0.05,4,16,-6.671273439229229,0.007650758119969457,0.4622728772073725,-0.09503986958306787,0.45420655269318544,789.4002178748109,5.634660074161091,0.9390849477046337,1360,Yes,13.023199319839478
20.0,1.0,0.05,5,13,-6.6726833191997095,0.009801836135391857,0.46818663153116663,-0.1336525107700147,0.3840490436802174,790.5139623692246,5.651465246384326,0.9526800647498402,1080,Yes,10.8470618724823
20.0,1.0,0.1,1,14,-6.642191581798163,0.012902472918245861,0.47614829503624695,-0.09823523864916761,0.4063275480874079,766.7736000110034,5.617997340916435,0.924803302325724,1110,Yes,10.967814445495605
20.0,1.0,0.1,2,12,-6.616081690695287,0.007593899927247335,0.4749082913590201,-0.15746981298396232,0.46371302333372844,747.0123297569194,5.644404289578983,0.8881208861300584,1300,Yes,12.792086601257324
20.0,1.0,0.1,3,13,-6.644385976839553,0.003182810502067798,0.45616977914285145,-0.10123571914974692,0.3762242494107163,768.4580516970119,5.633065573764566,0.9504743435167962,1510,Yes,13.717342853546143
20.0,1.0,0.1,4,14,-6.654383769589795,0.0012332820403994987,0.44391872240277036,-0.03577881858907499,0.37197709097727605,776.1794702899022,5.655723304078376,0.9230375071315368,1070,Yes,10.768208742141724
20.0,1.0,0.1,5,10,-6.640093576474496,0.013890813594056552,0.4584187069163482,-0.059294432977074395,0.42161066885394455,765.1665912620425,5.678287083462372,0.9297958060697685,1580,Yes,13.432038307189941
20.0,1.0,0.5,1,7,-6.602798271470657,0.012173104794679973,0.4787908522238411,-0.21697933751601384,0.43883628959722776,737.155065841081,5.718967248972482,0.875075703897455,1130,Yes,10.479056358337402
20.0,1.0,0.5,2,6,-6.5937890310180185,0.007665577336280819,0.42753194331991123,-0.23617064923627434,0.4508170124270393,730.5436850799837,5.728675558889694,0.7631250313461467,1070,Yes,9.91322374343872
20.0,1.0,0.5,3,5,-6.60663885784603,0.004048271006526651,0.4544413523694652,-0.3128459472521166,0.46227517617708874,739.9916170668653,5.730194631012766,0.7398956204349756,1090,Yes,9.897639036178589
20.0,1.0,0.5,4,6,-6.5946935329831256,0.010587755793843545,0.4247718604908659,-0.23754392571058133,0.460170004245049,731.2047622064448,5.721290074651633,0.8307310182447016,1060,Yes,9.774784803390503
20.0,1.0,0.5,5,5,-6.589966930124926,0.01461721128694639,0.48521502505031033,-0.26010265256661974,0.49685568303662475,727.7568026743319,5.719054643913576,0.7582132737618632,1070,Yes,9.614850044250488
20.0,1.0,1.0,1,6,-6.591952097292884,0.014303399800242618,0.4851179986499882,-0.2671304460172658,0.4895156071045784,729.2029565389174,5.763060305313225,0.807249926932686,1080,Yes,9.592632532119751
20.0,1.0,1.0,2,7,-6.599408896752508,0.0019616933797298687,0.4425187137494576,-0.19396885962244959,0.469612010368861,734.6608004853467,5.79919389622422,0.9057212567973328,1080,Yes,10.074029445648193
20.0,1.0,1.0,3,4,-6.576374215212655,0.014812035732857264,0.48147935030107014,-0.29058330854869646,0.5278627968468141,717.9315392101128,5.7371753025481285,0.6657313709755925,1110,Yes,10.065330505371094
20.0,1.0,1.0,4,5,-6.596879361350725,0.010879364866568054,0.46308287873586895,-0.26987118045876457,0.46406107247038075,732.8047983833712,5.792079511416479,0.7931423717907753,1060,Yes,9.704012393951416
20.0,1.0,1.0,5,4,-6.594485718183962,0.01630222363617566,0.46615525007527325,-0.30934412382618537,0.4987444425365946,731.0528228238122,5.772309749487898,0.6625768463086976,1070,Yes,9.741429328918457
20.0,1.0,2.0,1,3,-6.5999625015349475,0.021260564245405716,0.4852558097436366,-0.3162577074667886,0.49312137740250084,735.0676248175239,5.801694533095041,0.6759680285539021,1060,Yes,9.455355405807495
20.0,1.0,2.0,2,5,-6.609027270695839,0.009895010405364205,0.4532929217633757,-0.32307202356490167,0.4869266978766337,741.7611348821762,5.828490569994682,0.6601023712463103,1060,Yes,9.808184623718262
20.0,1.0,2.0,3,4,-6.598159925528277,0.008603335317001208,0.4624482894739435,-0.3188452551022087,0.47775401966138,733.7438030568746,5.812016593478759,0.6974807001722554,1060,Yes,9.851670503616333
20.0,1.0,2.0,4,3,-6.605781904333617,0.011370145419371277,0.46042940511015623,-0.28139516671358505,0.473403304102225,739.3577502874364,5.838034633358381,0.7460814053097221,1060,Yes,9.206385135650635
20.0,1.0,2.0,5,4,-6.605194164725024,0.008677884507032559,0.46343597783550383,-0.27733392562897224,0.5332521701750178,738.9233281287322,5.839425900395296,0.8146299341610114,1060,Yes,9.500957250595093
20.0,1.0,5.0,1,2,-6.633558929246023,0.021309017344588246,0.48617684423596486,-0.35957557265297396,0.53128891543879,760.1827989142108,5.947825556996538,0.5555253451477113,1090,Yes,9.242439270019531
20.0,1.0,5.0,2,2,-6.649000943086645,0.0005511859553943948,0.429999598156718,-0.39567684280111504,0.5032443032459165,772.0126555474942,5.982357287426778,0.4909462733813833,1060,Yes,9.34771466255188
20.0,1.0,5.0,3,3,-6.639973682432828,0.009406284312905255,0.46322532979751513,-0.27590342163749587,0.49280301489526507,765.0748578461216,5.9517203268366865,0.7531105811216573,1080,Yes,9.085023880004883
20.0,1.0,5.0,4,2,-6.639794237942718,0.015734087003407563,0.46866514438691775,-0.36346796162906675,0.5239252479978506,764.9375816954524,5.9765315141712705,0.5506815325645907,1060,Yes,9.353699445724487
20.0,1.0,5.0,5,2,-6.640663487718484,0.014745393489303175,0.4753044662578214,-0.32590251020150485,0.522113350440218,765.6027925921419,5.961401109928227,0.6313736469360807,1060,Yes,8.995608568191528
20.0,2.0,0.01,1,24,-6.735714266026642,0.015261454160920219,0.4687776228406153,-0.016431137622581082,0.4724294747116309,841.9446418222643,5.578751526221303,0.974704061951706,1130,Yes,12.969112157821655
20.0,2.0,0.01,2,17,-6.72817848307504,0.01982773099331368,0.48398179702280403,-0.09718985705590277,0.4442174421507391,835.6237759931334,5.5874560209828745,0.9596774275000267,1410,Yes,13.975748062133789
20.0,2.0,0.01,3,18,-6.724776355207159,0.010935126140458556,0.46369443264170823,-0.1479011652955189,0.4651729386513558,832.7857075310945,5.598796381100182,0.9363066734421486,1100,Yes,13.253137111663818
20.0,2.0,0.01,4,15,-6.7185242336867095,0.006581403891911833,0.46022967427033773,-0.08453173052778726,0.4286802744154317,827.595272609462,5.595056072784678,0.957916526368697,1300,Yes,13.305869817733765
20.0,2.0,0.01,5,16,-6.69665059585329,0.018070591646681924,0.48348718210998554,-0.030995790885709876,0.4319508820005561,809.6893016351191,5.592374598140592,0.9687279939467693,1710,Yes,15.200636863708496
20.0,2.0,0.05,1,10,-6.650634140751353,0.009064300039441425,0.4642057633965623,-0.15869438348314374,0.5063469893142268,773.2745349824445,5.629296596192087,0.8898609755612452,1620,Yes,14.875754594802856
20.0,2.0,0.05,2,11,-6.6489322033022455,0.018327899511837782,0.48193928079965076,-0.14450118667239875,0.39473339851209727,771.9595893878972,5.6116889783437305,0.9361865900635266,1280,Yes,11.925230503082275
20.0,2.0,0.05,3,15,-6.667341113754877,0.008792582871548693,0.46056799217040784,-0.09561094909965022,0.4055396766732989,786.3021346166464,5.637133643427002,0.9595755096957457,1370,Yes,13.485899448394775
20.0,2.0,0.05,4,15,-6.668216281649337,0.003970964816792928,0.4596139133561956,-0.1087285795268711,0.421201297677354,786.9905822098822,5.586279158589059,0.9457318167889859,1530,Yes,14.020313262939453
20.0,2.0,0.05,5,13,-6.670840305343297,0.013455862176151339,0.481143265216479,-0.11831865744873023,0.4167011377066137,789.0583759278971,5.614571884739196,0.9386327011823423,1060,Yes,11.010475158691406
20.0,2.0,0.1,1,10,-6.618583446937819,0.006965433821955272,0.4630431825035226,-0.09732428640598893,0.43039607175103245,748.8835121613241,5.647875003862851,0.9308239240348439,1070,Yes,10.069756031036377
20.0,2.0,0.1,2,9,-6.6625310196127625,0.01959815273180751,0.4828873540938147,-0.15267098219082292,0.46044456396121025,782.5290290962362,5.640688044395034,0.9126509524015052,1260,Yes,11.438751459121704
20.0,2.0,0.1,3,11,-6.648972285006606,0.011903790265088409,0.46254074745777213,-0.14347149663935607,0.4211580423952384,771.990531464039,5.6563742943922755,0.9007949110619146,1460,Yes,13.555161952972412
20.0,2.0,0.1,4,12,-6.651695132902354,0.006925821338882874,0.45838094150444286,-0.11811377570230647,0.416195644262198,774.095408587851,5.634741464300498,0.9245866947924279,1060,Yes,10.965131759643555
20.0,2.0,0.1,5,10,-6.6503168456371995,0.014567822146557318,0.4783889823745668,-0.11597227643193464,0.3827824201294279,773.0292176716455,5.637733066890858,0.9455396178186521,1240,Yes,11.971673727035522
20.0,2.0,0.5,1,7,-6.6118157355654015,0.009047293807495173,0.4603467718312908,-0.14248578243222332,0.42348275270844954,743.8323962260511,5.737966853109814,0.9091743427268525,1120,Yes,9.9336416721344
20.0,2.0,0.5,2,6,-6.607017843191305,0.01789822865024393,0.4793516717445729,-0.17117184353665382,0.45369120299123,740.2721161945321,5.702991304137252,0.8510201557348179,1140,Yes,9.465739727020264
20.0,2.0,0.5,3,8,-6.580449103543983,0.013196371693812103,0.47772961130593733,-0.17646491258300515,0.4307936838817443,720.8629986906113,5.681189583196513,0.8860229804535426,1120,Yes,10.588807582855225
20.0,2.0,0.5,4,8,-6.57507469144976,0.020042684288825482,0.4819383990758339,-0.06529654349489207,0.4546814195277513,716.9991760600238,5.68125525045922,0.9180224504757025,1160,Yes,10.138466358184814
20.0,2.0,0.5,5,8,-6.611662194876542,0.01898572180854222,0.4814293583998985,-0.14232435974814497,0.42705232049860975,743.7181964549189,5.710444060877891,0.9159281864881406,1180,Yes,10.370936632156372
20.0,2.0,1.0,1,5,-6.597533695088538,0.008589868712850937,0.46337253674555545,-0.3049951139726236,0.47294284210786697,733.2844541965617,5.784835299776231,0.7944685582695032,1130,Yes,10.075881481170654
20.0,2.0,1.0,2,7,-6.603794178613308,0.01967230114349967,0.45961811685242315,-0.19288263785440704,0.4482129892139435,737.8895695244173,5.750072657758082,0.9201164441283292,1090,Yes,9.917270183563232
20.0,2.0,1.0,3,5,-6.603159083415016,0.004116950743002251,0.4282648117592106,-0.28887529043672944,0.4861894938188479,737.4210881828147,5.782539873808682,0.7299628246435469,1090,Yes,10.262798547744751
20.0,2.0,1.0,4,4,-6.604116915843628,0.008292873946748306,0.461485618493754,-0.28352722430959687,0.47779057181789,738.12775239354,5.756198858378917,0.7342955538989393,1060,Yes,9.223580360412598
20.0,2.0,1.0,5,5,-6.602924133224504,0.018037557519033513,0.4833564672401928,-0.2629693592893555,0.45301102127250753,737.2478513094737,5.759696243253009,0.8389604844227522,1060,Yes,9.185059309005737
20.0,2.0,2.0,1,5,-6.606051253817109,0.010399319432276297,0.46418642000449073,-0.284251353542484,0.44609784192585855,739.5569227378858,5.834352694139293,0.7863944996469784,1140,Yes,10.174554109573364
20.0,2.0,2.0,2,4,-6.607380079110333,0.019813612770997212,0.48449886095573946,-0.33711941040471977,0.4866776049168579,740.540317918089,5.800095420732811,0.6987548717546259,1070,Yes,10.042654752731323
20.0,2.0,2.0,3,4,-6.599607775579074,0.011025834765873736,0.46392290202009545,-0.25562878353685375,0.4477663922308203,734.8069234931754,5.827514789140041,0.8082102004017442,1090,Yes,9.596634864807129
20.0,2.0,2.0,4,5,-6.604787705147036,0.008317782376741335,0.4624753114934388,-0.267657834264265,0.4784913620055038,738.6230466948821,5.807747591596228,0.794318954594802,1120,Yes,10.316031455993652
20.0,2.0,2.0,5,3,-6.603523584841563,0.010063275674194279,0.4768266875036077,-0.37525774156426495,0.505142445489354,737.689928214734,5.804610077802889,0.6155378250154211,1070,Yes,9.264649868011475
20.0,2.0,5.0,1,2,-6.644789333320238,0.016567880114039774,0.46938837873112765,-0.36346796162906675,0.5239252479978506,768.7680767534032,5.976635849249514,0.5531040607969648,1060,Yes,9.296687364578247
20.0,2.0,5.0,2,2,-6.637834679432606,0.021384435838288737,0.4860783144124625,-0.35957557265297396,0.53128891543879,763.4401094189828,5.941249179607278,0.5573590227774474,1060,Yes,9.250357389450073
20.0,2.0,5.0,3,2,-6.640908657831366,0.012527298392794383,0.4659803104991356,-0.3638551105215651,0.5236299098414516,765.790518526678,5.959063762895626,0.5527799692211469,1060,Yes,9.14923882484436
20.0,2.0,5.0,4,3,-6.638640486398373,0.01411084989091584,0.48504406450054716,-0.329291877381351,0.5097063602474756,764.0555427040111,5.952740651010875,0.6133801328912314,1060,Yes,9.163070678710938
20.0,2.0,5.0,5,3,-6.640307874247589,0.01223811619484771,0.47432373744485895,-0.29570317701882515,0.47084800009718464,765.3305823294279,5.945458835411658,0.757123482118348,1080,Yes,9.437604904174805
20.0,5.0,0.01,1,14,-6.68998658615887,0.012834159263548119,0.47591302646062084,-0.13399133936241173,0.43079320496433626,804.3114631654353,5.597044348085798,0.9465560360046735,1520,Yes,13.778218269348145
20.0,5.0,0.01,2,11,-6.704999715947796,0.01835099127056547,0.48622120479771735,-0.1533072570882793,0.4344313053566435,816.4777943901445,5.5789650656701,0.9585080084649101,1450,Yes,12.816127061843872
20.0,5.0,0.01,3,15,-6.740874123343891,0.00583289056343268,0.45880034284738,-0.06535214627835302,0.43570916634158324,846.3001833660053,5.593420981005623,0.9692306292136268,1100,Yes,11.034575700759888
20.0,5.0,0.01,4,11,-6.731147232354923,0.010027596562485811,0.4740454282380317,-0.20315926422579694,0.4087107161198018,838.1082194965825,5.62046356314851,0.9131986019720062,1170,Yes,11.680246353149414
20.0,5.0,0.01,5,15,-6.731928530833075,0.018660292389396017,0.46314552102812595,-0.1365060705017393,0.39618545482294865,838.7632880417082,5.588745776047145,0.9602164618527633,1550,Yes,14.129876613616943
20.0,5.0,0.05,1,12,-6.629157384736479,0.010897215363258042,0.4653046968038547,-0.07385259259968668,0.44285404879934487,756.8441734338228,5.631549560645777,0.9350193530550021,1220,Yes,11.12439250946045
20.0,5.0,0.05,2,15,-6.659358991074536,0.0041322504783124795,0.45913686508195434,-0.1291838225278985,0.3968163035566475,780.0507573363085,5.636843863012052,0.9669149984433058,1630,Yes,14.489306688308716
20.0,5.0,0.05,3,12,-6.674743814827631,0.003970545421747996,0.4559586477840688,-0.16366829824081544,0.41767565222590514,792.1444922054092,5.626881680042207,0.9411621015543555,1270,Yes,11.891348123550415
20.0,5.0,0.05,4,14,-6.691006786371664,0.007515618108113998,0.4781856917092223,-0.11571281553312981,0.4233481327796163,805.1324406007793,5.619487197874959,0.951019548945821,1170,Yes,11.578079462051392
20.0,5.0,0.05,5,15,-6.679067821833387,0.01760102801657107,0.4590291291120032,-0.07404011188619142,0.3975371222918135,795.5771466017353,5.598243635256392,0.9666476500788207,1350,Yes,12.657798767089844
20.0,5.0,0.1,1,9,-6.616897156350821,0.011159979519699865,0.47354592812962404,-0.14734472427129636,0.44833162944236127,747.6217410993357,5.625152871247362,0.9292799034298422,1100,Yes,9.809096574783325
20.0,5.0,0.1,2,12,-6.613131688562508,0.009321320443539127,0.4743636611737449,-0.08981960068356828,0.4570057089648741,744.8118890391099,5.594677471516405,0.9393749180951867,1300,Yes,12.021466732025146
20.0,5.0,0.1,3,12,-6.642152239556514,0.017247286557354153,0.480567023131796,-0.06621538100523774,0.43054874082562744,766.7434340121443,5.610580410122213,0.9221749110929865,1110,Yes,10.710875749588013
20.0,5.0,0.1,4,11,-6.654461332688648,0.00557314459804763,0.45862258336609113,-0.08688119162806589,0.4100455041537059,776.2396755097054,5.648950669682588,0.9233783252018479,1090,Yes,10.367177248001099
20.0,5.0,0.1,5,11,-6.641801152848493,0.01785098757615747,0.477999404832811,-0.07955484980026901,0.4209508445724588,766.4742878335882,5.6451340555773815,0.9274999254674875,1140,Yes,10.906978607177734
20.0,5.0,0.5,1,8,-6.588987979462952,0.015326854952273481,0.476847782356313,-0.10275184513887023,0.46347754543579933,727.0447132776599,5.677707269912431,0.9135178012208013,1180,Yes,10.458380699157715
20.0,5.0,0.5,2,7,-6.604237359209988,0.007937737624715615,0.45999640252558066,-0.22416461952162206,0.44099946792265604,738.216660338921,5.720572128931074,0.8367660742756682,1160,Yes,10.772247076034546
20.0,5.0,0.5,3,8,-6.578521331328682,0.013724563627395792,0.4754923610050695,-0.13104068443783923,0.43242916469950343,719.474677644019,5.681142097220055,0.9201724735712885,1210,Yes,10.746388673782349
20.0,5.0,0.5,4,6,-6.615769404220417,0.006073985829573701,0.4571746449630844,-0.2648300067789314,0.4415796056891373,746.7790843313669,5.7242166296403205,0.8126808031136007,1250,Yes,10.917832612991333
20.0,5.0,0.5,5,7,-6.6070046451589795,0.018783171714831286,0.4816399104259835,-0.22843692189110243,0.4747256802222466,740.2623461236858,5.71188633495387,0.8353915016504142,1150,Yes,10.532748699188232
20.0,5.0,1.0,1,5,-6.5846344899822205,0.007562804944379716,0.4646727676173154,-0.2885892591880126,0.4925955357955194,723.8864115712507,5.758248658431165,0.7765714966739556,1100,Yes,10.142391920089722
20.0,5.0,1.0,2,4,-6.6050294664684195,0.004917164971642426,0.46161568414990434,-0.3419748329127406,0.486152948389523,738.8016387661131,5.756709850548335,0.7405705886124311,1080,Yes,9.085731506347656
20.0,5.0,1.0,3,4,-6.603283550636011,0.004424833040705323,0.4621677540693855,-0.31481241162591606,0.4763668115836331,737.5128786486973,5.755770052891826,0.8096554950580901,1100,Yes,9.764719724655151
20.0,5.0,1.0,4,7,-6.597845485772565,0.01305256894105964,0.4955565855719528,-0.16295005684296276,0.5062393876769156,733.5131211043752,5.753680442627928,0.8708541936969818,1090,Yes,9.669544458389282
20.0,5.0,1.0,5,8,-6.606487977178879,0.016435409933597676,0.4799371935556413,-0.17006670072290592,0.3982106954903835,739.8799750605178,5.760535384645778,0.94040503491219,1100,Yes,10.152693510055542
20.0,5.0,2.0,1,4,-6.598582854481106,0.009492966938855263,0.4633814432325388,-0.315376074176396,0.4703812994959021,734.0541901863713,5.82829658610752,0.7457956301161073,1060,Yes,8.909077167510986
20.0,5.0,2.0,2,3,-6.600981637431431,0.008649017645394623,0.46335636845403466,-0.377266247903067,0.5102019890643705,735.817140484606,5.820222656435308,0.6103084236069719,1060,Yes,8.915303468704224
20.0,5.0,2.0,3,4,-6.610118623835087,0.01263142853890565,0.48533429592818444,-0.3514525763405154,0.49576747640445473,742.5711001239636,5.801597983642099,0.592427904509006,1060,Yes,9.674671173095703
20.0,5.0,2.0,4,4,-6.616750830131155,0.006412350602656249,0.46289901491588903,-0.395495063858851,0.506721914586173,747.51235243963,5.812849427529815,0.6050481518995879,1110,Yes,10.326118469238281
20.0,5.0,2.0,5,4,-6.604173236550705,0.01987046183614515,0.483804347557313,-0.38080636039186866,0.49879694259957147,738.1693254411686,5.799389199131533,0.5921010053187357,1060,Yes,9.456664323806763
20.0,5.0,5.0,1,3,-6.636320661461733,0.011420448729583163,0.4647933771066073,-0.25341953682704776,0.4854240741424478,762.285121930171,5.960318833218108,0.7425242218052549,1060,Yes,8.917675495147705
20.0,5.0,5.0,2,3,-6.639629994493327,0.012878284914954054,0.48088259749386825,-0.2957085979809358,0.5111447788909685,764.811956025345,5.957946328950947,0.6784161142317495,1060,Yes,9.580229997634888
20.0,5.0,5.0,3,3,-6.640588544594789,0.010136473786540251,0.481311562286577,-0.19423672940838174,0.47929041405159883,765.5454180772947,5.950545420720012,0.8197005139608577,1060,Yes,8.853825092315674
20.0,5.0,5.0,4,2,-6.639324212775092,0.013992140843405967,0.4853317587623749,-0.3894001626286075,0.5346345454339935,764.57812626356,5.95250007069824,0.49314125051883695,1060,Yes,9.008667707443237
20.0,5.0,5.0,5,3,-6.639649133979897,0.021404174489057733,0.485937497288161,-0.27664287310859775,0.5172960126577282,764.8265942735896,5.945829329207925,0.7531741426044725,1090,Yes,9.443801403045654
