K,Alpha,Eta,Run_Index,LL_per_word,Weighted_NPMI,Weighted_Cv,Unweighted_NPMI,Unweighted_Cv,Perplexity,Weighted_Renyi_Entropy,JSD_Diversity,Iterations,Converged,Time_sec
40,0.05,0.01,1,-6.99086361269899,0.03747814084604322,0.49088699868796865,0.038227159671074915,0.5134450308013532,1086.6595240370375,3.598283349870002,0.9551109397384412,1230,Yes,8.294044494628906
40,0.05,0.01,2,-6.95251649381921,0.043802248422665696,0.5102623345545211,0.0608950115850476,0.5347814600556038,1045.778113794782,3.620616186853006,0.9527900135408616,1420,Yes,9.128031969070435
40,0.05,0.01,3,-6.947423371276398,0.04417321018475034,0.5057498863164331,0.06293940153519015,0.5300864896391007,1040.4653783991507,3.5887028098681726,0.9549995531119649,1260,Yes,8.300324201583862
40,0.05,0.01,4,-6.96502385790394,0.04280396993335142,0.5018939450256761,0.048226114397656186,0.5246844971779344,1058.940181217912,3.6557784300209875,0.9506732882509734,1850,Yes,11.24673867225647
40,0.05,0.01,5,-6.973119143482492,0.04140376272900605,0.5052664710492976,0.05681217343739253,0.5403322272821326,1067.5473963224954,3.6719723244941216,0.9546253973509767,1310,Yes,8.596116781234741
40,0.05,0.1,1,-7.089976134414124,0.048748230644420965,0.5263025566436786,0.06005263780424001,0.5474070203745534,1199.8791644498936,4.335595242423807,0.9329885258491505,1460,Yes,8.989072561264038
40,0.05,0.1,2,-7.071213998532528,0.05752713973816932,0.5403786942294015,0.06010548758828329,0.5389672045868734,1177.5767432866564,4.288481306988451,0.9377386067806732,2190,Yes,12.957831382751465
40,0.05,0.1,3,-7.096907958441162,0.0468407975524938,0.5297412236731067,0.05859274901274503,0.5514880239537515,1208.2254096030551,4.3008676654906575,0.9293143930158824,1620,Yes,9.922973155975342
40,0.05,0.1,4,-7.084515693248459,0.05124130671557835,0.5223361120263744,0.054017571974756706,0.5224296049040491,1193.345150401218,4.295065663225732,0.9365183099418004,3000,No,17.010392665863037
40,0.05,0.1,5,-7.146789076078023,0.055576639009573346,0.5307785717643607,0.0677880110295097,0.5361210755504786,1270.0214588955314,4.243757918914994,0.9369909394122069,2320,Yes,13.629193544387817
40,0.05,0.5,1,-7.068255425475586,0.049738252615513866,0.5407174397452578,-0.03567977155521295,0.5204142459080383,1174.0979451382611,5.0776496429392814,0.9588477037078191,2020,Yes,11.745755672454834
40,0.05,0.5,2,-7.066691072605722,0.04932918014513369,0.541972984329476,-0.017248606634641114,0.5386390319507891,1172.262677525633,5.062314440907877,0.957011074573067,1720,Yes,10.358362197875977
40,0.05,0.5,3,-7.064535448236097,0.04191067448737159,0.5255546706022931,-0.02048282517974957,0.5100574212110469,1169.7384411605199,5.108367376112167,0.9642682625948502,1210,Yes,7.875385999679565
40,0.05,0.5,4,-7.068297590320464,0.0506953174154755,0.5287886130656586,-0.027764167909344474,0.5152942532079307,1174.147451839703,5.125080994382372,0.9524013752460873,1400,Yes,8.445404291152954
40,0.05,0.5,5,-7.054198897268041,0.0540103239412433,0.5395289895600484,-0.0633558541567666,0.5175774571975216,1157.7096553235085,5.086076532253312,0.9454953489278176,1300,Yes,8.174438238143921
40,0.05,1.0,1,-7.080753793483835,0.037929100427842935,0.5373393341671887,-0.2265632273131101,0.543863137319376,1188.8643390267632,5.3807376893434835,0.7989786481727693,2200,Yes,11.95595908164978
40,0.05,1.0,2,-7.088789501285264,0.030718077919991704,0.502684344985079,-0.22049503016999045,0.5285325271829489,1198.456192522517,5.4122211072736235,0.8087544253575787,1460,Yes,8.564985513687134
40,0.05,1.0,3,-7.063411839747468,0.04021175270483765,0.5441713220040368,-0.27749720825494584,0.5452986082424836,1168.4248512371507,5.409866459887761,0.7360504291734028,1500,Yes,8.586212158203125
40,0.05,1.0,4,-7.074092411607872,0.03723377827987063,0.5512626937490691,-0.2460918825059722,0.5406990875385129,1180.971178531501,5.407726827227751,0.7731752758807696,1390,Yes,8.073466300964355
40,0.05,1.0,5,-7.040864715821662,0.030532298258635026,0.5043975767482543,-0.30537222114267415,0.568277954919333,1142.3750094009429,5.484485821214105,0.6536243775761863,1460,Yes,8.313115119934082
40,0.05,2.0,1,-6.956807019220476,0.019533713948401175,0.522836686799499,-0.3875045610685426,0.5611767571926777,1050.2746907970559,5.669553125084818,0.4844299879438447,1900,Yes,10.126914978027344
40,0.05,2.0,2,-6.928571208179956,0.017038323088141297,0.5039288485815957,-0.4353450036887157,0.5504878832428216,1021.0340917747706,5.703848426983467,0.3582585291362569,1750,Yes,9.65090036392212
40,0.05,2.0,3,-6.974570257144749,0.009504509664396558,0.5084905854658306,-0.43783380395699945,0.529387220464453,1069.097653462028,5.647099560346254,0.37988481227617443,3000,No,15.579728364944458
40,0.05,2.0,4,-6.974419066917208,0.014725434615648169,0.49205928864144927,-0.39903956733590695,0.5179299023729612,1068.9360285628977,5.662930842614052,0.49950889408663746,1320,Yes,7.358015298843384
40,0.05,2.0,5,-6.974689728828127,0.009632399514185442,0.5144542551490452,-0.44438853083125035,0.5470626020707533,1069.2253879885602,5.665312167616738,0.35797605343086086,1660,Yes,9.023397445678711
40,0.1,0.01,1,-6.980478264848655,0.04225543052518818,0.5002354296771161,0.052143993760363605,0.5298174881133655,1075.4325856224245,3.606371310548712,0.9536549681777536,1540,Yes,9.81344723701477
40,0.1,0.01,2,-6.964860641925668,0.036039336145066075,0.4977167824660662,0.05339283961430752,0.5351871030174862,1058.76735936433,3.5768585487811553,0.9534897336050545,1690,Yes,10.590967416763306
40,0.1,0.01,3,-6.955328927251061,0.04042880605441816,0.4902156752438487,0.05496445322957063,0.5245555355367806,1048.7234349427456,3.5553549559009454,0.9569603307399777,1110,Yes,7.516392230987549
40,0.1,0.01,4,-6.954618412582483,0.052175459144302834,0.5046798504818585,0.056457839882793424,0.5198708143829702,1047.978566210353,3.5732313513817555,0.9568663580110466,1450,Yes,9.475589036941528
40,0.1,0.01,5,-6.989338200070566,0.040667650040591814,0.5079925974567363,0.053072550632104996,0.5483007764575151,1085.0031834988374,3.633704411899027,0.954341608914918,1210,Yes,8.104485988616943
40,0.1,0.1,1,-7.102107347047846,0.05230683060778502,0.5168615466520606,0.06111801780917532,0.5352930180590899,1214.5238027397731,4.257142289800813,0.9395042305598018,2480,Yes,14.435108184814453
40,0.1,0.1,2,-7.0663865365362275,0.05059226925769173,0.5439145010731932,0.061452818234777794,0.5569088282169975,1171.9057356110068,4.317418357506698,0.9333833778408699,2080,Yes,12.432992458343506
40,0.1,0.1,3,-7.086725360308851,0.05131104133646183,0.5280159588226004,0.06422141992238617,0.5445906872489876,1195.984961349285,4.308135730043628,0.9326067651850727,2110,Yes,12.516398668289185
40,0.1,0.1,4,-7.110989514720322,0.04702042310467268,0.5219536231533584,0.06464894400522822,0.5354541542792826,1225.3594576117002,4.241055232113855,0.942340772176138,1390,Yes,8.534402132034302
40,0.1,0.1,5,-7.103348990164652,0.045220016311724245,0.524544296919101,0.05449701328664887,0.5234108733234599,1216.0327444493278,4.239089178914373,0.9383126269969759,3000,No,16.864269733428955
40,0.1,0.5,1,-7.075128552584186,0.05072073200407671,0.5537510904677418,0.011505582328374824,0.5367099395169136,1182.1954653187454,5.096696874101719,0.9642833822141489,1110,Yes,7.090146064758301
40,0.1,0.5,2,-7.073264749275773,0.04621662147378864,0.5319777462789927,0.03517800758068306,0.5262600515221433,1179.9941375575168,5.066356919903607,0.9622076302174296,1630,Yes,9.688043355941772
40,0.1,0.5,3,-7.077906644815568,0.04896608672722412,0.5479028678426693,-0.023222680139816973,0.5573016246004103,1185.4842795563645,5.0501890071217215,0.9564131032426036,1690,Yes,10.019770622253418
40,0.1,0.5,4,-7.070238642755421,0.05870914519282587,0.5508852101612821,-0.00287576794695068,0.5317679593854445,1176.4287469505437,5.057418198060921,0.9559150653923549,2190,Yes,12.379579305648804
40,0.1,0.5,5,-7.077329732107831,0.03982946808538459,0.5352440687374409,-0.019886929167021172,0.5103626953826008,1184.8005558540763,5.075963721411323,0.9611403062599904,1200,Yes,7.704551458358765
40,0.1,1.0,1,-7.0615918845563685,0.024353199727944367,0.4895767157991274,-0.26484622533412444,0.5408689860827145,1166.3003042403163,5.447756786695394,0.7669202795856703,1340,Yes,7.724104404449463
40,0.1,1.0,2,-7.083876166099316,0.04453631677618602,0.5391595636042608,-0.19447753131822948,0.5550436098182937,1192.582217763308,5.403095770360228,0.8302834824238461,1730,Yes,9.9516441822052
40,0.1,1.0,3,-7.0908896796902665,0.03428585753494223,0.5419206757352405,-0.21203071591653128,0.5406760515842247,1200.9758092335805,5.375718927834635,0.8271241293035458,1990,Yes,11.196242332458496
40,0.1,1.0,4,-7.091896809114407,0.036220299611461775,0.5331290991306724,-0.24688098901239028,0.5433797377040974,1202.1859565939587,5.385490982111026,0.7873183219421728,1110,Yes,6.62182354927063
40,0.1,1.0,5,-7.11203339959775,0.02866284393312491,0.5011520412267971,-0.22091570746617356,0.5455244282123063,1226.6392596857131,5.3935527666741745,0.7937288149852916,1280,Yes,7.569366931915283
40,0.1,2.0,1,-7.005372366986364,0.01647601237120329,0.47413185849943806,-0.35603060609018916,0.5401414138797923,1102.5405282759614,5.666311880491234,0.571541119553256,1200,Yes,6.880069732666016
40,0.1,2.0,2,-6.912438402394888,0.006165743196884326,0.5162377110566001,-0.4331752409440763,0.5412695829809894,1004.6941063733607,5.67546545847982,0.39825672519310407,1750,Yes,9.577402114868164
40,0.1,2.0,3,-7.008270461455678,0.022426337013765195,0.5209186475142407,-0.4189037154703364,0.5330071095515126,1105.7404294514504,5.663132564919727,0.4321766982032427,1140,Yes,6.513256788253784
40,0.1,2.0,4,-6.966690566076349,0.025204483284473323,0.4772165550005772,-0.4333181974102637,0.5514592170456811,1060.7065971130312,5.673436078614472,0.35072612797575586,1320,Yes,7.194013357162476
40,0.1,2.0,5,-7.0082865099428835,0.01999174427733843,0.5107341141560996,-0.4380698076960273,0.5412214638455337,1105.75817505498,5.620200665866393,0.3611193856320761,1790,Yes,9.711850643157959
40,0.5,0.01,1,-6.988054822822548,0.040155202645771854,0.516970209502539,0.056629348399448845,0.5412492649650891,1083.6116082481155,3.6101481196870004,0.9562275793177976,1260,Yes,8.42839527130127
40,0.5,0.01,2,-6.975521218158534,0.04654431968951447,0.4970313500226952,0.05639622016213156,0.5293721035192721,1070.1148072105264,3.5708975602729907,0.9595579376049388,1110,Yes,7.470163106918335
40,0.5,0.01,3,-6.9650270889098875,0.0427637992637904,0.5027128802431335,0.056983990326793445,0.5345678172982542,1058.9436026654625,3.5848915924983644,0.9582380337512107,1120,Yes,7.616786956787109
40,0.5,0.01,4,-6.967251276676407,0.0362119419800836,0.5048584242340325,0.048497328735695046,0.5435341513517705,1061.3015133179083,3.586301298312009,0.9508791685834364,1130,Yes,7.593560457229614
40,0.5,0.01,5,-6.978427839537861,0.04335329647918233,0.5006909295633382,0.0575467463115083,0.5360873069103553,1073.229750574952,3.595003888289249,0.9573572135416794,1240,Yes,8.311420917510986
40,0.5,0.1,1,-7.087280939045087,0.05693737818486316,0.5347674055621713,0.06534397857897437,0.5527831683542626,1196.6496097778395,4.283829881249234,0.9375061291756727,2810,Yes,16.118168830871582
40,0.5,0.1,2,-7.068499187975158,0.0546975876488782,0.53250963123603,0.05985080798660798,0.5390650511373062,1174.3841810734866,4.305507996337873,0.9407293681924361,1960,Yes,11.592940092086792
40,0.5,0.1,3,-7.137663945859792,0.050430347008342674,0.5062250112365579,0.06277144116755262,0.5293904493191638,1258.4850633100843,4.227436877197439,0.9378418524670307,1170,Yes,7.641595840454102
40,0.5,0.1,4,-7.083432472600939,0.04656807789708514,0.524186246339147,0.054770657487507646,0.5350709677718106,1192.0531941578527,4.287274415669392,0.9349101746676675,3000,No,16.831533908843994
40,0.5,0.1,5,-7.098237809543211,0.048781085013539546,0.5262288651307969,0.06015023711049897,0.5440121566285427,1209.8332383449977,4.237355978618151,0.9455117135348785,3000,No,16.843356370925903
40,0.5,0.5,1,-7.067111071527014,0.0521610381809415,0.5531853911974726,0.0009558658992319779,0.5147265738847644,1172.7551299931786,5.067163554596425,0.9644073437303813,2080,Yes,11.808932542800903
40,0.5,0.5,2,-7.075387255866403,0.04926552936175523,0.54043820166058,-0.018014117787584428,0.511963570663555,1182.5013427298845,5.063383307134947,0.9623242597045066,1280,Yes,7.94015645980835
40,0.5,0.5,3,-7.075145339814162,0.04594812273077023,0.5557949350767823,-0.01205288874385627,0.5565630242661841,1182.215311272477,5.046073749529131,0.9612330412183849,1150,Yes,7.2402026653289795
40,0.5,0.5,4,-7.0799363257055345,0.0489381003355537,0.5488630908654291,-0.01895539143415107,0.5399543283004042,1187.892877860038,5.038063960464657,0.9590522828545994,1420,Yes,8.60431432723999
40,0.5,0.5,5,-7.072525160558688,0.05102290071893364,0.5374240671556456,-0.034946038109591404,0.5093568635625874,1179.1217498509707,5.073143497779646,0.9545239812587343,2390,Yes,13.508185863494873
40,0.5,1.0,1,-7.058833199280898,0.03765997856514269,0.5166157169611398,-0.24347219070914838,0.547442188809809,1163.0872826595776,5.411331702601013,0.7652934284146512,1110,Yes,6.704086780548096
40,0.5,1.0,2,-7.06304800982719,0.0424130901462597,0.5367026043025037,-0.29933375385592986,0.558018459857091,1167.9998206407863,5.397218254484251,0.6585594778683157,2130,Yes,11.78175401687622
40,0.5,1.0,3,-7.068083434465289,0.04009810368752855,0.5440474614474764,-0.20675044900314155,0.5614138613886018,1173.8960282109351,5.40438904690178,0.8273973183539776,1660,Yes,9.393134117126465
40,0.5,1.0,4,-7.082461530987579,0.043424350373394434,0.5462449125657199,-0.18227387479941357,0.5551673411183939,1190.8963418152289,5.379848086568978,0.846131998645096,1110,Yes,6.758248567581177
40,0.5,1.0,5,-7.077987361451743,0.043071369495142724,0.5377082209686166,-0.25955192677092653,0.5319923090017658,1185.5799717215716,5.375246615516931,0.7461897372449289,2120,Yes,11.896049976348877
40,0.5,2.0,1,-7.006203762670597,0.01923834196055813,0.49432634277474163,-0.4279984655022428,0.5290975737020405,1103.4575568668458,5.618267888773064,0.40006589956064964,1340,Yes,7.444928169250488
40,0.5,2.0,2,-6.9612223460418905,0.014981196224402027,0.5250473499125587,-0.43745632482214464,0.556090067739458,1054.9222495041042,5.637228170080916,0.3667732482730124,1250,Yes,7.143769025802612
40,0.5,2.0,3,-6.9741565950951125,0.011410325102920983,0.4873131222862496,-0.41013077593818625,0.5349338179794045,1068.6554997928367,5.669778427050503,0.4368977785641474,1600,Yes,9.000832796096802
40,0.5,2.0,4,-6.975175670123365,0.02250839345921961,0.4892946032341976,-0.40263308605140036,0.550780895888584,1069.7450950218279,5.663301131876171,0.43421021441734603,1500,Yes,8.150155067443848
40,0.5,2.0,5,-6.970446598697163,0.01934041971068752,0.49628420185535055,-0.397108491711906,0.532736305925243,1064.6981371775983,5.660004093907375,0.46564036273058235,1630,Yes,8.801634073257446
40,1.0,0.01,1,-6.934016971529061,0.04122875740960629,0.5048894227589158,0.04966419086743405,0.5273599250828906,1026.6095693967748,3.5433499886044006,0.9605524029790837,1580,Yes,9.962967157363892
40,1.0,0.01,2,-6.953597509980056,0.03845538052724695,0.5008370057062718,0.0514290149264486,0.5291711282075181,1046.9092281027254,3.576458985393827,0.9567452127447807,1690,Yes,10.552408695220947
40,1.0,0.01,3,-6.9777951494299595,0.040052843429051924,0.5009086513733434,0.03866111547227667,0.5121051171586423,1072.5509434881653,3.6196033827413894,0.9584623507086972,1940,Yes,11.760624408721924
40,1.0,0.01,4,-6.973857627623916,0.04070875237847684,0.507281886375024,0.06001987589907689,0.5379837122154282,1068.3360543147662,3.562373420992121,0.9551811143494469,1180,Yes,7.925264358520508
40,1.0,0.01,5,-6.955295728719386,0.04057241745982279,0.5020802846025622,0.056174872357634756,0.5289817883482366,1048.6886194424865,3.6397719892744305,0.9542659625470152,1420,Yes,9.11651349067688
40,1.0,0.1,1,-7.112348553230528,0.05194986122511374,0.5288171638400412,0.0671181666031623,0.5478514084395293,1227.0259004269283,4.253645360932603,0.9383683102351128,1750,Yes,10.459702491760254
40,1.0,0.1,2,-7.090565760304797,0.05544583318154974,0.5304631723870868,0.066479602509764,0.5409958174642437,1200.5868528861408,4.28185354772501,0.9288372624759409,1150,Yes,7.609152555465698
40,1.0,0.1,3,-7.1139676458588275,0.053274342639801346,0.5365994344175453,0.06325199072260343,0.5475769286229184,1229.014178185624,4.22721107154782,0.940404409152841,2180,Yes,12.858451843261719
40,1.0,0.1,4,-7.089188851929579,0.04987721194380184,0.5302537840309838,0.061349622839954474,0.5429173400102293,1198.9348923533655,4.300555080417753,0.9353245004830295,1850,Yes,11.051349401473999
40,1.0,0.1,5,-7.094471634710535,0.0467011027537526,0.5289288768707779,0.04818425715151324,0.5298639362543385,1205.285364271061,4.25538211533871,0.941929570966339,3000,No,16.775099754333496
40,1.0,0.5,1,-7.0859558618107235,0.0392804797766205,0.5242334218664949,-0.010566947288386605,0.5003550037755475,1195.065006714993,5.045571093531046,0.9635231093699089,2270,Yes,12.718082189559937
40,1.0,0.5,2,-7.0652113652227015,0.042197763171252074,0.5292835556590169,-0.046648755071666145,0.5238465631419112,1170.529354508556,5.069202462599273,0.9495487362658327,1500,Yes,9.087410926818848
40,1.0,0.5,3,-7.077107072716845,0.046479887192782704,0.5356292015790262,-0.021841249090101125,0.5231202163616994,1184.5367782512396,5.057047241001218,0.9564765956504956,1150,Yes,7.2146995067596436
40,1.0,0.5,4,-7.0643835147214,0.03697535934711371,0.5259291104037364,-0.0728578044794198,0.5251178324845931,1169.5607321881942,5.060063768848711,0.9476350687225874,3000,No,16.297523021697998
40,1.0,0.5,5,-7.077967302678471,0.04972150928402371,0.5417850137848131,-0.001992221324368493,0.5154262194684982,1185.5561906802334,5.050238012910919,0.9645235359359203,1300,Yes,8.100584745407104
40,1.0,1.0,1,-7.070759423496371,0.02814512117500589,0.5283479125337892,-0.27618662923240656,0.5365910556534039,1177.0415679438904,5.444573855039428,0.7420905268825745,1190,Yes,7.056347131729126
40,1.0,1.0,2,-7.083161634934332,0.03329651566197002,0.5405888357296559,-0.264239104547341,0.5303319471695553,1191.730384968693,5.383642171317371,0.7611790723333577,1430,Yes,8.253150939941406
40,1.0,1.0,3,-7.084611151784272,0.034650977720474874,0.5366256510674852,-0.2121517561716769,0.5249823903761799,1193.4590708192463,5.419230793872727,0.8369472352245672,1820,Yes,10.257226467132568
40,1.0,1.0,4,-7.066530457647505,0.04996801098717521,0.5460984093137522,-0.23125646670286137,0.5401613295782834,1172.0744097243803,5.422252819974783,0.7922331855895799,1660,Yes,9.415929555892944
40,1.0,1.0,5,-7.0763477892162125,0.031965057950393796,0.5129658599593593,-0.27158885137429295,0.5495955746759538,1183.6377203827174,5.418309887331998,0.738687292089082,2380,Yes,12.884007692337036
40,1.0,2.0,1,-6.987830262015534,0.013134464750225259,0.48864009900569205,-0.40261645070863405,0.536521177745796,1083.3682988707756,5.652563282113933,0.46675993138533406,1110,Yes,6.400504112243652
40,1.0,2.0,2,-6.963086766287964,0.016627832469768775,0.48184719272591553,-0.4152029589890095,0.5391188655039476,1056.8909025321316,5.649485673129845,0.4306668144770761,1880,Yes,10.396056890487671
40,1.0,2.0,3,-7.010843237596436,0.023441408035988785,0.5143515719564825,-0.39236605494772486,0.5438692742600224,1108.5889147324804,5.625375021741584,0.4719818805502515,1320,Yes,7.450672149658203
40,1.0,2.0,4,-6.932121089612552,0.013998403648700574,0.5032356491294109,-0.3999720757535467,0.5368873866539177,1024.6650827198366,5.674715548168422,0.4652938087618631,1190,Yes,6.792738437652588
40,1.0,2.0,5,-6.935660852639825,0.01610574185288175,0.4424045459211877,-0.4252642953447097,0.5309984750992515,1028.298581363111,5.688830915383433,0.3998199914942738,2030,Yes,10.8458890914917
40,5.0,0.01,1,-6.968873848167244,0.04284196477182147,0.5093992398223299,0.05603884877439782,0.5405584796318019,1063.02494871706,3.528700756015651,0.9571504040927018,1840,Yes,11.850507020950317
40,5.0,0.01,2,-6.958159777862298,0.04537242673224091,0.5110205521824389,0.060468624662741735,0.5478545309829709,1051.6964203729951,3.538418644227199,0.9546224972419054,1280,Yes,8.437505006790161
40,5.0,0.01,3,-6.974143442981578,0.04368493973814476,0.5051412540002427,0.06263408491351127,0.5402619119671884,1068.641444806801,3.5759498256195172,0.9583211454985773,1140,Yes,7.7258124351501465
40,5.0,0.01,4,-6.9784276079121765,0.03555577312530155,0.49588947429885577,0.050762987402328597,0.529795464207119,1073.2295019874048,3.5692180999244174,0.9555083981371698,1510,Yes,9.825297594070435
40,5.0,0.01,5,-6.964911084128645,0.04716226297976107,0.5086956753487418,0.06430733139387906,0.5470378991002215,1058.8207672693718,3.6255261647486954,0.9557745550702063,1590,Yes,10.079028367996216
40,5.0,0.1,1,-7.156311453350689,0.04707250554693262,0.5293619242437589,0.0624671795036731,0.5473420222378211,1282.1728455963375,4.269468163625835,0.9370887987824017,1250,Yes,7.973738431930542
40,5.0,0.1,2,-7.115736323352479,0.054864437160294315,0.5378107542085189,0.061781663908761775,0.5404412161410548,1231.1898313491915,4.217417257278334,0.9442504384382554,1430,Yes,8.988418817520142
40,5.0,0.1,3,-7.109188653809692,0.05037412706576296,0.5301233977569408,0.06452665324723483,0.5575321472800426,1223.1547414524343,4.238499572273277,0.943453730674657,2550,Yes,14.719517469406128
40,5.0,0.1,4,-7.11884329300145,0.051138284095981305,0.5273458095688333,0.06170052709905764,0.542532108098546,1235.0210494445068,4.20278052591979,0.9379577885078039,1790,Yes,10.72469186782837
40,5.0,0.1,5,-7.106841338837492,0.05040852322338834,0.5215420842925084,0.055013964502308575,0.5331290505959879,1220.2869791020098,4.247339177829032,0.9388840782162762,1690,Yes,10.270474672317505
40,5.0,0.5,1,-7.065282957493286,0.05126408953596258,0.5383313170341761,-0.005930341421153935,0.5202487453979693,1170.6131583626498,5.066198205426035,0.9608228518701064,3000,No,16.809621810913086
40,5.0,0.5,2,-7.083393562327486,0.04705629269789646,0.546893993562597,-0.038339159191203454,0.5240524033039717,1192.0068119444757,5.047354705937953,0.9575172494491664,2370,Yes,13.380673170089722
40,5.0,0.5,3,-7.172570896926389,0.037679595892723704,0.5470471241583847,-0.021193936405505896,0.5206911134465197,1303.1906686503705,4.976459535578695,0.9672362385644541,1220,Yes,7.801931858062744
40,5.0,0.5,4,-7.081437890081777,0.04757881695818942,0.5448598722360108,0.008965252199601722,0.5226934297810221,1189.6779153271677,5.056112468174201,0.964582058683347,1560,Yes,9.449642419815063
40,5.0,0.5,5,-7.076312198791162,0.03628238431619141,0.5434257684463132,-0.04504954757340068,0.526689460085943,1183.5955949627783,5.057046677357051,0.9596027766412173,1110,Yes,7.103524208068848
40,5.0,1.0,1,-7.041934283796215,0.019235532402701355,0.5098045552027288,-0.29548229575882434,0.5400302744854151,1143.5975107835488,5.48675623198545,0.7343098596320056,1160,Yes,6.922934532165527
40,5.0,1.0,2,-7.033665359766706,0.02269286465712398,0.49308412769802584,-0.282239724940285,0.5347708223917003,1134.1801791058379,5.462503660140731,0.7175376797074762,2560,Yes,13.593669414520264
40,5.0,1.0,3,-7.042991660934541,0.016426409687046676,0.503863487689189,-0.28084890840569754,0.5168683515933619,1144.8073641698302,5.503686421999388,0.7634177499814657,1790,Yes,9.953467845916748
40,5.0,1.0,4,-7.088680026978301,0.02764066353617465,0.5073202176499033,-0.2667020023369428,0.5326128994108887,1198.3249995426759,5.366440599865749,0.7605506366421422,1410,Yes,8.201353788375854
40,5.0,1.0,5,-7.028038120151429,0.007723148397167546,0.47021283584151846,-0.2862225067070604,0.4924804863229274,1127.8157992108834,5.5419676312913015,0.7848343923541119,1670,Yes,9.510436773300171
40,5.0,2.0,1,-6.911658287665147,0.009389096975083994,0.5128708707377011,-0.33302323659164956,0.503316033735614,1003.910635340475,5.795285081962697,0.688371387553966,1110,Yes,6.798629999160767
40,5.0,2.0,2,-6.928971868584796,0.006543576572010901,0.5114092699163111,-0.36860929391021785,0.5438259244807059,1021.4432616709511,5.775779719899823,0.6041854714637497,1700,Yes,9.222594738006592
40,5.0,2.0,3,-6.891152393009533,0.012333039214110152,0.514391446973556,-0.3858548278679756,0.5172317606495351,983.5341823139454,5.7011706182764605,0.5045809829082238,1110,Yes,6.488513946533203
40,5.0,2.0,4,-6.900975914356763,0.0097747384036596,0.5192809524290444,-0.3755132079090835,0.5303162740912502,993.243563425191,5.802244542965369,0.607947210050823,2030,Yes,10.650604486465454
40,5.0,2.0,5,-6.911915023468976,-0.005993381024221518,0.5049002945692074,-0.3516975274942915,0.48127988623380646,1004.168408232761,5.818279526306728,0.7258651131380884,1240,Yes,6.95948600769043
40,10.0,0.01,1,-6.980014644732802,0.04842366985069264,0.5223681791314374,0.06087778602660021,0.5532296865496902,1074.934109003309,3.59816641536542,0.9558984278741787,1360,Yes,8.767592430114746
40,10.0,0.01,2,-6.991759139661812,0.047766157146930416,0.49577609669781186,0.06338255004343439,0.5259655885578303,1087.6330928036957,3.5300006147439507,0.9562851786284798,1120,Yes,7.610929727554321
40,10.0,0.01,3,-6.9680632947964725,0.04711793502533559,0.5143082224920397,0.05282088193372397,0.5428110136412536,1062.1636593693102,3.574018418531603,0.9552920414208175,1620,Yes,10.119971752166748
40,10.0,0.01,4,-6.965558820479847,0.038482875157581864,0.502982298537692,0.06023181612591786,0.545906309913837,1059.506826138387,3.537282847007306,0.9616113800785807,1110,Yes,7.561832904815674
40,10.0,0.01,5,-6.998633229295573,0.045163991599802986,0.5033622125601911,0.056917794358134224,0.5429351839097272,1095.1353361769707,3.5723713153842738,0.9550675171763776,1250,Yes,8.279386281967163
40,10.0,0.1,1,-7.085728856528456,0.05178487128851711,0.5351204351833279,0.05973319276671594,0.5381621945809604,1194.7937514351709,4.2509062659943515,0.9334315582317831,1700,Yes,10.252455472946167
40,10.0,0.1,2,-7.106401509593729,0.056962462495598117,0.5294688379292788,0.06389763362069767,0.5313872811018637,1219.750379217629,4.2697540356232615,0.9346850324385617,2180,Yes,12.787638664245605
40,10.0,0.1,3,-7.1251274581581026,0.04870371371963375,0.5275742929106517,0.05345504729421067,0.5387427971351924,1242.8065627957383,4.2598587922479725,0.9439018184140916,1200,Yes,7.764376401901245
40,10.0,0.1,4,-7.09439310133518,0.05439176693686826,0.5352484018750343,0.057844716028615316,0.5333100505226648,1205.190712859835,4.252331759061221,0.9407648446891267,1870,Yes,11.121683597564697
40,10.0,0.1,5,-7.08914645508493,0.054403735655191,0.5399488547556004,0.06528963986694923,0.5597648698895239,1198.884062374513,4.290771299112547,0.9359684549884318,1460,Yes,9.04171085357666
40,10.0,0.5,1,-7.102280746258262,0.03433712324546872,0.5324692617816362,-0.06839877256468527,0.5163539339281208,1214.7344184679725,5.095978809238561,0.9547717102660739,1340,Yes,8.226693630218506
40,10.0,0.5,2,-7.0944431844053435,0.03718426837941001,0.542925156630838,-0.1238748928599865,0.5270648314879495,1205.2510740223906,5.046854143300148,0.9279987766843923,1240,Yes,7.6467883586883545
40,10.0,0.5,3,-7.087001541106249,0.03795455875387518,0.5504941507473977,-0.0994952776389417,0.5386099006336811,1196.31531504616,5.051410565411584,0.9356556985538876,3000,No,16.580765962600708
40,10.0,0.5,4,-7.075415451423741,0.05067522485684394,0.5365341803130409,-0.01644807788882329,0.5413426121427417,1182.534684484338,5.039848543412905,0.9605616453026108,1110,Yes,7.177457809448242
40,10.0,0.5,5,-7.082766100794005,0.031758303690597574,0.5209681832002696,-0.06884750937567477,0.5031434589596462,1191.2591081245569,5.073484721599442,0.9522777819719519,1820,Yes,10.648180723190308
40,10.0,1.0,1,-7.048707800285767,0.01887420935248363,0.49587755692838625,-0.28254152936576904,0.5066078608145718,1151.3699811412548,5.475515093212741,0.7647069260878967,1890,Yes,10.384223461151123
40,10.0,1.0,2,-7.0408130486534,0.011801317280074528,0.4628754326163687,-0.31519710146195357,0.5283716168516586,1142.3159876438706,5.521673953325698,0.6932478179377419,1140,Yes,6.857849836349487
40,10.0,1.0,3,-7.029128848320045,0.01572385341828332,0.47135530624320426,-0.31494325045631,0.5050663650175071,1129.0466107905002,5.535595017362446,0.7158647659566674,2190,Yes,12.016209363937378
40,10.0,1.0,4,-7.034696236204429,0.011422990454757375,0.4550434340927674,-0.29532275929302737,0.5137990992334831,1135.3499815859204,5.54483708063548,0.7393416253768995,2730,Yes,14.61984133720398
40,10.0,1.0,5,-6.975255548270579,0.007593724439894923,0.494128329078893,-0.3230434692688814,0.5103232187216118,1069.8305476908645,5.597803138498064,0.7148988544539867,1120,Yes,6.797367811203003
40,10.0,2.0,1,-6.840756540271125,-0.04866677386788638,0.4519521937436026,-0.43507012689601254,0.46160457890579243,935.1963808889291,6.021719113749701,0.8531503682287477,1170,Yes,6.726714611053467
40,10.0,2.0,2,-6.89400942457808,0.009371598173845776,0.5164947664934454,-0.3610308702812649,0.5125118567622783,986.3481884596166,5.782894425709297,0.6612922116838502,1460,Yes,7.966080188751221
40,10.0,2.0,3,-6.892949284703361,0.009466935368406986,0.5060045501682754,-0.3987635928272046,0.5309449203903692,985.3030754955206,5.7168358730226085,0.5078066596824549,1930,Yes,10.325963497161865
40,10.0,2.0,4,-6.88606854787323,0.01676283033761116,0.528522586548344,-0.41516970729312863,0.5363652574486065,978.5467352908557,5.705428825767831,0.4438547565625648,1980,Yes,10.493534088134766
40,10.0,2.0,5,-6.890438757704467,0.005487518850725528,0.5085211016021584,-0.336942597405712,0.5352550820390922,982.8325479829984,5.768271384127881,0.6827083082490332,1600,Yes,9.117453336715698
40,20.0,0.01,1,-6.960174291427268,0.0456572809508134,0.5033604063061461,0.04833153087355274,0.5175786478083864,1053.8172125431365,3.5617162422073294,0.9572938192394853,1430,Yes,9.257547855377197
40,20.0,0.01,2,-6.955893194975825,0.03622727347668378,0.48186286059730493,0.05616168413474347,0.5254486553149029,1049.3153627164506,3.5357313527791354,0.9646193077003654,1240,Yes,8.334280014038086
40,20.0,0.01,3,-6.988719174080708,0.028703760009366613,0.5007950060949453,0.023761932616169316,0.5185067235958398,1084.3317461691918,3.564730994825833,0.9607254485630308,1110,Yes,7.596038103103638
40,20.0,0.01,4,-6.975404569976378,0.037811378111378496,0.4904104419348849,0.04764974247957029,0.5142900751348805,1069.989987543702,3.5787252341143843,0.9550343305518714,1720,Yes,10.704023599624634
40,20.0,0.01,5,-6.988982702853318,0.04086963707183043,0.5004198225450192,0.05503456562330078,0.5285463138752756,1084.6175364386875,3.5669279689506865,0.9571111644744038,1410,Yes,9.133015871047974
40,20.0,0.1,1,-7.117685481262982,0.053455189562213096,0.521388726254175,0.061501052894546104,0.5287877918257664,1233.591955046985,4.230684537641817,0.9402885271968181,1350,Yes,8.598626613616943
40,20.0,0.1,2,-7.083599252318299,0.05570989571363551,0.5243872621844612,0.06795331341762065,0.5320570092664625,1192.2520210323366,4.342066981364322,0.9286919962918136,1250,Yes,7.960903167724609
40,20.0,0.1,3,-7.0949198051039515,0.05455045919667216,0.5412786500860299,0.06311046661911657,0.5448067822579369,1205.8256585498516,4.270987325727263,0.9360534376151656,2860,Yes,16.314292192459106
40,20.0,0.1,4,-7.092626189243358,0.04477382055872271,0.5253064642108194,0.05366689077622726,0.5387037066301957,1203.0631269984465,4.294599175639852,0.9297331782496544,1450,Yes,8.921231269836426
40,20.0,0.1,5,-7.126707063682268,0.05467990423325409,0.5345117216869089,0.06944427219542589,0.5507413577476858,1244.7712582211552,4.243690160536547,0.9424015059945308,1960,Yes,11.580379247665405
40,20.0,0.5,1,-7.065420935770181,0.04035245259445889,0.5346707837487696,-0.052153460872083814,0.4748179790468733,1170.7746886927328,5.134120817765714,0.9612301036096116,1200,Yes,7.692151784896851
40,20.0,0.5,2,-7.059023787739133,0.025843301632708933,0.5306440595021626,-0.10627253838426828,0.48321308656809003,1163.3089747968827,5.149206678136302,0.9499702745117777,1140,Yes,7.200091123580933
40,20.0,0.5,3,-7.084404461541954,0.04087289563056044,0.5314682745919341,-0.10755164494037173,0.49950726603154266,1193.2124199657426,5.1160409829145514,0.941659367149326,3000,No,16.33243751525879
40,20.0,0.5,4,-7.082553749449715,0.028538709609751058,0.526808940722694,-0.08657345773851124,0.5051591740207456,1191.0061695084269,5.187385043504455,0.9632355770351482,1460,Yes,8.966030359268188
40,20.0,0.5,5,-7.077502798169156,0.026204336458254977,0.5222977176782216,-0.14482278190811165,0.48241287186993065,1185.005622364248,5.1640142399457325,0.9341001994793563,1860,Yes,10.956846475601196
40,20.0,1.0,1,-7.01683318048371,0.003489025273527665,0.4864314223533702,-0.21215045837106974,0.48106240268938016,1115.2492265468863,5.617500680649566,0.8990231499686479,1290,Yes,7.6537864208221436
40,20.0,1.0,2,-7.019730434937448,0.017503678869023,0.480452420781078,-0.3063848422381219,0.5092978410706482,1118.485072606735,5.518845576921025,0.7171509746284886,2850,Yes,15.25986123085022
40,20.0,1.0,3,-7.014183919709628,0.0006586730289830678,0.5082071713381835,-0.333966674219694,0.48908635160978664,1112.2985507982257,5.610458303364339,0.7532196657671911,1320,Yes,7.744536638259888
40,20.0,1.0,4,-7.015606166863624,0.006974601553947851,0.5070711878670957,-0.3056787783500945,0.508040077280131,1113.881639751518,5.512126773071509,0.7419806198079217,1490,Yes,8.587417364120483
40,20.0,1.0,5,-7.0457023721602825,0.00898200504776803,0.45839522980037173,-0.281621818449424,0.5100301987185272,1147.9148161428861,5.52470159660217,0.7625248583605709,2740,Yes,15.117346048355103
40,20.0,2.0,1,-6.803208583331046,-0.16303077759246132,0.4098097999984177,-0.47689619383679505,0.4832241980007169,900.7327361232792,6.492319303469065,0.7291347812744494,1170,Yes,6.761446237564087
40,20.0,2.0,2,-6.756162136322293,-0.19558598692094886,0.4223481490664418,-0.5018207527766385,0.5152374982577977,859.3378375333021,6.4816987099699,0.4211902150416019,1310,Yes,7.320906400680542
40,20.0,2.0,3,-6.805898873789283,-0.0072536189495039025,0.4559209893506565,-0.46992532584901864,0.506975457535078,903.159231333636,5.872341831941316,0.8059302106501367,1360,Yes,7.792152166366577
40,20.0,2.0,4,-6.812495362965027,-0.09553937481121433,0.3991209605107656,-0.4902146662414932,0.5088298122396215,909.1366045913275,6.440209452202682,0.4977125503882317,1180,Yes,6.674213409423828
40,20.0,2.0,5,-6.730674127130903,-0.1759961198951848,0.38580118820019366,-0.509415573090674,0.5190929698801009,837.7117999011294,6.485368549385531,0.3475007689568644,1500,Yes,8.042482376098633
60,0.05,0.01,1,-6.98397878689133,0.039649385349980325,0.5073005006560499,0.048584414921841,0.5328016937886412,1079.203757778551,3.370809273394975,0.9668299700965338,2040,Yes,15.346290826797485
60,0.05,0.01,2,-7.003269117586398,0.0396721942327778,0.49923259498906314,0.05212797181243851,0.528897405137664,1100.224047493777,3.4017626619074752,0.9652466437703678,1820,Yes,14.054436206817627
60,0.05,0.01,3,-6.976230799571195,0.042280981964359164,0.5168041201938184,0.05508168017582108,0.5443470529360915,1070.8744102553649,3.39528559083176,0.9673911282440099,1370,Yes,11.086313962936401
60,0.05,0.01,4,-6.998015358097104,0.04273202479402972,0.5041027280147797,0.0541661748410195,0.5419191165457415,1094.4588925933451,3.3833837664881674,0.9657129950212089,1160,Yes,9.967994451522827
60,0.05,0.01,5,-6.971171195648606,0.04706310397873292,0.5054957505386312,0.05115118211521893,0.5316257440789435,1065.4698937744756,3.3409524899205367,0.9671597766167002,2820,Yes,20.340640783309937
60,0.05,0.1,1,-7.079357691762702,0.05342906486567432,0.5399629894678387,0.04632765641648386,0.5324786384895422,1187.2057215456157,4.200865356551243,0.9548871367284427,1200,Yes,9.879169225692749
60,0.05,0.1,2,-7.113592795308947,0.052072858234214606,0.5454051465164905,0.048906974985564615,0.5289886125582829,1228.553567880527,4.2004114839108695,0.9529243316684637,1550,Yes,11.872371196746826
60,0.05,0.1,3,-7.116154267278956,0.05097977742653412,0.5319059943688307,0.04526751376520421,0.5257343648505045,1231.704507206877,4.182595557589738,0.9526170745922078,1630,Yes,12.496554136276245
60,0.05,0.1,4,-7.139811291341836,0.04958256576743538,0.5459004511207303,0.052485257126438985,0.540768814638563,1261.1903690985496,4.186348041643787,0.9534401456104925,1720,Yes,13.004141330718994
60,0.05,0.1,5,-7.090390694115491,0.05291402025120103,0.5291423265988325,0.05006241781755861,0.5298647754155605,1200.376689117697,4.171420522713924,0.9548942647418162,2170,Yes,15.734139680862427
60,0.05,0.5,1,-7.090148596901901,0.04631728593221825,0.5334625351756045,-0.15777043691457665,0.5339449222776123,1200.0861164408411,5.057792840686916,0.8812784447031774,1390,Yes,10.22668719291687
60,0.05,0.5,2,-7.077672603076555,0.043230160698782466,0.534123633781943,-0.12649959984389914,0.5322998925014502,1185.20685921924,5.091238374661934,0.9183911938008972,1380,Yes,10.184404850006104
60,0.05,0.5,3,-7.073005314737007,0.04183795840371434,0.5318600648150559,-0.1130054242964635,0.5231051601257476,1179.6880460297673,5.10571881998387,0.9253880588675266,1480,Yes,10.868259191513062
60,0.05,0.5,4,-7.068576303739874,0.05158747840071507,0.545411325890374,-0.15315238664730665,0.5303669406402703,1174.4747480997084,5.10264150940799,0.8907887474814762,2480,Yes,16.825905084609985
60,0.05,0.5,5,-7.062228813059287,0.052829358738628575,0.5411312163288045,-0.1256213552362638,0.532883054090355,1167.043390768423,5.088116405349088,0.9109973314818248,1110,Yes,8.553313493728638
60,0.05,1.0,1,-7.048534372432229,0.027867953064843964,0.4921500313908299,-0.3868422089006529,0.5407169854649921,1151.170318830801,5.455254639554397,0.4883658345827342,1590,Yes,10.684967041015625
60,0.05,1.0,2,-7.061597284267809,0.03284897642836172,0.5260469564867292,-0.34487104576668215,0.5373580173363128,1166.3066019424152,5.407500377027631,0.5899718445097745,2320,Yes,14.9956955909729
60,0.05,1.0,3,-7.062768454498799,0.028354833029279422,0.49622293464755407,-0.3904891634784871,0.54531397132231,1167.6733457033965,5.453680181724645,0.48164382403056044,1130,Yes,7.977622985839844
60,0.05,1.0,4,-7.084969047449726,0.035498961153186716,0.5375873006460443,-0.3230118687891718,0.5549838741339526,1193.8862810913813,5.398257465581437,0.6532624284522084,3000,No,18.671836614608765
60,0.05,1.0,5,-7.054580781318594,0.02884335643890154,0.5217947558702823,-0.3635875520164029,0.5549838306180483,1158.151850604337,5.442398075360178,0.551814705088581,1260,Yes,8.758180379867554
60,0.05,2.0,1,-6.950887980726126,0.018590589152905977,0.4524085556473579,-0.4498644807856723,0.5569376234818002,1044.076436422026,5.68861692498024,0.2923961085095181,1190,Yes,8.121358394622803
60,0.05,2.0,2,-6.937545636046039,0.013110548386338695,0.5175289805612929,-0.46173479122916394,0.5439266139510931,1030.2385290822422,5.684478296378186,0.3022899283961949,1490,Yes,9.61614465713501
60,0.05,2.0,3,-6.983264992016215,0.01717836172781,0.5219548732856775,-0.4565826202039221,0.5423345357717574,1078.4337025304837,5.645789050205549,0.30381401146108394,1570,Yes,10.36096453666687
60,0.05,2.0,4,-6.963945692902142,0.02266750192071822,0.49893465974129736,-0.4511044367117834,0.548061879668971,1057.7990842314798,5.668773886181955,0.3211504584156203,3000,No,18.35308027267456
60,0.05,2.0,5,-7.005637979871943,0.020010603337764287,0.5241450753597727,-0.42457085272998446,0.5593443059150608,1102.8334161428177,5.658796275982193,0.3716755299235256,1600,Yes,10.720102071762085
60,0.1,0.01,1,-7.024990589812436,0.04158835366885306,0.4977341193253253,0.049348100328635486,0.529279506621339,1124.3839782912473,3.340598402918387,0.9644323743994602,1220,Yes,10.417556524276733
60,0.1,0.01,2,-7.013759507803591,0.042789487736766094,0.5098859561647542,0.062394098953321146,0.5565042535029974,1111.826578212676,3.3987687824897885,0.9664640945657482,1230,Yes,10.449549198150635
60,0.1,0.01,3,-7.006532637170351,0.04143636333607698,0.5083053503835404,0.05871217826970949,0.5528054909936574,1103.8205155995247,3.3668101988881496,0.9665246051580926,1150,Yes,9.85657525062561
60,0.1,0.01,4,-6.984328418195607,0.04036312654650463,0.509122161425327,0.047360444197934594,0.5307150944719008,1079.5811471656905,3.371646190453799,0.967125057240809,1560,Yes,13.451512813568115
60,0.1,0.01,5,-6.980267446263645,0.042126258237927434,0.5086073380521317,0.05700584862210488,0.5433922289296295,1075.2058883432896,3.3821345697386143,0.9674939871534112,2200,Yes,16.647766828536987
60,0.1,0.1,1,-7.139696294009257,0.04717316768775421,0.5232198644506586,0.04659530132876274,0.5311882708089174,1261.0453439091434,4.227914935603595,0.952431622450682,1880,Yes,13.875067949295044
60,0.1,0.1,2,-7.101210541995422,0.050638465662046724,0.5332221944789389,0.046161955670496295,0.5365504352930682,1213.4350999072542,4.221984758088216,0.9537045147566929,1760,Yes,13.2428560256958
60,0.1,0.1,3,-7.076390194265617,0.04487282554843241,0.5257755474980804,0.03959066449095197,0.5195383673934402,1183.6879136629439,4.228157766355077,0.9507630194519815,3000,No,20.801674365997314
60,0.1,0.1,4,-7.06598449710644,0.05195244303208954,0.5370250767003132,0.05014617005146628,0.527038471885517,1171.4346779955094,4.233177171561911,0.953551477285442,1410,Yes,11.031857013702393
60,0.1,0.1,5,-7.121870990070049,0.04687255944524081,0.5181260182944198,0.04092235244381433,0.5273359135422694,1238.7659854606652,4.180405907191474,0.9575960455728318,1120,Yes,9.249648571014404
60,0.1,0.5,1,-7.0881317771271135,0.042244802359286376,0.5418348472211388,-0.11459306444868964,0.5161106054673937,1197.6681981021004,5.098481045686928,0.9322845070226266,1330,Yes,10.021238803863525
60,0.1,0.5,2,-7.066501944292217,0.05218551714620962,0.5357997991340616,-0.11118857218722115,0.5335619778332961,1172.0409904267617,5.114544907627074,0.9197685065772573,2150,Yes,14.963324308395386
60,0.1,0.5,3,-7.061130240441733,0.05249772042504723,0.5546768343264162,-0.1298218642088114,0.548665679015731,1165.7620128280569,5.0937634979120405,0.8991190439102432,1550,Yes,12.503717422485352
60,0.1,0.5,4,-7.078122028950381,0.03983978867896767,0.5256279908187678,-0.16718413652711883,0.5230827852814045,1185.739641561727,5.067187801735167,0.8738397354102438,1210,Yes,9.07005500793457
60,0.1,0.5,5,-7.0701763272659415,0.05369291288923145,0.5477705474186895,-0.13450237995116834,0.5354777061523257,1176.355439501458,5.08637058347175,0.9022198423124206,1980,Yes,13.791091680526733
60,0.1,1.0,1,-7.083357128381947,0.03051490687759827,0.516608120252248,-0.28101695568056473,0.5342601834153775,1191.9633832243521,5.487155246386313,0.7290558132676375,1340,Yes,9.45075249671936
60,0.1,1.0,2,-7.085284460064729,0.0223065936894895,0.4948269371291751,-0.32433392740484035,0.5345329050810663,1194.2629072785196,5.407957783755541,0.6711352439373016,1290,Yes,9.08661675453186
60,0.1,1.0,3,-7.0983921079199375,0.03353671283892387,0.5237992494650591,-0.31795200483371244,0.5363365105053064,1210.0199280523727,5.398337764292011,0.6525717622047985,1160,Yes,8.255438089370728
60,0.1,1.0,4,-7.087358541841653,0.028838803375805883,0.5257054560802994,-0.35673816372737277,0.5541108740366342,1196.7424767373898,5.3662957555439625,0.5523339937692151,1320,Yes,9.146543264389038
60,0.1,1.0,5,-7.070997932593911,0.021244676457094835,0.4904953873726103,-0.3629070208326689,0.5398199013960262,1177.3223365476294,5.446308224106238,0.5650970843668564,1560,Yes,10.553320407867432
60,0.1,2.0,1,-6.98557650584452,0.023032643454553213,0.4955306141218998,-0.4587453293357219,0.5432625879871783,1080.9294002554652,5.654615673236849,0.31074886459311996,1280,Yes,8.4512939453125
60,0.1,2.0,2,-6.936099099105965,0.016319532158803274,0.4802650465020806,-0.45324005416094354,0.5491431300265326,1028.7493283444517,5.693284097144581,0.3139544831669685,2040,Yes,12.79146695137024
60,0.1,2.0,3,-6.993969538657213,0.015330206354341493,0.4999387571757073,-0.46793677151759877,0.538710821266276,1090.0398548716967,5.612317141570585,0.27866713414782174,1450,Yes,9.618046998977661
60,0.1,2.0,4,-6.946919390861296,0.01481087403716108,0.5016869610364235,-0.4520200843884801,0.5449235725481173,1039.9411363408071,5.667465282270684,0.32368359728039875,2880,Yes,17.639151096343994
60,0.1,2.0,5,-6.965458281554384,0.014373368953207242,0.5181874081724351,-0.4628751105734588,0.5440291412888894,1059.4003098151743,5.660200410823692,0.3040253837307603,2290,Yes,14.790462017059326
60,0.5,0.01,1,-6.991847043517278,0.043258244804065336,0.5092435825253232,0.04841177675448158,0.5334330488709498,1087.7287041481268,3.30831107567739,0.9655926335896577,1560,Yes,12.823858976364136
60,0.5,0.01,2,-7.0264296223116,0.04023825839476576,0.49875364241174674,0.04893043323694105,0.5306751494144043,1126.0031681315286,3.33898531664963,0.9692462676916499,1310,Yes,10.91248893737793
60,0.5,0.01,3,-7.018545798924573,0.03778479736724295,0.49750580796696275,0.052315737928488204,0.5334225965212755,1117.1608594200397,3.3753820717013583,0.9642333561661632,1210,Yes,10.013115882873535
60,0.5,0.01,4,-6.957727298094319,0.04306776472014878,0.506478198913726,0.04880742663979947,0.5356907666074301,1051.2416812889423,3.362684546913282,0.9667701566926987,2700,Yes,19.687909841537476
60,0.5,0.01,5,-7.01956689339633,0.03216367784814041,0.49952793376380755,0.03905559011214309,0.5291519820746861,1118.3021687908376,3.3558903284195147,0.9667681448888941,1440,Yes,11.776040315628052
60,0.5,0.1,1,-7.099155103533329,0.058281283879232836,0.539646388461998,0.06084720209167724,0.5423241441957991,1210.9435202531854,4.190302727802918,0.9547691229201676,3000,No,20.945478439331055
60,0.5,0.1,2,-7.114396919625912,0.04964678136811562,0.5436275528967316,0.046107083763416164,0.535540200302775,1229.5418749867868,4.176548255888183,0.9569600396591899,2520,Yes,17.87436604499817
60,0.5,0.1,3,-7.115597982345265,0.0498728231795513,0.5303923958505418,0.0494990915627107,0.525488715329203,1231.0195190887073,4.145763605757424,0.957646110969791,3000,No,20.80862331390381
60,0.5,0.1,4,-7.125833243775309,0.043458041494245425,0.5199740381219589,0.04467559079139513,0.523434864874315,1243.6840274072565,4.169345268814188,0.9564756542337679,1970,Yes,14.493661165237427
60,0.5,0.1,5,-7.104519824113173,0.05376092634056457,0.5459269659850919,0.05508108698774386,0.5511572224135756,1217.4573506949762,4.159820155016141,0.9541160229744676,1600,Yes,12.208116292953491
60,0.5,0.5,1,-7.074481522313623,0.044881277348145045,0.5391600404738331,-0.12986741357614323,0.5450009167544018,1181.4307964755837,5.0882426400142045,0.9021637840670118,1370,Yes,10.27351713180542
60,0.5,0.5,2,-7.108390092677441,0.04548217963613168,0.5352685304038651,-0.09339383408518057,0.5318209486547686,1222.1783675162055,5.036252815755726,0.9385650630909814,1170,Yes,8.977904558181763
60,0.5,0.5,3,-7.0799659723116655,0.04540597676178374,0.541162521721588,-0.17614581976866256,0.5405153775056016,1187.928095374351,5.068687046454898,0.8600351517670757,1430,Yes,10.363093614578247
60,0.5,0.5,4,-7.077916323899369,0.039023215265850605,0.5458488364547776,-0.13502449196237132,0.5173543026894221,1185.4957540135824,5.088052108687972,0.9196340422296511,1660,Yes,11.685126781463623
60,0.5,0.5,5,-7.074827719113995,0.04507132733785264,0.5376575778921767,-0.12788732209992906,0.5350791051595238,1181.8398748439097,5.078534942352843,0.9082569021535426,2150,Yes,14.782472133636475
60,0.5,1.0,1,-7.098689424688147,0.0348595982712141,0.5402033015535457,-0.2897646685658845,0.5405403120427456,1210.3797407533748,5.387421768276708,0.7159226789921453,1760,Yes,12.171301126480103
60,0.5,1.0,2,-7.080261382608814,0.042828570372111345,0.551267251826151,-0.311901359913878,0.5622690780523337,1188.2790734047064,5.398798029781208,0.6513086786118415,1190,Yes,8.598500967025757
60,0.5,1.0,3,-7.073548970665972,0.028729939996949935,0.5402404241327707,-0.3071005036428151,0.5388794994753975,1180.3295647972604,5.445656941690131,0.7023173152539265,1200,Yes,8.781290292739868
60,0.5,1.0,4,-7.094405258532307,0.03138889546727918,0.5376818175346759,-0.2898939311889387,0.5494829722544339,1205.2053646899685,5.441894355994767,0.7071720216161953,1340,Yes,9.539899587631226
60,0.5,1.0,5,-7.066372201002127,0.037435890244121986,0.539503440133749,-0.32830167164332974,0.5510855915110434,1171.888935836789,5.422455900824076,0.6170508164916804,1110,Yes,8.042699337005615
60,0.5,2.0,1,-6.910892064828677,0.011845852757275423,0.5135329023097258,-0.47007057276968284,0.5409178377573124,1003.1417107073285,5.677946254706293,0.2783860016141037,2170,Yes,13.701314926147461
60,0.5,2.0,2,-6.898237352683445,0.011044021512035667,0.5101261255693477,-0.44647638542691276,0.520928925951865,990.5272257968332,5.710268386839912,0.3760267710554807,1170,Yes,8.032608270645142
60,0.5,2.0,3,-6.979789674524212,0.01153103072024535,0.515554372483221,-0.476395256422072,0.5478137217366076,1074.6923080526108,5.659033203123632,0.22863628717567475,1200,Yes,8.00452733039856
60,0.5,2.0,4,-6.967033391003024,0.02263970091625277,0.5099912938667758,-0.4500294151738255,0.5508318670861342,1061.0702961133898,5.652950931020479,0.30152023264875794,1390,Yes,8.83336877822876
60,0.5,2.0,5,-6.981744243806035,0.021726789921294946,0.49858462231928735,-0.4102083798638304,0.5429988610481853,1076.7949228090572,5.749129651987106,0.4402256510828401,1640,Yes,11.054574966430664
60,1.0,0.01,1,-7.026090867576517,0.04537347018478433,0.49516443088257733,0.05913968382514483,0.5406685894445504,1125.621793826429,3.347497919806393,0.9638536665590505,1320,Yes,10.889245510101318
60,1.0,0.01,2,-6.972785005405177,0.03570385178803176,0.5120221471738207,0.04185462693480078,0.5324753905423184,1067.1907476763097,3.3371731354100485,0.9705295407169038,1440,Yes,11.621061086654663
60,1.0,0.01,3,-6.957441592297586,0.04585650072775484,0.5118675475215687,0.05802377251567121,0.548147591054771,1050.941378348019,3.390171828321503,0.9669644334153652,3000,No,21.700145483016968
60,1.0,0.01,4,-6.998089238460314,0.04402546981459959,0.5152768787841239,0.057591863137927635,0.5497516226203819,1094.5397546008692,3.322840968403107,0.967098370467456,2140,Yes,16.213536024093628
60,1.0,0.01,5,-6.9940853124469955,0.04190028062433503,0.5030049038665461,0.05480640130316325,0.5395976216867127,1090.1660602222041,3.349766160431421,0.9666293677840048,1850,Yes,14.671867609024048
60,1.0,0.1,1,-7.094585094835979,0.04498680433399364,0.538767159764043,0.04200248966679664,0.5244748050469652,1205.4221238579205,4.162701833568269,0.9540276434491444,1950,Yes,14.280310153961182
60,1.0,0.1,2,-7.106553311547231,0.051149317268825926,0.5261423067917724,0.05502520566117756,0.5328270950846982,1219.9355537625518,4.152876869864897,0.955390222688911,2530,Yes,17.941519737243652
60,1.0,0.1,3,-7.121552232945814,0.04929667874841793,0.5284237028731136,0.054976817176251074,0.5360279003847438,1238.3711829039457,4.15229891218986,0.9544893501172375,1610,Yes,12.258870363235474
60,1.0,0.1,4,-7.115942941877161,0.046354393986447286,0.5264841302675972,0.05159142185707792,0.5262228551227359,1231.4442442580528,4.152188777319008,0.9569202762153636,2000,Yes,14.694108009338379
60,1.0,0.1,5,-7.076378467171752,0.049371793830461544,0.5268660041209513,0.051144486147903595,0.5278441351893514,1183.6740325250664,4.198842388685734,0.9557867370317501,1980,Yes,14.538161277770996
60,1.0,0.5,1,-7.076525364405235,0.048244347661687975,0.542951671000514,-0.2047080660778763,0.5419266020862447,1183.8479237375464,5.058510402285475,0.8237971291820919,1960,Yes,13.540981531143188
60,1.0,0.5,2,-7.084745262403367,0.03916847969399634,0.5334390595807835,-0.15766060594394712,0.512176880733773,1193.619137087152,5.0500897532954205,0.8973108813757608,1130,Yes,8.728196144104004
60,1.0,0.5,3,-7.067354370750234,0.049264877619243676,0.5484693903885991,-0.10376210247621089,0.5355785873638901,1173.0404951184819,5.056949061219088,0.9323436582090598,1130,Yes,8.92621111869812
60,1.0,0.5,4,-7.074746377614438,0.052326792550760386,0.5488524275739294,-0.11145496738259318,0.5380482852738434,1181.7437461259333,5.068968692445124,0.9177937782825543,1350,Yes,9.76016902923584
60,1.0,0.5,5,-7.083721786353459,0.04631157240759509,0.5457050583444233,-0.1503715971327254,0.5231045582595434,1192.3981214343548,5.052657474322521,0.8949977173993142,1320,Yes,9.963923215866089
60,1.0,1.0,1,-7.072054413108653,0.028401196086075126,0.5246432138676637,-0.3837505440316998,0.5410359262291361,1178.5668119220027,5.394340446853076,0.5144034446517314,2030,Yes,13.169799327850342
60,1.0,1.0,2,-7.071162480322496,0.03262211208165739,0.5266881267868391,-0.36111844551010613,0.5433582204966492,1177.5160782033583,5.401455795591158,0.5714768024378849,1250,Yes,8.828405618667603
60,1.0,1.0,3,-7.093373210480263,0.039834901384060026,0.5657844910441694,-0.3500862369449462,0.563026088229903,1203.9621764663657,5.362316271712399,0.5717814015198149,1250,Yes,8.767343282699585
60,1.0,1.0,4,-7.088160323514187,0.025399985356431603,0.5281902430308024,-0.37923778954060045,0.5353355170564545,1197.7023876900616,5.416203876944539,0.5450031142618871,1120,Yes,7.785358905792236
60,1.0,1.0,5,-7.070719784223696,0.02590247290630398,0.4706066450605352,-0.3576550180088802,0.5340839425691148,1176.994911796943,5.4159208964774495,0.5847885186748646,1580,Yes,10.829605340957642
60,1.0,2.0,1,-6.910983011870484,0.012852527930779267,0.5179883149898868,-0.46312519380750483,0.5491053167878509,1003.2329476272315,5.664356708337544,0.2938536634024043,1210,Yes,7.934821367263794
60,1.0,2.0,2,-6.9810157341483245,0.00295293547480031,0.4783632077425319,-0.4256909248679121,0.5251654538408307,1076.0107529807456,5.666392080560349,0.4460521771610742,1110,Yes,7.5832531452178955
60,1.0,2.0,3,-6.947039586735879,0.011516573285591797,0.5169407070066816,-0.41979281281957154,0.5401303743007583,1040.0661404875455,5.68032806082944,0.4240809048281285,1110,Yes,7.348513603210449
60,1.0,2.0,4,-6.929389263850812,0.006252151452465556,0.4979130775228384,-0.42359453439289313,0.5300392683747644,1021.8696962425712,5.719496306669835,0.4237994447201316,1890,Yes,12.414540767669678
60,1.0,2.0,5,-6.922939125017113,0.006848660750862957,0.48345748964492385,-0.47130501126034235,0.544029761242406,1015.2997062838401,5.6962573380269,0.27170501386299234,2000,Yes,12.922607898712158
60,5.0,0.01,1,-6.96335403569438,0.04036220910378651,0.4937695713166582,0.048732449210399334,0.5259612524044189,1057.1734148880703,3.3569570395477357,0.9639835230802216,1740,Yes,13.492180824279785
60,5.0,0.01,2,-7.002735111193586,0.04269634150440587,0.49761872954297487,0.05598130672020072,0.5325439550258111,1099.6366776624707,3.288936881185935,0.9683851709004543,1110,Yes,9.89854097366333
60,5.0,0.01,3,-7.023073011159407,0.041453701455865286,0.5006412267694197,0.05354122680986739,0.5344328008074716,1122.229949496535,3.342470506572769,0.9644534170484076,1520,Yes,12.203542232513428
60,5.0,0.01,4,-7.0070265898149815,0.040470342414947014,0.5070849019170116,0.04995167630936322,0.5306748977261226,1104.3658853447275,3.363818402790882,0.966577149563316,1180,Yes,10.043926000595093
60,5.0,0.01,5,-7.015028307743385,0.051468566665167755,0.5123056076132697,0.0658225818404927,0.5460819625956075,1113.238159025629,3.357621865556029,0.9651234553944797,1330,Yes,10.949864625930786
60,5.0,0.1,1,-7.1073964958305424,0.04697027635556466,0.5272596215983819,0.047530188974872094,0.5171235755153831,1220.9646180325788,4.146943576758756,0.9531568330223968,2910,Yes,20.195629358291626
60,5.0,0.1,2,-7.1168741707436345,0.04635242186240249,0.5329578739572933,0.041895466577525915,0.520718496379808,1232.5915347978837,4.12495853901054,0.9577108478328898,2130,Yes,15.52945876121521
60,5.0,0.1,3,-7.117985365986867,0.05131681429698895,0.5203348210078663,0.05073845309794545,0.5299627356273428,1233.9619459043406,4.136180493174504,0.9546356994073544,1730,Yes,13.066662788391113
60,5.0,0.1,4,-7.119862204273459,0.04255762315049425,0.5347943918674632,0.035731016680603724,0.5336114086437912,1236.2800676179347,4.172667577906442,0.9576498844102945,1460,Yes,11.53799057006836
60,5.0,0.1,5,-7.1345506239591,0.04858978655527801,0.5259277390480337,0.043539288090852855,0.5266028443105395,1254.5730869814015,4.16802586281107,0.9508219196061704,1330,Yes,10.667301416397095
60,5.0,0.5,1,-7.094130778418135,0.04783654017440544,0.5420959430633071,-0.18512194621631872,0.5264265421779643,1204.874605179399,5.064243724736739,0.8627708256862446,1400,Yes,10.423595905303955
60,5.0,0.5,2,-7.085043701226759,0.044244206931419526,0.5359857882667969,-0.23131711033593347,0.5326033680904309,1193.975412538571,5.091070946477532,0.8020777741110975,2350,Yes,15.772891998291016
60,5.0,0.5,3,-7.101595911426898,0.04201358497779674,0.5399770308141326,-0.1789021202574092,0.5059754423850424,1213.902810816794,5.052919538443752,0.8833242012176112,1340,Yes,10.10680103302002
60,5.0,0.5,4,-7.088576205025894,0.051136067817258546,0.5548460376703841,-0.20524718104223966,0.542793086281675,1198.2005935597533,5.057274340449099,0.8275368545668946,2920,Yes,19.34782862663269
60,5.0,0.5,5,-7.075010078867224,0.04893265890710053,0.5385219734371727,-0.1958092628973554,0.534695943414183,1182.0554145241263,5.072035111558627,0.8424277298429262,1830,Yes,12.959526062011719
60,5.0,1.0,1,-7.030339709756231,0.01745343389115589,0.4657199172508272,-0.3849239235883785,0.5286396170735211,1130.4145578211771,5.540527694866351,0.5530273458120168,1630,Yes,10.807465553283691
60,5.0,1.0,2,-7.029160460557724,0.019961189544812057,0.47164621675975177,-0.32717228486985195,0.5171409896833726,1129.0823030444633,5.531872933635083,0.6729838709240326,1780,Yes,12.083856582641602
60,5.0,1.0,3,-7.00558169092448,0.007456232121899722,0.4772418865771724,-0.38227486297735885,0.5169645478624546,1102.771340557697,5.591582062942499,0.564616510769572,1750,Yes,11.67801284790039
60,5.0,1.0,4,-7.044381606633559,0.013644543117562894,0.4926391158434967,-0.3811633878426097,0.5437876781034331,1146.3996906091477,5.482116322003144,0.5441792944991944,2470,Yes,15.862296104431152
60,5.0,1.0,5,-7.057904439521539,0.019712167137529157,0.4725063223009813,-0.37953115436204843,0.5326575676580435,1162.0075554760142,5.493564952169798,0.5237523729529889,1200,Yes,8.35887598991394
60,5.0,2.0,1,-6.891999050424662,-0.021404391036801904,0.4598585372936785,-0.42653902945356487,0.43955438462437285,984.3672514347443,5.901730103660579,0.9395152567237983,1200,Yes,7.874010801315308
60,5.0,2.0,2,-6.842769108356093,-0.016409157178477015,0.4586859069044122,-0.441272145547915,0.4578007368381768,937.0804225233843,5.899405950369906,0.883332030212967,1310,Yes,9.361090183258057
60,5.0,2.0,3,-6.888822413982931,-0.0025839311705188415,0.5112993192051599,-0.43562147796083484,0.5177172774195683,981.2452359312593,5.782300565615482,0.471173415408677,1490,Yes,9.32222032546997
60,5.0,2.0,4,-6.893921795954415,0.007257817521420773,0.5231752048268297,-0.413603990434286,0.5350085985599655,986.2617599122702,5.780715341641114,0.476423337788188,1440,Yes,9.314457416534424
60,5.0,2.0,5,-6.888995431202575,0.00046845970015305745,0.5097389745348793,-0.42784358006410866,0.518891632225307,981.4150229413843,5.780641418010293,0.47248064711260224,1500,Yes,10.094213485717773
60,10.0,0.01,1,-6.992782248048195,0.035953586166670444,0.5077959620277896,0.05431452111158671,0.5491404309444686,1088.7464287768214,3.289876845070395,0.9684366113541988,1170,Yes,9.987173080444336
60,10.0,0.01,2,-6.977155107868158,0.04035442151777024,0.5083298981401589,0.04614516613358577,0.5369999545593664,1071.8646859472847,3.344927222452471,0.9685785174380672,1730,Yes,13.572714805603027
60,10.0,0.01,3,-6.989774436561781,0.042589801942807363,0.4923145530805984,0.05373150675433887,0.5281516046230753,1085.4766047348653,3.339158342666247,0.9675717340738506,1630,Yes,12.830678462982178
60,10.0,0.01,4,-7.013820655080817,0.03469791733670979,0.4986846053440389,0.03790041275194385,0.524994188881426,1111.894565459278,3.3050157010669547,0.9674718612368225,1240,Yes,10.612504959106445
60,10.0,0.01,5,-6.976450040513803,0.04032675642044164,0.5183151187508706,0.05261703909373472,0.5536245616370103,1071.1092155090055,3.3464532758298953,0.9682672581718804,1450,Yes,11.709730386734009
60,10.0,0.1,1,-7.111463460731955,0.05444018749221934,0.5319013896070385,0.0485349882420516,0.5255434974764218,1225.9403494842716,4.151091869167645,0.9581566537596664,2080,Yes,15.284656286239624
60,10.0,0.1,2,-7.123813104202265,0.04157442682516343,0.5146405877825344,0.027088580950070835,0.5071830943310639,1241.1741480939502,4.134975242243929,0.9546533769054211,2870,Yes,19.916077136993408
60,10.0,0.1,3,-7.11234405292278,0.04285322647626821,0.523570009721079,0.04054577857451987,0.5105350731628533,1227.0203784451871,4.1419879531674955,0.9556335588688031,1450,Yes,11.307862520217896
60,10.0,0.1,4,-7.103282830812808,0.04649327307450202,0.5309113671317515,0.04438485873887376,0.5155284956589683,1215.952295172399,4.1942178880323,0.9596528610571157,2410,Yes,17.20034885406494
60,10.0,0.1,5,-7.164936576148833,0.044953808738285285,0.5224482889430933,0.04486216704218763,0.5358229486432552,1293.2795734288609,4.1742559597959845,0.9544829191126671,1120,Yes,9.331648111343384
60,10.0,0.5,1,-7.066363294222289,0.036782123265658745,0.52838370479657,-0.2325741388052349,0.5132888732241434,1171.878498126526,5.162492331936434,0.8277061761560605,3000,No,19.80853819847107
60,10.0,0.5,2,-7.092438076514856,0.029994453031583164,0.5405513530529903,-0.23068631747500082,0.5017811730924712,1202.836836795768,5.150486148997183,0.8527236719124456,1120,Yes,8.51378321647644
60,10.0,0.5,3,-7.091256794776972,0.03385909742185523,0.5285777003085678,-0.19584527875758856,0.5258144652020921,1201.4167865116715,5.096869936309992,0.8625626501335792,2170,Yes,15.124976396560669
60,10.0,0.5,4,-7.109680407047802,0.021570092959582822,0.49579658223733364,-0.2257330660906645,0.46848977479051157,1223.7563796739003,5.164927022894625,0.8852288436358972,1110,Yes,8.620018720626831
60,10.0,0.5,5,-7.08326907039236,0.03186109418423792,0.5339829186686644,-0.25583950535576333,0.5144006203699573,1191.858425946395,5.139087607475529,0.8025451769352917,1550,Yes,11.151412963867188
60,10.0,1.0,1,-7.072663853869599,0.012412748781865131,0.47776060968527945,-0.29689313029430564,0.5217599730285376,1179.285297491645,5.567446238348195,0.7239889110919078,1220,Yes,8.56430959701538
60,10.0,1.0,2,-7.022714224761559,0.013887553053409869,0.4702153868620111,-0.39112918631116045,0.5152402737964056,1121.8273808777892,5.502882477693554,0.5315760230623656,2420,Yes,15.482447385787964
60,10.0,1.0,3,-7.030462645476565,0.012431576771923499,0.4790966178214967,-0.36277328146533044,0.5373213362269769,1130.553534691554,5.533191550486552,0.575309299962232,3000,No,18.93166708946228
60,10.0,1.0,4,-7.04836267750268,0.014382258018516416,0.498887412610406,-0.37053169429526894,0.521343647336205,1150.9726856907996,5.470403606175534,0.5780819841601778,2200,Yes,14.343260765075684
60,10.0,1.0,5,-7.039131517806553,0.010827787571780182,0.4866284462086977,-0.3424991696980493,0.5226770277610056,1140.3967621444654,5.5316851198542984,0.6310386606886143,2760,Yes,17.775732040405273
60,10.0,2.0,1,-6.833815165237524,0.009387067488049688,0.4595496959179184,-0.46421921216062256,0.4790443882979409,928.7273101768253,5.814323832871224,0.7685358029658244,1180,Yes,7.344390153884888
60,10.0,2.0,2,-6.769976549833953,-0.20284725755016686,0.4058307657677856,-0.49105389505636754,0.5075766043697553,871.2914618217499,6.5030142238247,0.5558451906399606,1310,Yes,8.735941648483276
60,10.0,2.0,3,-6.793601094465374,-0.21323776359890526,0.3721738395739868,-0.5035248241918018,0.51329837586347,892.1203941258716,6.453612300204538,0.4268641109399182,1260,Yes,8.399298191070557
60,10.0,2.0,4,-6.890004820219854,0.0011269960615247323,0.45915544767134564,-0.46197380548269673,0.4777678061050327,982.4061526204877,5.824690296718045,0.8523918466578,1170,Yes,8.87363886833191
60,10.0,2.0,5,-6.744692222186199,-0.16524481997669918,0.46769776537792046,-0.5186264404322515,0.5285575842918846,849.5376176054111,6.275195981218532,0.3802871037861487,1420,Yes,9.530142545700073
60,20.0,0.01,1,-7.005311108681232,0.04234619182514375,0.49801294683196073,0.058508869499474134,0.5377784048103322,1102.472990580503,3.286073534645386,0.9679589379491143,1250,Yes,10.554614782333374
60,20.0,0.01,2,-6.997140684484725,0.03945632169061041,0.4958881431818228,0.04308358775227789,0.5226064657319778,1093.502016818161,3.3041021063948515,0.9680800853123458,1410,Yes,11.532723188400269
60,20.0,0.01,3,-7.0312941621152,0.03412017178290466,0.5111604667203281,0.037194620152063866,0.5320591063846702,1131.4939997184892,3.312291443183237,0.9663126247018193,1110,Yes,9.742929458618164
60,20.0,0.01,4,-7.02940256535532,0.03844914558994375,0.4909948946538647,0.04582915788906237,0.5185006728596353,1129.355692380011,3.316242890881003,0.9649615215766871,1110,Yes,9.884863138198853
60,20.0,0.01,5,-7.012009517580438,0.03984591433506605,0.49595331058090447,0.0559256980343417,0.5355909725728523,1109.882594043723,3.339291693949071,0.9670251862819573,1310,Yes,10.806802988052368
60,20.0,0.1,1,-7.125295759083576,0.0492975498858484,0.5190544997865801,0.041392156114195625,0.5104412336020371,1243.015745892802,4.139622296529705,0.9586130916172849,1490,Yes,11.596848011016846
60,20.0,0.1,2,-7.106900849359339,0.05237010166568679,0.5379258525956571,0.04925458288153934,0.5265929425662892,1220.359601177807,4.152814776827984,0.9536027468328875,1820,Yes,13.671470642089844
60,20.0,0.1,3,-7.137783460387815,0.04994305628858835,0.5220320985654375,0.04619105256236657,0.523584301193568,1258.6354795467332,4.130551064635336,0.9582167142090932,1190,Yes,9.856338500976562
60,20.0,0.1,4,-7.100716594256952,0.049390590358358154,0.5374122311734463,0.04697868897058095,0.5307964442656109,1212.8358743891038,4.136617623482031,0.9576432156987122,3000,No,20.792746543884277
60,20.0,0.1,5,-7.122803925755092,0.04801350312959348,0.5116877415831474,0.048804048629335135,0.5322298814136633,1239.9222137133552,4.139783036628175,0.9565827246087079,1110,Yes,9.39395523071289
60,20.0,0.5,1,-7.120183262989695,0.014423464413925448,0.48989480448304973,-0.24796331189525636,0.47197901394271047,1236.6770498332423,5.170938491685545,0.8604189388317964,1320,Yes,9.952287912368774
60,20.0,0.5,2,-7.095324580679676,0.030918951404027215,0.522593279730614,-0.2175468054764908,0.49540596693853245,1206.3138461215513,5.0998230670562545,0.8626150724555298,2010,Yes,13.908177614212036
60,20.0,0.5,3,-7.097118103267917,0.0201566275055445,0.5093805778587782,-0.21929095697046624,0.4809731163339167,1208.4793386024355,5.214384672981567,0.8797191822158584,1560,Yes,11.42394232749939
60,20.0,0.5,4,-7.10744963536076,0.016205247579373774,0.5109591946101814,-0.24433342802999974,0.48818746415581116,1221.02950124271,5.1866146744925885,0.8727314754800413,1240,Yes,9.343264818191528
60,20.0,0.5,5,-7.085201341328488,0.039251388704992556,0.5308030890856796,-0.2308899696373616,0.5064731382017184,1194.163645780229,5.1167781692351575,0.8295635546345607,2010,Yes,14.143653154373169
60,20.0,1.0,1,-7.208542550948667,-0.2867364475701947,0.4169388166346919,-0.4790258842150153,0.4943719564541944,1350.9219320031,6.5869078484757555,0.7309389169915078,1540,Yes,10.428993940353394
60,20.0,1.0,2,-7.044909292925998,0.02279724843077596,0.4878469328792947,-0.3601221576834559,0.523536738757027,1147.0047896487315,5.519162154566264,0.5697623686553557,2100,Yes,13.425537586212158
60,20.0,1.0,3,-7.004893621597659,0.01470643985329589,0.47792607157078315,-0.4437598191495339,0.5321494156005979,1102.0128184115995,5.519810233596074,0.3578403538029793,2560,Yes,15.923412799835205
60,20.0,1.0,4,-7.283365332417852,-0.29302780119273086,0.376596406331237,-0.4687857254003257,0.4797594449896176,1455.879307933272,6.581195698092175,0.7871864414522453,1480,Yes,10.097865581512451
60,20.0,1.0,5,-7.029452470580459,0.02120487850365567,0.48212634133305554,-0.3817614905389886,0.5450956409451188,1129.4120545364726,5.50156154658955,0.5035049148174154,3000,No,19.525920391082764
60,20.0,2.0,1,-6.810688730707974,0.010400606890491843,0.4595113346034648,-0.4684338725524874,0.4852715516139084,907.4956118569479,5.8157197776428555,0.7502739072119078,1170,Yes,7.345426321029663
60,20.0,2.0,2,-6.771437499725455,0.010400606890491843,0.4595113346034648,-0.4929774381228666,0.5131160540772767,872.5653052725191,5.824222040751024,0.6135634148205251,1340,Yes,8.749201536178589
60,20.0,2.0,3,-6.799030135558095,0.005599589047368749,0.45998310477434706,-0.4783731405985657,0.4904701725800891,896.9769236257092,5.8310032729755905,0.6093206468491671,1250,Yes,8.29056167602539
60,20.0,2.0,4,-6.803808700390059,0.009855084681169211,0.4595923651392305,-0.4911866245136926,0.5131207944533027,901.2734434314502,5.8164488318255305,0.6216803775457665,1540,Yes,10.086085319519043
60,20.0,2.0,5,-6.723650886383018,-0.01137433101518374,0.46085653409609256,-0.5163792810077384,0.5274248022852426,831.8489604187932,5.893550452362278,0.2906482596992539,1470,Yes,9.24362564086914
80,0.05,0.01,1,-7.026721782836386,0.028191206365185014,0.4886589455168543,0.03725565175393355,0.5245369746845013,1126.3321898692823,3.2040729850458924,0.9718306749035261,1130,Yes,11.714736223220825
80,0.05,0.01,2,-6.987884139170604,0.03421533182802401,0.5015977059380059,0.03975038235380238,0.5398743442304401,1083.4266692450121,3.2053014714347787,0.9716368911530195,1320,Yes,12.932651996612549
80,0.05,0.01,3,-7.007660896909535,0.03397493320046211,0.4901620524417507,0.03805353443446667,0.5219993520872264,1105.0666146760827,3.181153936215775,0.970427207978519,1780,Yes,16.511868715286255
80,0.05,0.01,4,-7.009689077637788,0.032080719102161336,0.5049297019245127,0.03786326028868057,0.5291541765808784,1107.3101638799603,3.2119240168310603,0.9729931004208976,1600,Yes,15.099502801895142
80,0.05,0.01,5,-7.001898582479482,0.03223175498802615,0.5023379771494416,0.03738022922592469,0.5302275166151779,1098.7171846512974,3.144213948404351,0.9714694323884503,1750,Yes,16.130986213684082
80,0.05,0.1,1,-7.113347218363667,0.044048481889570446,0.5216771825854397,0.027705391722179767,0.5055942777791943,1228.2519004910075,4.166205491552077,0.9607273439557792,3000,No,24.908738613128662
80,0.05,0.1,2,-7.095821176142189,0.043947230382219836,0.5181642381387159,0.027752987852948253,0.506901321058826,1206.913044871278,4.195693231257455,0.9638620729063683,2080,Yes,18.19572901725769
80,0.05,0.1,3,-7.128918635027359,0.04611770637435633,0.5114219113648446,0.03459724008265973,0.5076167109386442,1247.5272050302372,4.126102171948134,0.9614172705335139,1980,Yes,17.440474271774292
80,0.05,0.1,4,-7.1297974780884985,0.04821459201103909,0.5154350966762681,0.0426582753320711,0.5207692612230617,1248.6240675723793,4.144491272115922,0.9641045591155689,1870,Yes,16.541264057159424
80,0.05,0.1,5,-7.102374137966642,0.046670930754207064,0.523867305379953,0.04591275330488469,0.5152257791636121,1214.84786988817,4.1656755075188,0.9573070823179392,2370,Yes,20.162835597991943
80,0.05,0.5,1,-7.093444660607217,0.04406431727370436,0.5389703452989906,-0.22513972832593793,0.5172004774469815,1204.048202789981,5.068928661513888,0.8128413875404188,1360,Yes,11.809176445007324
80,0.05,0.5,2,-7.064464822060151,0.047350023896268495,0.5426331992247136,-0.2237943045392136,0.5348519979796076,1169.6558299248552,5.163714322810393,0.8164789566158713,1140,Yes,10.14657974243164
80,0.05,0.5,3,-7.072131177732006,0.049235228411032735,0.5368437804788392,-0.18056364996016083,0.5420364545217426,1178.6572876320388,5.102200055627137,0.8535041090546494,1180,Yes,10.584800481796265
80,0.05,0.5,4,-7.069638368641453,0.04908438829041411,0.5389066709695888,-0.22295010377327457,0.5357152715474232,1175.7227791351218,5.0842377267053145,0.7984487862705891,2290,Yes,18.349250316619873
80,0.05,0.5,5,-7.07489649442198,0.050050645647471484,0.5444550392514776,-0.25750507134745004,0.5318921709612809,1181.9211590404316,5.107836374797939,0.7504573446226074,1310,Yes,11.359546661376953
80,0.05,1.0,1,-7.045499720553883,0.02326737896347175,0.49299793661784963,-0.41143533293856704,0.5532072503641535,1147.682212930888,5.448663050204392,0.43387057783645416,2340,Yes,17.83899235725403
80,0.05,1.0,2,-7.066776497016282,0.04248539980326787,0.5393569731300151,-0.40267355674325733,0.5435192273023745,1172.3628216511981,5.41060007799335,0.44882548360541374,1990,Yes,15.524808883666992
80,0.05,1.0,3,-7.071209855050466,0.039485580837477864,0.5392754263675519,-0.39028519737099227,0.5512868279146806,1177.571864028652,5.428114588071072,0.47015246336056654,1110,Yes,9.420005798339844
80,0.05,1.0,4,-7.080550556258683,0.036778116466877224,0.5352587727239024,-0.37794644712394676,0.5487471812590686,1188.622742088995,5.399387173106819,0.5104479119970196,1190,Yes,10.228578567504883
80,0.05,1.0,5,-7.089692064214018,0.043963080603674154,0.5413329187041603,-0.39939123530524345,0.5490661091550985,1199.5383629436133,5.359243716024798,0.4515523870780927,1400,Yes,11.454880952835083
80,0.05,2.0,1,-6.9837297285962245,0.022727144322490078,0.47883005218065006,-0.4954247124084928,0.5479911887569286,1078.9350065993115,5.685639066091348,0.1899562892646152,1110,Yes,8.780580043792725
80,0.05,2.0,2,-6.94539391782713,0.012949363528918418,0.5079113236496092,-0.4691879642589768,0.5477501936166036,1038.3559435720153,5.680031500939101,0.26054398689552843,1290,Yes,9.989026069641113
80,0.05,2.0,3,-6.954959878300174,0.02930355604603587,0.4898975281391705,-0.47842011046152366,0.5447331217505684,1048.336476067084,5.689636023554806,0.23841651495526822,1510,Yes,11.629810810089111
80,0.05,2.0,4,-6.979434503631773,0.029984093735336836,0.5441296943153698,-0.4895727284927121,0.5530407545667197,1074.3106764027013,5.68250013010081,0.196077874126972,1680,Yes,12.714788913726807
80,0.05,2.0,5,-6.955391227703983,0.019783901574363966,0.5064059765649007,-0.4724042496984172,0.5462380572989004,1048.7887729230042,5.661220909307947,0.25147716622710525,1270,Yes,10.050607204437256
80,0.1,0.01,1,-7.01983034741202,0.036038892418132386,0.5077195511299748,0.04663049338789933,0.5493873247986671,1118.596828800937,3.195595988036163,0.9717624581282254,1120,Yes,11.462284088134766
80,0.1,0.01,2,-7.004335863888658,0.03395372380533858,0.4994180628510603,0.03954983682266588,0.5371856352887823,1101.3983336494491,3.171140825213832,0.9739493806873215,1440,Yes,14.238231182098389
80,0.1,0.01,3,-7.010222932905384,0.03526040415827881,0.5001325064663573,0.04618074649893389,0.5343275583011874,1107.901465064393,3.160216832436337,0.9714348178909179,1260,Yes,12.66027307510376
80,0.1,0.01,4,-6.989008567090925,0.04175388563255456,0.5122666718187583,0.04602690373312783,0.5333312090634976,1084.6455896071486,3.1778488044057593,0.9743086864627298,2360,Yes,20.99539279937744
80,0.1,0.01,5,-6.991422942244807,0.04347278792513696,0.5004146150651553,0.050773167942084044,0.5372588144970717,1087.267494827237,3.214244499274217,0.9717714761133515,1780,Yes,16.461496591567993
80,0.1,0.1,1,-7.0860081414496285,0.04581222969240349,0.5283989095945841,0.03332906662789402,0.5146593872941685,1195.127485915193,4.163066684975383,0.9611954430973446,1780,Yes,16.03241729736328
80,0.1,0.1,2,-7.122621266752011,0.041992446290865994,0.5273474042450227,0.03156244241394479,0.5273840049203358,1239.6957514412163,4.151635811351965,0.9608220011051373,1580,Yes,14.377812147140503
80,0.1,0.1,3,-7.093852791795779,0.04380027835659617,0.5233808941950976,0.03273682522740586,0.5055414028319276,1204.5397127075128,4.147914725067114,0.9632680794205818,2630,Yes,21.74739384651184
80,0.1,0.1,4,-7.141482511916896,0.04302428334888782,0.5301722246091974,0.023893453888838144,0.5043847736613134,1263.2998586126146,4.14793063402457,0.9635468892586638,1160,Yes,11.547532558441162
80,0.1,0.1,5,-7.115095804238522,0.04455604613438387,0.5361463780120905,0.02707090360211878,0.5001376526947169,1230.4014832322744,4.138773163659596,0.9635144243214935,1690,Yes,15.30911636352539
80,0.1,0.5,1,-7.103240832527745,0.03562544164870084,0.5459931663765709,-0.19370990074771738,0.5292215676912304,1215.9012283336508,5.085574239618142,0.863957385517764,1180,Yes,10.937619924545288
80,0.1,0.5,2,-7.050117166581737,0.04889667455235728,0.5467618454782894,-0.24874374748263617,0.5390509021222124,1152.9938272150414,5.088607386302788,0.7616772446146175,3000,No,23.55822992324829
80,0.1,0.5,3,-7.046039458391919,0.05569342703036349,0.5322739075565445,-0.20519084812061764,0.5475796122514882,1148.301827646959,5.121171953489493,0.8176950038690942,2340,Yes,18.83715844154358
80,0.1,0.5,4,-7.071017469030995,0.05205640242220282,0.5395074287845342,-0.22380336531195083,0.5301410578272195,1177.3453374560622,5.090248414339865,0.7956824591321645,2260,Yes,18.24576449394226
80,0.1,0.5,5,-7.093819878059999,0.039607341520827385,0.5409818464899991,-0.18428589254192163,0.5296392029417437,1204.500067458112,5.101673208296211,0.8643505053921346,1160,Yes,10.52392053604126
80,0.1,1.0,1,-7.070860967882888,0.032194813072567344,0.5401679626495688,-0.413051482155243,0.5529585135462389,1177.16109597641,5.38643418434138,0.41800823600187653,1490,Yes,11.996039628982544
80,0.1,1.0,2,-7.0776827935007525,0.02051653424454111,0.49507773576605413,-0.41432967008796595,0.5407851443290725,1185.2189370414367,5.440632459022171,0.4513095262724351,2130,Yes,16.685558080673218
80,0.1,1.0,3,-7.080569429607168,0.03388267489918696,0.533642394823392,-0.4050247117130187,0.5519986375876665,1188.6451755919206,5.346668280011979,0.45101455882515656,1130,Yes,9.438376426696777
80,0.1,1.0,4,-7.093233453706206,0.04999908939385532,0.545905532134072,-0.3560397900208232,0.5531967915565179,1203.7939263538158,5.389164625340654,0.5501185378464379,2260,Yes,17.72811985015869
80,0.1,1.0,5,-7.083842824945106,0.0376291875711392,0.5421404911537285,-0.36770684617566657,0.5515764105182287,1192.5424563585268,5.386863211799596,0.5356125020811745,1800,Yes,14.217075109481812
80,0.1,2.0,1,-6.968726645387602,0.01603815569730416,0.5177351456460296,-0.47661095611847254,0.5452721463232872,1062.868480006377,5.652188896731733,0.2662301043342231,1460,Yes,11.220824241638184
80,0.1,2.0,2,-6.943475335894438,0.01726854408426318,0.474350038022345,-0.4948811086686777,0.5451018771681161,1036.3656824689767,5.680513547989305,0.19205963157231265,1270,Yes,9.907639980316162
80,0.1,2.0,3,-6.9316089894891295,0.012765517813066804,0.45665112853363965,-0.47864570112191496,0.5545252635871545,1024.140485939012,5.681579334327831,0.2360034515259735,1330,Yes,10.080368995666504
80,0.1,2.0,4,-6.9394482229553205,0.01776005288806241,0.5166513265904169,-0.4792607467790943,0.5532415392695833,1032.2005132519716,5.67730154540703,0.23473176981171615,1880,Yes,14.058187484741211
80,0.1,2.0,5,-7.007624808172976,0.017695120097310224,0.4952057305157582,-0.48912305500818787,0.5413593978960065,1105.0267349377552,5.613911816328272,0.2087706052672568,2610,Yes,19.100250959396362
80,0.5,0.01,1,-7.014806079805776,0.04061992712517372,0.5028931285534931,0.046284392184638166,0.5313840504534096,1112.9907938922217,3.186498075148591,0.9710777810674917,1400,Yes,13.85301399230957
80,0.5,0.01,2,-7.030597066776328,0.03968848094506948,0.49100157823720686,0.04660374155372823,0.5230378805667245,1130.7055153816311,3.1730571387170152,0.971985893957834,1740,Yes,16.189470767974854
80,0.5,0.01,3,-7.044375809851179,0.03740296907760374,0.5009009650519233,0.03800327780598407,0.5335798542703241,1146.3930451988813,3.1873006308652307,0.9699746971680123,1480,Yes,14.0642249584198
80,0.5,0.01,4,-7.022928643599072,0.03881005678954675,0.49373589498081055,0.04156604850860067,0.5331738694677016,1122.067947590783,3.218347379683648,0.9704005241777962,1610,Yes,15.301366806030273
80,0.5,0.01,5,-7.045321346981268,0.030948394458494025,0.4845205431017427,0.036222315036463934,0.5104246858256005,1147.4775150112334,3.1635597696865747,0.9731170494445026,1150,Yes,11.646848678588867
80,0.5,0.1,1,-7.116766874759989,0.046651907601772936,0.5393287193190434,0.034190038134003474,0.52320595601704,1232.4592897715315,4.108414122613178,0.9660696109133196,1520,Yes,14.213075637817383
80,0.5,0.1,2,-7.105217135362174,0.04613313803249566,0.5389369457313254,0.034543591929638254,0.512058661590219,1218.306593459649,4.1501303891338095,0.9643801496241993,3000,No,24.914472103118896
80,0.5,0.1,3,-7.117244730428553,0.04370011292833485,0.5300990992705141,0.02939688757614591,0.5149000082348045,1233.0483681654382,4.131202906527764,0.9627878710283349,3000,No,24.79942798614502
80,0.5,0.1,4,-7.1174396676162965,0.04544789098665041,0.5362007189859542,0.022214017745847518,0.5106367150856774,1233.2887585764345,4.165045534568285,0.9627621500957012,1310,Yes,12.427603960037231
80,0.5,0.1,5,-7.122300710620876,0.050840554690756296,0.5437455433038522,0.03575778666427832,0.5288504647731125,1239.298423053777,4.132079294282274,0.962940280602569,1180,Yes,11.519845485687256
80,0.5,0.5,1,-7.065304593708188,0.05464138594217238,0.5477038592795179,-0.23095032977659735,0.5345781118725527,1170.6384862745097,5.070129094814786,0.7973374396406878,1850,Yes,15.34267783164978
80,0.5,0.5,2,-7.085168822097199,0.04252048958921254,0.5466751112144381,-0.23853548644243502,0.5520378116120813,1194.1248131278423,5.07166900400248,0.7900702218864349,1200,Yes,10.70705771446228
80,0.5,0.5,3,-7.084570140783433,0.03870942170598045,0.5401337776555579,-0.22396131202988756,0.5132569347694188,1193.4101268719187,5.09048298672237,0.8196064488568614,2780,Yes,21.97668170928955
80,0.5,0.5,4,-7.078470493164038,0.035547871205638605,0.5322429356154192,-0.22863588536076757,0.5276579303036357,1186.1529013924746,5.10384298760287,0.8144234278252829,1250,Yes,11.147515058517456
80,0.5,0.5,5,-7.084083909820167,0.052256845106750605,0.5481302575068512,-0.20321696922485386,0.5386143523788288,1192.8299949668358,5.064745384143436,0.8281107210974202,1240,Yes,11.030851364135742
80,0.5,1.0,1,-7.100417828036055,0.034364141070695034,0.5259262718535939,-0.3867467254719627,0.5468538356439137,1212.4735741225795,5.380918123381796,0.4860182853457238,1180,Yes,9.743912696838379
80,0.5,1.0,2,-7.082724233765673,0.02608804915537004,0.5163404082790113,-0.4009657823808423,0.5366091143413387,1191.2092346897607,5.417043011640973,0.47014634027458396,1570,Yes,12.521397829055786
80,0.5,1.0,3,-7.04412610610988,0.02577682774700272,0.5129104904045996,-0.4254528813482118,0.5459381465241449,1146.1068223034479,5.430253325594676,0.4026867620556045,2350,Yes,18.119214296340942
80,0.5,1.0,4,-7.062642119155962,0.031166597292871433,0.5248632389332147,-0.4233491918510146,0.5444576274915425,1167.5258366089479,5.395381744630859,0.3960075299806613,1910,Yes,15.244340896606445
80,0.5,1.0,5,-7.084347279924277,0.02215239426878905,0.51279826201809,-0.38642009386254994,0.5383755604156744,1193.1441921000446,5.404854477993719,0.49763581256403133,1120,Yes,9.338755130767822
80,0.5,2.0,1,-6.905704947874032,0.016651413847814486,0.5263910726993843,-0.4791307808801023,0.5519512577919807,997.9517693849072,5.709816286625978,0.2543878238946276,1850,Yes,13.623440027236938
80,0.5,2.0,2,-6.929231652516229,0.00896432430015343,0.5153920381695559,-0.44070651613573075,0.5396031956256706,1021.7086506876126,5.676509517784525,0.37681707909479484,1420,Yes,11.16328477859497
80,0.5,2.0,3,-6.9959134445633495,0.01570365848187078,0.4963257636651876,-0.4889714467964053,0.5441758096208058,1092.1608506236944,5.61576688030049,0.19857487237475435,1130,Yes,8.991526365280151
80,0.5,2.0,4,-6.926863137781527,0.017483810411361725,0.5140410771200667,-0.4844510832330295,0.5430191639446739,1019.2915822549363,5.675472777140376,0.23574087530306728,1180,Yes,9.492109060287476
80,0.5,2.0,5,-6.923443671776633,0.019074719806561995,0.5405385485944667,-0.4381919917367531,0.5486703323863805,1015.8121017134447,5.768200021437374,0.36920949573439155,2060,Yes,15.055889368057251
80,1.0,0.01,1,-7.016735602733218,0.03902072336192146,0.5017154285304882,0.04567625040464139,0.530539418964534,1115.1404083453258,3.217544092694232,0.9684172686732971,2170,Yes,19.30295157432556
80,1.0,0.01,2,-6.980935806941829,0.032362984883591836,0.4977820675617034,0.03618483096091764,0.5347245973209457,1075.9247538839797,3.1737996667957,0.9752093178360757,2590,Yes,22.776612997055054
80,1.0,0.01,3,-6.985680546877236,0.030510388676089847,0.5022614034150709,0.029328938162384865,0.5252741779957464,1081.0418671170437,3.152948868947217,0.9751172822320864,1280,Yes,12.760854244232178
80,1.0,0.01,4,-7.002342628220305,0.03959484736792983,0.5042282018210178,0.04066363825396881,0.5346899262788115,1099.2051736742155,3.1995943516896,0.9727573045838794,1540,Yes,14.82540488243103
80,1.0,0.01,5,-7.009021890782449,0.03408662584316643,0.49595096261185706,0.041897949576185825,0.5276746615149032,1106.5716274921183,3.141854305117608,0.9738068595690103,1250,Yes,12.576130628585815
80,1.0,0.1,1,-7.087885724781564,0.04371122537216015,0.5304857089639736,0.03414278727579576,0.5162539275538245,1197.373545284262,4.169921356786583,0.9620543690527044,3000,No,24.971991539001465
80,1.0,0.1,2,-7.110220588274813,0.045468047356091994,0.5198553203195518,0.023024216627500076,0.4885550816681114,1224.4176084722485,4.117416226450223,0.9646483621015772,1140,Yes,11.312533617019653
80,1.0,0.1,3,-7.117567137783873,0.04675732570284516,0.5196151637937386,0.03471157997437802,0.5106426625821889,1233.4459761212215,4.107807473451257,0.9646096949735123,1480,Yes,13.807545185089111
80,1.0,0.1,4,-7.099600879849114,0.045739254458530686,0.5443910709370738,0.03032567761130195,0.5122181862532686,1211.4834505293911,4.149474108067977,0.9650596542149892,2160,Yes,18.782806158065796
80,1.0,0.1,5,-7.105744070236489,0.048090649292909654,0.5401591763499629,0.029199704787742375,0.5176193657600686,1218.9487308587884,4.11627847781229,0.966211733734113,1360,Yes,12.930694580078125
80,1.0,0.5,1,-7.086199381771072,0.04172199099542278,0.5400022445157205,-0.24274614211297613,0.52348908276259,1195.3560643357741,5.0760860792987454,0.7864413415577931,1170,Yes,10.53805947303772
80,1.0,0.5,2,-7.06695529723184,0.045109413195098334,0.5306567231843905,-0.2460025863038407,0.5328652018008209,1172.5724591174749,5.072231066686778,0.7760862602056003,2010,Yes,16.30927848815918
80,1.0,0.5,3,-7.096013981914415,0.04679670070428007,0.5400094223176222,-0.2465911710101046,0.5131360404798349,1207.1457671072785,5.04843568650251,0.7870977614559246,1200,Yes,10.76595664024353
80,1.0,0.5,4,-7.090182931167409,0.04263204938652071,0.532558146993193,-0.2593629158298514,0.5371076088959451,1200.1273212235594,5.065964594400274,0.7524640229592002,3000,Yes,23.569568395614624
80,1.0,0.5,5,-7.069421125102773,0.049664846746123044,0.542761928208821,-0.2981259956525003,0.5368449121029616,1175.467388700041,5.070693977354161,0.6754093196109586,2100,Yes,16.86420965194702
80,1.0,1.0,1,-7.055774976801939,0.023448943379037086,0.5209484328490755,-0.42283144471580847,0.5546397035483629,1159.5357364640142,5.459548533660967,0.3971677064146065,2270,Yes,17.127373456954956
80,1.0,1.0,2,-7.010783263933991,0.01748143834993943,0.45830334933133887,-0.4419445513513491,0.542754057998906,1108.5224305887866,5.4413287123806535,0.3542906060953783,3000,No,22.333950519561768
80,1.0,1.0,3,-7.036414163830057,0.027323014034903347,0.481653441430255,-0.39985235000025976,0.5448055581424233,1137.3021070090347,5.445518947845177,0.4416891138889916,1790,Yes,13.89427638053894
80,1.0,1.0,4,-7.032217671312634,0.013229779511834435,0.4969322536134691,-0.42678882045614513,0.537333690438056,1132.539427490851,5.495861668350679,0.42948528066007907,2770,Yes,20.82405710220337
80,1.0,1.0,5,-7.046077278026528,0.010523708288110913,0.4723203104705489,-0.43257096579768695,0.5376081218645382,1148.345256823735,5.460605446955133,0.3658198294992437,2660,Yes,20.128809213638306
80,1.0,2.0,1,-6.9229523812929905,0.017896039161992606,0.49864359059013735,-0.4432311908075963,0.5423578445486277,1015.3131654660544,5.744033342493383,0.35537595434725006,1310,Yes,10.301376342773438
80,1.0,2.0,2,-6.91197996671399,0.010804710077063342,0.521114420729493,-0.4797424268914881,0.5463522376378387,1004.2336243053815,5.755290239071566,0.24951580058804051,3000,No,21.772058963775635
80,1.0,2.0,3,-6.897723317104035,0.014814333625453127,0.5215489210770089,-0.48297536727941903,0.558759139662397,990.0181904027595,5.715311476485312,0.2350447800277373,2390,Yes,18.043527841567993
80,1.0,2.0,4,-6.885104946462768,0.0009709433824552912,0.4976687281706527,-0.45284856079696,0.5223053480854198,977.6042604345027,5.781345901544238,0.3951535627761575,1360,Yes,10.721806049346924
80,1.0,2.0,5,-6.904738319374753,0.010776611087892029,0.5224069679504936,-0.45352384265435697,0.5335960322405076,996.987586841952,5.76571467952851,0.3509024378210564,1650,Yes,12.434707641601562
80,5.0,0.01,1,-7.010188757152362,0.030863325184534454,0.5007290451484656,0.039549085051909696,0.5270415892442006,1107.8636023445472,3.1496510540964326,0.9732544001593725,2010,Yes,18.39551615715027
80,5.0,0.01,2,-7.020753091598287,0.02801047135601436,0.4861181251548789,0.029279392220764682,0.5153763217205143,1119.6294838864567,3.1981270170390923,0.9740538603296472,1630,Yes,15.775876760482788
80,5.0,0.01,3,-7.050406953302848,0.032665570455641106,0.4928701591842636,0.04146106104020162,0.523031890370477,1153.327997932471,3.170300746515271,0.9686567026524411,1120,Yes,11.659321069717407
80,5.0,0.01,4,-7.026042988354819,0.03503589599495357,0.5031459401616976,0.036281761126118584,0.5256034490587436,1125.567901221192,3.183339266938362,0.9715399000046627,1750,Yes,16.158498525619507
80,5.0,0.01,5,-7.059602258551843,0.02672316182278407,0.4757945911273314,0.027832807560435067,0.5037400521932399,1163.9821097606598,3.1226692367061095,0.9731659140658182,1250,Yes,12.639216184616089
80,5.0,0.1,1,-7.1409801280402725,0.04029232346161011,0.5198271485390858,0.027002612500436916,0.5009192471844315,1262.6653565274603,4.1320143404688165,0.9635876013552447,1170,Yes,11.642074823379517
80,5.0,0.1,2,-7.135029728689983,0.0439935372266756,0.5094168667522442,0.025949424487973206,0.495389926254404,1255.1743028938065,4.1082967221447735,0.9646077495337463,1530,Yes,14.237818956375122
80,5.0,0.1,3,-7.110660810832972,0.04555182480226536,0.5270364877371683,0.03019603953399546,0.5040923246246639,1224.9567433850732,4.137384913412545,0.9628485782556726,1950,Yes,17.468506574630737
80,5.0,0.1,4,-7.129992356470367,0.03625750672404291,0.5143111018058584,0.007149498989833793,0.47874068399121805,1248.867421121632,4.119640271411499,0.9640430338922359,1170,Yes,11.447124481201172
80,5.0,0.1,5,-7.111926511264613,0.046093787235228445,0.5354519535383847,0.03037769011920872,0.5237824152643734,1226.5081532668837,4.108132151422359,0.9651789150490426,2380,Yes,20.585025310516357
80,5.0,0.5,1,-7.077689682045985,0.03960831136700104,0.5389721170283904,-0.31490513669944625,0.5187284187335501,1185.227101503816,5.117563890956773,0.6915694654427202,1450,Yes,12.259596586227417
80,5.0,0.5,2,-7.0897268771087205,0.040935212704663486,0.5296864361755286,-0.2654145100899724,0.5150037104547776,1199.5801230732247,5.117764488815062,0.7632793481808304,1720,Yes,14.387096405029297
80,5.0,0.5,3,-7.082314764106034,0.03906186585709218,0.5424178836422606,-0.2957248240776921,0.5090751640286847,1190.7215704985317,5.11799731985907,0.7364868245863301,1180,Yes,10.355608463287354
80,5.0,0.5,4,-7.094811351093655,0.028997944186733765,0.5118574768408741,-0.3186060476074338,0.5194436162483488,1205.6948890128315,5.0951151445133664,0.6644466182523793,3000,No,23.315646648406982
80,5.0,0.5,5,-7.093450394278249,0.033598130937520884,0.5428346277834473,-0.3082188983961144,0.5272604279928473,1204.0551064260742,5.084803227125825,0.7058068831907346,3000,No,23.509307146072388
80,5.0,1.0,1,-7.035749177996956,0.033811890575923674,0.4961302329904654,-0.41016270716933906,0.5406085644878701,1136.5460686251856,5.51584456218803,0.445917923254971,1700,Yes,13.331805944442749
80,5.0,1.0,2,-7.0558958418766,0.017480968033738085,0.5011128262005884,-0.36409062569313305,0.5246398857714117,1159.6758923071764,5.566909643042939,0.5867386155235036,1830,Yes,14.45830225944519
80,5.0,1.0,3,-7.011662523034863,0.009141110103574473,0.49300416775214745,-0.41451138076127314,0.5342606813958615,1109.497537647459,5.5414132825443545,0.4687977542159624,2620,Yes,19.882205724716187
80,5.0,1.0,4,-7.042521545940493,0.01881064718065557,0.47265191003110263,-0.42164233036472537,0.539443943533526,1144.2692995486702,5.504885106061956,0.4324339709713215,2230,Yes,17.1645724773407
80,5.0,1.0,5,-7.032593160034535,0.02070433375912656,0.5066779757869795,-0.3942732078703667,0.5265689355248427,1132.964763122351,5.578152110834042,0.5070602451747237,2600,Yes,19.5993869304657
80,5.0,2.0,1,-6.8965391427295,0.0016459744673931113,0.5067842624995684,-0.416934618415622,0.5130689213178108,988.8465300933336,5.794455723323657,0.5085193667003787,1360,Yes,11.057308197021484
80,5.0,2.0,2,-6.803869674237072,0.002824516032591481,0.46057431209884614,-0.4749662471675906,0.4819407629977362,901.3283992159228,5.840505861322542,0.7266562970220991,1380,Yes,11.177818298339844
80,5.0,2.0,3,-6.832296594295738,0.0031875999187310966,0.4580295754699226,-0.4728872735280774,0.47587105605121743,927.3180421782853,5.837620688366701,0.725330141205466,1570,Yes,12.110931873321533
80,5.0,2.0,4,-6.909660980841485,0.013050147840614494,0.5176366697620417,-0.4728210443643236,0.5386874003215965,1001.9075188631756,5.731343162423068,0.27767791190951796,2320,Yes,16.993212938308716
80,5.0,2.0,5,-6.911579818798629,-0.00019000297670360137,0.511095976961466,-0.44058765098556474,0.5418187433291987,1003.8318627014745,5.794656836609496,0.4258521021942473,1830,Yes,13.713521957397461
80,10.0,0.01,1,-7.040206085767761,0.03269548098134609,0.5006371220651255,0.03737576508664614,0.5313145278845361,1141.622854609991,3.1131095054244593,0.9740188990159464,1210,Yes,12.277395009994507
80,10.0,0.01,2,-7.033846445613213,0.036124962099638246,0.5037900798476973,0.03871295699372056,0.5318603323435445,1134.3855816808502,3.1494512784906967,0.9725768069690298,1250,Yes,12.731366872787476
80,10.0,0.01,3,-7.025986892122378,0.03060965176116122,0.4831644967182497,0.038369577786531286,0.5129137725008388,1125.5047628735058,3.146276384735284,0.9732948635507302,1220,Yes,12.334115505218506
80,10.0,0.01,4,-7.018766052973852,0.033235551494248186,0.49852974994494914,0.03452227967273717,0.5211748630984638,1117.4069457227806,3.1582626637092357,0.9729038786873258,1540,Yes,14.605931520462036
80,10.0,0.01,5,-7.015327926242754,0.0308215221499278,0.48917001080132394,0.03662667358577887,0.5220374895868045,1113.5717557456555,3.1230980933020196,0.9726630952223354,1460,Yes,14.215875387191772
80,10.0,0.1,1,-7.11922154749632,0.03701439026748151,0.5043768929687318,0.01788794512937933,0.49096441473488406,1235.488290070081,4.119917220916132,0.9643772717603895,1910,Yes,17.325165510177612
80,10.0,0.1,2,-7.106137262549424,0.04006598360920513,0.5235649591717667,0.032254550428814484,0.508970243139508,1219.4281063668307,4.121928068760464,0.96272493264591,3000,No,24.83837389945984
80,10.0,0.1,3,-7.124973315451069,0.047757523856938995,0.5275853486988399,0.032853734325384146,0.5054608440545909,1242.6150079915967,4.099399256400448,0.9634798815730757,1150,Yes,11.356688261032104
80,10.0,0.1,4,-7.145802037889055,0.04568056189111402,0.5277684870796426,0.028054950131440114,0.5107635394901284,1268.7685176669358,4.151250659678385,0.9633285965734624,1140,Yes,11.38133454322815
80,10.0,0.1,5,-7.117011309886466,0.03359695010271359,0.5078644677914467,0.015951019333772815,0.49143469659707756,1232.76058293572,4.098379955285665,0.9657725513726135,2830,Yes,23.26811981201172
80,10.0,0.5,1,-7.105995957514595,0.021804569751506214,0.49921590524670184,-0.3018312619270087,0.49933884899624675,1219.2558072094444,5.196119643757307,0.7502407441066847,1230,Yes,11.002487421035767
80,10.0,0.5,2,-7.103288868578783,0.02447984552621096,0.5105215087987061,-0.2765988264226061,0.4910280549575948,1215.9596368299578,5.226831330946307,0.7995070371249379,1110,Yes,10.064212799072266
80,10.0,0.5,3,-7.094530423925701,0.03966818993812793,0.5413788464349042,-0.28425404964666035,0.5211170575835193,1205.3562241345553,5.123493512242613,0.7292476532142316,3000,No,23.43503475189209
80,10.0,0.5,4,-7.100383655245821,0.021942154372721828,0.5104969563473306,-0.2692225983938341,0.5011409059126948,1212.4321412254096,5.142584314011124,0.775198350367702,1700,Yes,14.149739742279053
80,10.0,0.5,5,-7.109030701544737,0.007722722838721994,0.4828713576930155,-0.3016850659917187,0.4923152675431718,1222.9615566480213,5.213145858598733,0.7653330340236392,1170,Yes,10.453791379928589
80,10.0,1.0,1,-7.0486751736315085,0.02170328137398555,0.5112832323464654,-0.40271741213742906,0.5319990879027658,1151.3324164037658,5.460319256489609,0.49034103233439985,2660,Yes,20.090827226638794
80,10.0,1.0,2,-7.015786369509807,0.021833438173395878,0.46026503352293024,-0.40308642588009624,0.5370211893704468,1114.0823822571576,5.530295667807078,0.46117628498302693,1880,Yes,14.878360271453857
80,10.0,1.0,3,-7.0326604545188065,0.027177184809777776,0.5303360583555631,-0.4155267094751368,0.5421124295390065,1133.0410079671828,5.510344876785094,0.43976341502152033,2780,Yes,21.50329327583313
80,10.0,1.0,4,-7.028682739657968,0.016399614238432718,0.4782205351580563,-0.4398307019847034,0.5421689485666419,1128.5430456482743,5.466255118746313,0.3776701269917366,2240,Yes,17.206461668014526
80,10.0,1.0,5,-7.047806294052473,0.01581515578443313,0.48006724595391265,-0.41948255458327155,0.5308578282912253,1150.3324816528218,5.490920266948259,0.4536473362642094,2920,Yes,21.505672931671143
80,10.0,2.0,1,-6.778431588667582,-0.23323205612992548,0.4763566975806547,-0.5221964762200566,0.5309128043757465,878.6894962286549,6.47700916571415,0.3042356229167068,1190,Yes,9.096142530441284
80,10.0,2.0,2,-6.789475839831591,0.010400606890491843,0.4595113346034648,-0.4955790118806365,0.5105435417157742,888.4477508388158,5.8222457569307196,0.6089160497334588,1340,Yes,10.987099885940552
80,10.0,2.0,3,-6.793444559276455,-0.21324762897913557,0.41084073954655403,-0.5127256736891044,0.5217072315679732,891.9807568208,6.497132621728859,0.3946113753354662,1350,Yes,10.747220993041992
80,10.0,2.0,4,-6.839933374993873,-0.21101687987885093,0.47861090205984,-0.5114610631962767,0.5255664247961873,934.4268764588849,6.500255402329637,0.4556277553174115,1260,Yes,10.267590522766113
80,10.0,2.0,5,-6.72374876286,0.010400606890491843,0.4595113346034648,-0.4983276651694455,0.5052929885472421,831.9303828490255,5.836944724450316,0.5289048797037138,1650,Yes,12.00235915184021
80,20.0,0.01,1,-7.008676708402956,0.02821700024562734,0.48875296446765054,0.031245396236024302,0.5149950197100173,1106.1897243815652,3.1499289160286326,0.9730917592069441,1660,Yes,15.791605949401855
80,20.0,0.01,2,-7.015065974181621,0.03486041597256692,0.4990820927761463,0.03627885028002562,0.5249796753900221,1113.280091531707,3.1700992500460954,0.9735837823509055,1970,Yes,17.74045968055725
80,20.0,0.01,3,-7.014283038568327,0.038089207820137735,0.4994626795867123,0.04077391142155103,0.5209378711545721,1112.4088060252097,3.1962947882800123,0.9726625845012953,3000,No,25.58380365371704
80,20.0,0.01,4,-7.032068625296676,0.03488720999639101,0.5021646187286095,0.04287799056227111,0.5347510375711572,1132.3706395801637,3.1719889683011284,0.9720455368470141,1850,Yes,16.90607976913452
80,20.0,0.01,5,-7.0058002569542,0.026359441580194487,0.5031613782071475,0.025715585176715496,0.5239370552874838,1103.0123952535162,3.1484334819673543,0.9755070948700717,1230,Yes,12.560808420181274
80,20.0,0.1,1,-7.121323587818624,0.04426897413276082,0.5265119799148722,0.027051821265472214,0.5141780565225794,1238.0880677350078,4.133440112241674,0.9639691705975093,2340,Yes,20.288066625595093
80,20.0,0.1,2,-7.119562960071336,0.04211080892058379,0.530545449901896,0.0271113407486125,0.5028770310811748,1235.9101733226223,4.109683191297706,0.9639808618939978,2620,Yes,22.004031896591187
80,20.0,0.1,3,-7.100219807363,0.04338776559852156,0.527248412043986,0.024560372177105067,0.5071646904037633,1212.233503059671,4.140554514907858,0.9642010943104792,2310,Yes,20.21004581451416
80,20.0,0.1,4,-7.117042672463517,0.04284877219604365,0.5189832652501716,0.024370639059111708,0.5016670776849992,1232.799246090774,4.126902631067914,0.9659784816073059,1540,Yes,14.34040641784668
80,20.0,0.1,5,-7.112050827614192,0.04298236622704219,0.5285264018299198,0.03349296079102878,0.5212039417493066,1226.6606377611881,4.136342775722809,0.9610448644493998,1960,Yes,17.520793199539185
80,20.0,0.5,1,-7.11087204976247,0.011379793220272369,0.5023432040624046,-0.28839363124673356,0.48121802171220496,1225.215529268092,5.254225757468755,0.7899760501030606,1670,Yes,13.95513129234314
80,20.0,0.5,2,-7.131302059398804,-0.0015291236818364632,0.48363758026556575,-0.26426252837768593,0.4591578469596138,1250.5041380127998,5.340763669397737,0.8715772855820554,1310,Yes,11.615917444229126
80,20.0,0.5,3,-7.089243327194285,0.028990660180265505,0.5125568491745972,-0.3214847764872907,0.5005376808999471,1199.0002064279756,5.153411189344638,0.7033583477066834,2500,Yes,19.97926640510559
80,20.0,0.5,4,-7.103345337560184,0.03357458910320436,0.5216425903194223,-0.31135076323200916,0.521603138108573,1216.0283027708042,5.081222065687649,0.6776778362634125,3000,No,23.033257007598877
80,20.0,0.5,5,-7.115317979911475,0.026560596771680142,0.5098600875114155,-0.2634814168988785,0.4903743273275622,1230.6748788796197,5.183351460022399,0.8069493243416144,1680,Yes,14.225443124771118
80,20.0,1.0,1,-7.092513154330773,-0.25487637180959055,0.41508871076473536,-0.5153388644905569,0.5263085529350382,1202.9271465484662,6.556166572344167,0.3916410381799619,1620,Yes,12.944316625595093
80,20.0,1.0,2,-7.135719108865697,-0.11971442369124155,0.3347987516977011,-0.5057290344687557,0.5140743026059023,1256.0398935015085,6.129779687726305,0.4874926898253164,1440,Yes,11.781059265136719
80,20.0,1.0,3,-7.31955836034629,-0.10741835157813907,0.41579535828067954,-0.5135735492293694,0.5280631860990616,1509.5371510626537,6.055302668581584,0.3214448732988475,1250,Yes,10.284610033035278
80,20.0,1.0,4,-7.10150224605954,-0.19115251606515202,0.32725785987176437,-0.520367473429733,0.5257500702023975,1213.789115488822,6.388458959645789,0.38787666276469424,1560,Yes,12.809743404388428
80,20.0,1.0,5,-7.101533242154924,-0.1077325569468292,0.3189381134603051,-0.5143662518986044,0.5241106133569302,1213.8267387951073,6.371902170026374,0.3816611277876986,1190,Yes,9.786365747451782
80,20.0,2.0,1,-6.727762648541121,-0.20826125273188262,0.4661492579255231,-0.5356416135033637,0.5485361324742732,835.2763670070442,6.485584532384752,0.11350136533991431,1500,Yes,11.22322940826416
80,20.0,2.0,2,-6.776642731869998,0.010400606890491843,0.4595113346034648,-0.5019429582848801,0.5164302424285951,877.1190516194047,5.82420886682783,0.539113726917391,1340,Yes,10.885124683380127
80,20.0,2.0,3,-6.751775263453094,-0.22097827088955202,0.5048506972883242,-0.5188461010258649,0.5312172561691391,855.576288439658,6.484544670325036,0.2638398157523469,1350,Yes,10.282151460647583
80,20.0,2.0,4,-6.869164514257412,0.010400606890491843,0.4595113346034648,-0.4858646834259484,0.5083207466445984,962.144372007441,5.804012373376085,0.7315081529111548,1270,Yes,10.725277423858643
80,20.0,2.0,5,-6.708084517423473,0.010400606890491843,0.4595113346034648,-0.5190902776949081,0.5297148484505181,819.0003550942378,5.83862031952256,0.3409493658987721,1650,Yes,11.9920015335083
