{"chains": {"1": {"len_stable_docs": {"0": [614, 609, 611, 615, 614, 609, 610, 602, 610, 606, 611, 614, 620, 616, 621, 623, 625, 623, 619, 610, 602], "1": [602, 609, 613, 610, 616, 617, 622, 626, 621, 619, 621, 618, 618, 614, 609, 602, 597, 613, 609, 611, 610], "2": [610, 609, 598, 597, 601, 603, 614, 619, 625, 625, 638, 631, 622, 609, 610, 606, 593, 590, 583, 576, 586], "3": [586, 608, 607, 610, 600, 590, 588, 588, 588, 603, 603, 602, 604, 607, 619, 631, 625, 621, 614, 618, 618], "4": [618, 622, 617, 619, 619, 618, 621, 618, 614, 611, 613, 605, 593, 600, 612, 608, 609, 606, 598, 601, 610], "5": [610, 613, 604, 603, 616, 623, 635, 645, 641, 641, 636, 630, 629, 624, 631, 632, 631, 627, 622, 615, 613]}, "jaccard": {"0": [0.9630818619582665, 0.9457735247208932, 0.9522292993630573, 0.9384858044164038, 0.9568, 0.9598070739549839, 0.9516908212560387, 0.9675324675324676, 0.9518459069020867, 0.9597423510466989, 0.9475357710651828, 0.9525316455696202, 0.9495268138801262, 0.9541864139020537, 0.9346811819595645, 0.9591836734693877, 0.9318885448916409, 0.940625, 0.9293563579277865, 0.9611650485436893], "1": [0.9469453376205788, 0.94896331738437, 0.947452229299363, 0.9553429027113237, 0.9356357927786499, 0.945054945054945, 0.9530516431924883, 0.9273570324574961, 0.949685534591195, 0.9375, 0.9542586750788643, 0.9433962264150944, 0.9401574803149606, 0.9630818619582665, 0.9469453376205788, 0.9495934959349593, 0.9453376205787781, 0.94896331738437, 0.9457735247208932, 0.9473684210526315], "2": [0.9535256410256411, 0.9436392914653784, 0.9462540716612378, 0.9353796445880452, 0.948220064724919, 0.9472, 0.9540412044374009, 0.94679186228482, 0.9561815336463224, 0.9460708782742681, 0.9613601236476044, 0.9639498432601881, 0.953968253968254, 0.9535256410256411, 0.9612903225806452, 0.9338709677419355, 0.9651162790697675, 0.9356435643564357, 0.9413735343383585, 0.9398998330550918], "3": [0.9351701782820098, 0.937799043062201, 0.9317460317460318, 0.942215088282504, 0.9508196721311475, 0.9216965742251223, 0.943801652892562, 0.9373970345963756, 0.946078431372549, 0.9296, 0.9372990353697749, 0.9546191247974068, 0.959546925566343, 0.9491255961844197, 0.9440124416796267, 0.9412673879443586, 0.940809968847352, 0.9357366771159875, 0.9524564183835182, 0.9556962025316456], "4": [0.9435736677115988, 0.9389671361502347, 0.9495268138801262, 0.9619651347068146, 0.9449685534591195, 0.926905132192846, 0.9329173166926678, 0.9524564183835182, 0.9475357710651828, 0.9305993690851735, 0.9272151898734177, 0.932258064516129, 0.9461663947797716, 0.9268680445151033, 0.9395866454689984, 0.9317460317460318, 0.944, 0.9577235772357724, 0.9527687296416938, 0.9407051282051282], "5": [0.9412698412698413, 0.9317460317460318, 0.9405144694533762, 0.9441786283891547, 0.9604430379746836, 0.9264931087289433, 0.9482496194824962, 0.9633587786259542, 0.9632465543644717, 0.943683409436834, 0.9627906976744186, 0.9580093312597201, 0.933641975308642, 0.9337442218798151, 0.9520865533230294, 0.9490740740740741, 0.9473684210526315, 0.9394409937888198, 0.9480314960629921, 0.9430379746835443]}, "ratio": {"0": [0.2, 0.2, 0.2, 0.2, 0.2, 0.2, 0.2, 0.2, 0.2, 0.2, 0.2, 0.2, 0.2, 0.2, 0.2, 0.2, 0.2, 0.2, 0.2, 0.2, 0.2], "1": [0.2, 0.2, 0.2, 0.2, 0.2, 0.2, 0.2, 0.2, 0.2, 0.2, 0.2, 0.2, 0.2, 0.2, 0.2, 0.2, 0.2, 0.2, 0.2, 0.2, 0.2], "2": [0.2, 0.2, 0.2, 0.2, 0.2, 0.2, 0.2, 0.2, 0.2, 0.2, 0.2, 0.2, 0.2, 0.2, 0.2, 0.2, 0.2, 0.2, 0.2, 0.2, 0.2], "3": [0.2, 0.2, 0.2, 0.2, 0.2, 0.2, 0.2, 0.2, 0.2, 0.2, 0.2, 0.2, 0.2, 0.2, 0.2, 0.2, 0.2, 0.2, 0.2, 0.2, 0.2], "4": [0.2, 0.2, 0.2, 0.2, 0.2, 0.2, 0.2, 0.2, 0.2, 0.2, 0.2, 0.2, 0.2, 0.2, 0.2, 0.2, 0.2, 0.2, 0.2, 0.2, 0.2], "5": [0.2, 0.2, 0.2, 0.2, 0.2, 0.2, 0.2, 0.2, 0.2, 0.2, 0.2, 0.2, 0.2, 0.2, 0.2, 0.2, 0.2, 0.2, 0.2, 0.2, 0.2]}, "record_time": 5, "converged": false}, "3": {"len_stable_docs": {"0": [557, 557, 563, 568, 577, 572, 576, 580, 579, 583, 593, 597, 601, 592, 590, 589, 574, 576, 576, 586, 587], "1": [587, 579, 581, 578, 582, 593, 597, 593, 586, 582, 573, 586, 571, 592, 599, 594, 592, 606, 614, 624, 628], "2": [628, 627, 619, 622, 621, 618, 614, 606, 607, 621, 620, 638, 632, 631, 637, 628, 624, 614, 614, 621, 625], "3": [625, 621, 620, 616, 613, 602, 600, 603, 606, 615, 618, 618, 624, 620, 622, 618, 620, 621, 613, 615, 611], "4": [611, 619, 623, 621, 626, 632, 617, 622, 623, 616, 615, 619, 625, 626, 631, 624, 617, 627, 626, 613, 608], "5": [608, 609, 607, 610, 622, 635, 642, 633, 629, 619, 619, 623, 633, 633, 636, 636, 629, 626, 620, 619, 620]}, "jaccard": {"0": [0.924006908462867, 0.9444444444444444, 0.923469387755102, 0.9276094276094277, 0.9181969949916527, 0.9294117647058824, 0.9298831385642737, 0.9446308724832215, 0.9463986599664992, 0.943801652892562, 0.9476268412438625, 0.9448051948051948, 0.9149277688603531, 0.9313725490196079, 0.9327868852459016, 0.9415692821368948, 0.936026936026936, 0.9296482412060302, 0.9174917491749175, 0.9261083743842364], "1": [0.9177631578947368, 0.9269102990033222, 0.925249169435216, 0.9173553719008265, 0.9262295081967213, 0.9286871961102107, 0.9193548387096774, 0.9296235679214403, 0.9242174629324547, 0.931438127090301, 0.9413735343383585, 0.9347826086956522, 0.9191419141914191, 0.9240710823909531, 0.9241935483870968, 0.9159935379644588, 0.9575163398692811, 0.9334389857369255, 0.934375, 0.9320987654320988], "2": [0.9487577639751553, 0.9622047244094488, 0.9512578616352201, 0.9421875, 0.9542586750788643, 0.943217665615142, 0.9395866454689984, 0.9564516129032258, 0.9430379746835443, 0.9512578616352201, 0.941358024691358, 0.9448698315467075, 0.958139534883721, 0.9567901234567902, 0.955177743431221, 0.9350850077279753, 0.9619651347068146, 0.9648, 0.9479495268138801, 0.937791601866252], "3": [0.9258114374034003, 0.9330218068535826, 0.9342723004694836, 0.9384858044164038, 0.910377358490566, 0.9481361426256077, 0.9340836012861736, 0.9313099041533547, 0.9167974882260597, 0.9145962732919255, 0.9373040752351097, 0.9315707620528771, 0.94375, 0.919629057187017, 0.9284603421461898, 0.9434850863422292, 0.9270186335403726, 0.928125, 0.9338582677165355, 0.9522292993630573], "4": [0.9462025316455697, 0.940625, 0.9316770186335404, 0.9393468118195957, 0.9353846153846154, 0.93343653250774, 0.945054945054945, 0.9453125, 0.9329173166926678, 0.9508716323296355, 0.940251572327044, 0.9559748427672956, 0.9455676516329704, 0.9428129829984544, 0.9278033794162827, 0.9420970266040689, 0.9376947040498442, 0.933641975308642, 0.926905132192846, 0.9411764705882353], "5": [0.9317460317460318, 0.9518459069020867, 0.9378980891719745, 0.9371069182389937, 0.9398148148148148, 0.9290030211480362, 0.9465648854961832, 0.9415384615384615, 0.9469578783151326, 0.9404388714733543, 0.9375975039001561, 0.9412673879443586, 0.9357798165137615, 0.9344512195121951, 0.9331306990881459, 0.9342507645259939, 0.9487577639751553, 0.9347826086956522, 0.9481132075471698, 0.9299065420560748]}, "ratio": {"0": [0.2, 0.2, 0.2, 0.2, 0.2, 0.2, 0.2, 0.2, 0.2, 0.2, 0.2, 0.2, 0.2, 0.2, 0.2, 0.2, 0.2, 0.2, 0.2, 0.2, 0.2], "1": [0.2, 0.2, 0.2, 0.2, 0.2, 0.2, 0.2, 0.2, 0.2, 0.2, 0.2, 0.2, 0.2, 0.2, 0.2, 0.2, 0.2, 0.2, 0.2, 0.2, 0.2], "2": [0.2, 0.2, 0.2, 0.2, 0.2, 0.2, 0.2, 0.2, 0.2, 0.2, 0.2, 0.2, 0.2, 0.2, 0.2, 0.2, 0.2, 0.2, 0.2, 0.2, 0.2], "3": [0.2, 0.2, 0.2, 0.2, 0.2, 0.2, 0.2, 0.2, 0.2, 0.2, 0.2, 0.2, 0.2, 0.2, 0.2, 0.2, 0.2, 0.2, 0.2, 0.2, 0.2], "4": [0.2, 0.2, 0.2, 0.2, 0.2, 0.2, 0.2, 0.2, 0.2, 0.2, 0.2, 0.2, 0.2, 0.2, 0.2, 0.2, 0.2, 0.2, 0.2, 0.2, 0.2], "5": [0.2, 0.2, 0.2, 0.2, 0.2, 0.2, 0.2, 0.2, 0.2, 0.2, 0.2, 0.2, 0.2, 0.2, 0.2, 0.2, 0.2, 0.2, 0.2, 0.2, 0.2]}, "record_time": 5, "converged": false}, "2": {"len_stable_docs": {"0": [547, 549, 552, 553, 561, 568, 577, 586, 585, 578, 565, 567, 578, 575, 578, 575, 583, 574, 571, 575, 582], "1": [582, 586, 602, 596, 591, 591, 583, 584, 585, 596, 615, 617, 616, 594, 595, 598, 608, 612, 618, 619, 610], "2": [610, 603, 600, 600, 588, 588, 577, 582, 577, 581, 589, 585, 585, 590, 592, 595, 601, 601, 590, 592, 594],