{"chains": {"2": {"len_stable_docs": {"0": [587, 584, 596, 596, 577, 578, 584, 571, 587, 590, 593, 586, 580, 584, 579, 577, 580, 582, 588, 598, 610], "1": [610, 612, 599, 598, 597, 605, 613, 598, 580, 585, 592, 595, 610, 615, 613, 612, 611, 614, 604, 600, 594], "2": [594, 596, 599, 602, 612, 620, 616, 601, 580, 582, 579, 586, 577, 575, 581, 587, 603, 599, 579, 579, 586]}, "jaccard": {"0": [0.9355371900826446, 0.9376026272577996, 0.9413680781758957, 0.9135399673735726, 0.9379194630872483, 0.9398998330550918, 0.931438127090301, 0.9364548494983278, 0.9326765188834154, 0.9425287356321839, 0.9327868852459016, 0.9336650082918739, 0.9271523178807947, 0.9318936877076412, 0.9266666666666666, 0.9510961214165261, 0.9302325581395349, 0.9435215946843853, 0.9410801963993454, 0.9452495974235104], "1": [0.945859872611465, 0.9314194577352473, 0.9431818181818182, 0.9336569579288025, 0.9481361426256077, 0.9364069952305246, 0.9376, 0.9438943894389439, 0.9546979865771812, 0.9584026622296173, 0.9395424836601307, 0.9310897435897436, 0.9506369426751592, 0.9247648902821317, 0.9321766561514195, 0.9443561208267091, 0.9568690095846646, 0.9394904458598726, 0.9264, 0.9638157894736842], "2": [0.9540229885057471, 0.9336569579288025, 0.9402261712439418, 0.939297124600639, 0.9493670886075949, 0.9464566929133859, 0.9348171701112877, 0.9234527687296417, 0.9431438127090301, 0.9545454545454546, 0.9224422442244224, 0.9003267973856209, 0.92, 0.9461279461279462, 0.9466666666666667, 0.9286871961102107, 0.9293739967897271, 0.9185667752442996, 0.9494949494949495, 0.9384359400998337]}, "ratio": {"0": [0.2, 0.2, 0.2, 0.2, 0.2, 0.2, 0.2, 0.2, 0.2, 0.2, 0.2, 0.2, 0.2, 0.2, 0.2, 0.2, 0.2, 0.2, 0.2, 0.2, 0.2], "1": [0.2, 0.2, 0.2, 0.2, 0.2, 0.2, 0.2, 0.2, 0.2, 0.2, 0.2, 0.2, 0.2, 0.2, 0.2, 0.2, 0.2, 0.2, 0.2, 0.2, 0.2], "2": [0.2, 0.2, 0.2, 0.2, 0.2, 0.2, 0.2, 0.2, 0.2, 0.2, 0.2, 0.2, 0.2, 0.2, 0.2, 0.2, 0.2, 0.2, 0.2, 0.2, 0.2]}, "record_time": 2, "converged": false}, "3": {"len_stable_docs": {"0": [597, 599, 599, 609, 617, 622, 616, 615, 616, 620, 603, 613, 607, 600, 600, 606, 605, 611, 606, 611, 606], "1": [606, 612, 613, 609, 601, 609, 608, 607, 594, 588, 582, 596, 612, 616, 620, 608, 609, 613, 605, 608, 600], "2": [600, 588, 589, 583, 585, 589, 580, 599, 589, 584, 582, 573, 587, 597, 599, 610, 601, 600, 597, 598, 612]}, "jaccard": {"0": [0.9197431781701445, 0.932258064516129, 0.9266347687400319, 0.9307086614173228, 0.9420062695924765, 0.934375, 0.9204368174726989, 0.9508716323296355, 0.9342723004694836, 0.9290220820189274, 0.9270998415213946, 0.9152276295133438, 0.9158730158730158, 0.9230769230769231, 0.9296, 0.9345047923322684, 0.917981072555205, 0.9286846275752774, 0.9317460317460318, 0.9165354330708662], "1": [0.9272151898734177, 0.9261006289308176, 0.9304897314375987, 0.9391025641025641, 0.9391025641025641, 0.9317460317460318, 0.9224683544303798, 0.9216, 0.9033816425120773, 0.9338842975206612, 0.9406919275123559, 0.9266347687400319, 0.91875, 0.9192546583850931, 0.9277864992150706, 0.9225908372827805, 0.9396825396825397, 0.9272151898734177, 0.9315286624203821, 0.9205087440381559], "2": [0.9223300970873787, 0.923202614379085, 0.9056910569105691, 0.9337748344370861, 0.9245901639344263, 0.9132569558101473, 0.9201954397394136, 0.9038461538461539, 0.9166666666666666, 0.9272727272727272, 0.931438127090301, 0.9205298013245033, 0.9378068739770867, 0.9352750809061489, 0.9251592356687898, 0.9314194577352473, 0.9339774557165862, 0.9495114006514658, 0.9336569579288025, 0.9175911251980983]}, "ratio": {"0": [0.2, 0.2, 0.2, 0.2, 0.2, 0.2, 0.2, 0.2, 0.2, 0.2, 0.2, 0.2, 0.2, 0.2, 0.2, 0.2, 0.2, 0.2, 0.2, 0.2, 0.2], "1": [0.2, 0.2, 0.2, 0.2, 0.2, 0.2, 0.2, 0.2, 0.2, 0.2, 0.2, 0.2, 0.2, 0.2, 0.2, 0.2, 0.2, 0.2, 0.2, 0.2, 0.2], "2": [0.2, 0.2, 0.2, 0.2, 0.2, 0.2, 0.2, 0.2, 0.2, 0.2, 0.2, 0.2, 0.2, 0.2, 0.2, 0.2, 0.2, 0.2, 0.2, 0.2, 0.2]}, "record_time": 2, "converged": false}, "1": {"len_stable_docs": {"0": [559, 555, 572, 567, 571, 584, 592, 601, 587, 585, 577, 575, 578, 575, 578, 577, 580, 581, 592, 586, 588], "1": [588, 581, 588, 590, 592, 578, 582, 584, 590, 592, 599, 602, 595, 598, 597, 606, 603, 598, 587, 601, 607], "2": [607, 605, 607, 591, 583, 581, 578, 576, 586, 599, 590, 602, 600, 598, 597, 593, 597, 585, 590, 592, 590]}, "jaccard": {"0": [0.9206896551724137, 0.9101694915254237, 0.9305084745762712, 0.9222972972972973, 0.9186046511627907, 0.9184339314845025, 0.9149277688603531, 0.9192245557350566, 0.9056910569105691, 0.9080459770114943, 0.9232053422370617, 0.9280936454849499, 0.9542372881355933, 0.9378151260504202, 0.931438127090301, 0.9315525876460768, 0.9253731343283582, 0.9166666666666666, 0.9375, 0.9245901639344263], "1": [0.9163934426229509, 0.9386401326699834, 0.9343185550082101, 0.9313725490196079, 0.9435215946843853, 0.9141914191419142, 0.9240924092409241, 0.9437086092715232, 0.9250814332247557, 0.9178743961352657, 0.92776886035313, 0.940032414910859, 0.9366883116883117, 0.9336569579288025, 0.9248, 0.9129746835443038, 0.9496753246753247, 0.933115823817292, 0.9380097879282219, 0.9328], "2": [0.9361022364217252, 0.9361022364217252, 0.9353796445880452, 0.9404958677685951, 0.9432387312186978, 0.9413735343383585, 0.932998324958124, 0.9174917491749175, 0.926829268292683, 0.9428104575163399, 0.9445350734094616, 0.9232, 0.9229534510433387, 0.9367909238249594, 0.9444444444444444, 0.9349593495934959, 0.9157212317666127, 0.945364238410596, 0.9282218597063622, 0.944078947368421]}, "ratio": {"0": [0.2, 0.2, 0.2, 0.2, 0.2, 0.2, 0.2, 0.2, 0.2, 0.2, 0.2, 0.2, 0.2, 0.2, 0.2, 0.2, 0.2, 0.2, 0.2, 0.2, 0.2], "1": [0.2, 0.2, 0.2, 0.2, 0.2, 0.2, 0.2, 0.2, 0.2, 0.2, 0.2, 0.2, 0.2, 0.2, 0.2, 0.2, 0.2, 0.2, 0.2, 0.2, 0.2], "2": [0.2, 0.2, 0.2, 0.2, 0.2, 0.2, 0.2, 0.2, 0.2, 0.2, 0.2, 0.2, 0.2, 0.2, 0.2, 0.2, 0.2, 0.2, 0.2, 0.2, 0.2]}, "record_time": 2, "converged": false}}, "last_update": 1755394703.5687306, "rhat_history": [{"rhat_len_docs": 1.9401756448012453, "mean_jaccard": [0.935615501199633, 0.9280329070995587, 0.9239532470655014], "mean_ratio": [0.20000000000000004, 0.20000000000000004, 0.20000000000000004], "rhat_threshold": null, "converged": false, "iteration": 10, "timestamp": 1755392607.4369764}, {"rhat_len_docs": 1.199108313292187, "mean_jaccard": [0.9421199182331362, 0.9274867415902971, 0.9309358352932884], "mean_ratio": [0.20000000000000004, 0.20000000000000004, 0.20000000000000004], "rhat_threshold": null, "converged": false, "iteration": 30, "timestamp": 1755393620.3878174}, {"rhat_len_docs": 0.9763804209507247, "mean_jaccard": [0.93595543710196, 0.9253596113140343, 0.9346545785133452], "mean_ratio": [0.20000000000000004, 0.20000000000000004, 0.20000000000000004], "rhat_threshold": null, "converged": true, "iteration": 50, "timestamp": 1755394708.4213564}], "convergence": true}