{"chains": {"2": {"len_stable_docs": {"0": [573, 572, 575, 576, 575, 577, 578, 569, 569, 571, 575, 576, 585, 582, 584, 583, 587, 598, 595, 597, 602], "1": [602, 592, 597, 606, 603, 606, 613, 613, 614, 615, 611, 608, 603, 599, 598, 603, 602, 616, 619, 621, 618]}, "jaccard": {"0": [0.9276094276094277, 0.9342327150084317, 0.934453781512605, 0.9377104377104377, 0.9136212624584718, 0.931438127090301, 0.9473684210526315, 0.935374149659864, 0.9420783645655877, 0.9423728813559322, 0.9377104377104377, 0.9447236180904522, 0.9194078947368421, 0.9304635761589404, 0.9321192052980133, 0.95, 0.939443535188216, 0.9493464052287581, 0.9413680781758957, 0.9307568438003221], "1": [0.9541734860883797, 0.9523809523809523, 0.9497568881685575, 0.9468599033816425, 0.9406099518459069, 0.9535256410256411, 0.9584664536741214, 0.9476190476190476, 0.963258785942492, 0.9429477020602218, 0.9349206349206349, 0.9469453376205788, 0.9576547231270358, 0.9622950819672131, 0.9592169657422512, 0.9529983792544571, 0.9488, 0.9418238993710691, 0.9405320813771518, 0.9389671361502347]}, "ratio": {"0": [0.2, 0.2, 0.2, 0.2, 0.2, 0.2, 0.2, 0.2, 0.2, 0.2, 0.2, 0.2, 0.2, 0.2, 0.2, 0.2, 0.2, 0.2, 0.2, 0.2, 0.2], "1": [0.2, 0.2, 0.2, 0.2, 0.2, 0.2, 0.2, 0.2, 0.2, 0.2, 0.2, 0.2, 0.2, 0.2, 0.2, 0.2, 0.2, 0.2, 0.2, 0.2, 0.2]}, "record_time": 1, "converged": false}, "1": {"len_stable_docs": {"0": [606, 600, 598, 609, 605, 610, 610, 618, 607, 600, 601, 593, 590, 595, 607, 608, 613, 617, 618, 614, 606], "1": [606, 618, 610, 613, 625, 614, 611, 606, 602, 605, 613, 618, 624, 618, 609, 599, 599, 602, 604, 621, 624]}, "jaccard": {"0": [0.9326923076923077, 0.932258064516129, 0.9690048939641109, 0.9517684887459807, 0.9347133757961783, 0.9395866454689984, 0.9369085173501577, 0.9444444444444444, 0.9281150159744409, 0.9688524590163935, 0.9446254071661238, 0.9457236842105263, 0.9458128078817734, 0.9544715447154472, 0.9471153846153846, 0.9536, 0.9617224880382775, 0.9418238993710691, 0.9371069182389937, 0.9488817891373802], "1": [0.9397781299524565, 0.9430379746835443, 0.9290220820189274, 0.9313572542901716, 0.9359375, 0.9140625, 0.9286846275752774, 0.9483870967741935, 0.9342948717948718, 0.9394904458598726, 0.9416403785488959, 0.9226006191950464, 0.9078341013824884, 0.92018779342723, 0.9235668789808917, 0.9385113268608414, 0.9246794871794872, 0.9326923076923077, 0.9291338582677166, 0.9453125]}, "ratio": {"0": [0.2, 0.2, 0.2, 0.2, 0.2, 0.2, 0.2, 0.2, 0.2, 0.2, 0.2, 0.2, 0.2, 0.2, 0.2, 0.2, 0.2, 0.2, 0.2, 0.2, 0.2], "1": [0.2, 0.2, 0.2, 0.2, 0.2, 0.2, 0.2, 0.2, 0.2, 0.2, 0.2, 0.2, 0.2, 0.2, 0.2, 0.2, 0.2, 0.2, 0.2, 0.2, 0.2]}, "record_time": 1, "converged": false}, "3": {"len_stable_docs": {"0": [590, 592, 590, 578, 584, 583, 601, 611, 630, 635, 628, 620, 621, 610, 614, 615, 617, 619, 620, 625, 629], "1": [629, 624, 626, 614, 611, 604, 607, 613, 621, 620, 617, 608, 608, 605, 612, 615, 611, 606, 602, 597, 584]}, "jaccard": {"0": [0.9345335515548282, 0.9250814332247557, 0.9369817578772802, 0.9270315091210614, 0.9353233830845771, 0.9378068739770867, 0.9299363057324841, 0.9180834621329211, 0.9461538461538461, 0.9400921658986175, 0.9439252336448598, 0.9330218068535826, 0.9264475743348983, 0.9305993690851735, 0.944620253164557, 0.9401574803149606, 0.95260663507109, 0.9389671361502347, 0.9302325581395349, 0.9472049689440993], "1": [0.9456521739130435, 0.9470404984423676, 0.9284603421461898, 0.9291338582677166, 0.9565217391304348, 0.9532258064516129, 0.9273301737756714, 0.9221183800623053, 0.9330218068535826, 0.9480314960629921, 0.9413629160063391, 0.9240506329113924, 0.9564516129032258, 0.9409888357256778, 0.9292452830188679, 0.9553429027113237, 0.9503205128205128, 0.9390048154093098, 0.9495934959349593, 0.9424342105263158]}, "ratio": {"0": [0.2, 0.2, 0.2, 0.2, 0.2, 0.2, 0.2, 0.2, 0.2, 0.2, 0.2, 0.2, 0.2, 0.2, 0.2, 0.2, 0.2, 0.2, 0.2, 0.2, 0.2], "1": [0.2, 0.2, 0.2, 0.2, 0.2, 0.2, 0.2, 0.2, 0.2, 0.2, 0.2, 0.2, 0.2, 0.2, 0.2, 0.2, 0.2, 0.2, 0.2, 0.2, 0.2]}, "record_time": 1, "converged": false}}, "last_update": 1754927872.8052688, "rhat_history": [{"rhat_len_docs": 1.6003799853676908, "mean_jaccard": [0.9360799581205784, 0.9459614068172059, 0.9359403652230226], "mean_ratio": [0.20000000000000004, 0.20000000000000004, 0.20000000000000004], "rhat_threshold": null, "converged": false, "iteration": 55, "timestamp": 1754927414.3011856}, {"rhat_len_docs": 1.0054303181729065, "mean_jaccard": [0.9496876525858795, 0.931510586724211, 0.9409665746536919], "mean_ratio": [0.20000000000000004, 0.20000000000000004, 0.20000000000000004], "rhat_threshold": null, "converged": true, "iteration": 75, "timestamp": 1754927876.7853322}], "convergence": true}