{"chains": {"2": {"len_stable_docs": {"0": [508, 520, 509, 506, 516, 524, 523, 524, 516, 518, 519, 531, 537, 528, 519, 515, 512, 509, 519, 521, 515], "1": [515, 515, 522, 528, 534, 534, 525, 530, 531, 532, 529, 520, 521, 522, 519, 519, 524, 529, 533, 535, 530], "2": [530, 540, 523, 528, 532, 537, 543, 545, 551, 552, 548, 557, 557, 548, 534, 545, 542, 544, 549, 547, 544], "3": [544, 530, 524, 527, 535, 535, 538, 538, 548, 545, 536, 532, 534, 544, 549, 552, 552, 536, 523, 533, 527], "4": [527, 546, 565, 568, 568, 557, 536, 536, 537, 532, 527, 529, 549, 548, 541, 536, 537, 532, 533, 532, 528], "5": [528, 536, 529, 535, 541, 549, 541, 521, 518, 512, 515, 519, 523, 533, 537, 531, 520, 520, 532, 536, 529], "6": [529, 525, 528, 517, 530, 523, 534, 542, 546, 554, 542, 544, 534, 533, 543, 539, 529, 528, 539, 553, 558], "7": [558, 540, 545, 538, 536, 540, 535, 538, 538, 545, 532, 531, 538, 531, 523, 529, 528, 524, 526, 526, 523]}, "jaccard": {"0": [0.9107806691449815, 0.9055555555555556, 0.9078947368421053, 0.9174484052532833, 0.9366852886405959, 0.9175824175824175, 0.9175824175824175, 0.908256880733945, 0.925512104283054, 0.9275092936802974, 0.9090909090909091, 0.9139784946236559, 0.9223826714801444, 0.9424860853432282, 0.925512104283054, 0.9340866290018832, 0.9227871939736346, 0.9214953271028037, 0.9188191881918819, 0.9009174311926605], "1": [0.9252336448598131, 0.9455909943714822, 0.9553072625698324, 0.9204339963833634, 0.9243243243243243, 0.9219600725952813, 0.9500924214417745, 0.9396709323583181, 0.9084380610412927, 0.9326047358834244, 0.9390018484288355, 0.9385474860335196, 0.9137614678899083, 0.9349442379182156, 0.9186691312384473, 0.9422718808193669, 0.9356617647058824, 0.9558011049723757, 0.9560439560439561, 0.9086021505376344], "2": [0.941923774954628, 0.9153153153153153, 0.9319852941176471, 0.9237749546279492, 0.9542961608775137, 0.9217081850533808, 0.9154929577464789, 0.9228070175438596, 0.9591474245115453, 0.9469026548672567, 0.9250871080139372, 0.9373913043478261, 0.9488536155202821, 0.9355992844364938, 0.9441441441441442, 0.9376114081996435, 0.946236559139785, 0.927689594356261, 0.9295774647887324, 0.9106830122591943], "3": [0.9281867145421903, 0.9163636363636364, 0.9284403669724771, 0.9169675090252708, 0.9314079422382672, 0.9092526690391459, 0.9145907473309609, 0.9086115992970123, 0.9209138840070299, 0.9065255731922398, 0.9174147217235189, 0.9381818181818182, 0.931899641577061, 0.9413854351687388, 0.9281961471103327, 0.9267015706806283, 0.9256637168141593, 0.9081081081081082, 0.9411764705882353, 0.9378427787934186], "4": [0.926391382405745, 0.9056603773584906, 0.9467353951890034, 0.9286926994906621, 0.9329896907216495, 0.9209138840070299, 0.9245960502692998, 0.9194991055456172, 0.9157706093189965, 0.9219600725952813, 0.927007299270073, 0.9388489208633094, 0.9144851657940664, 0.9172535211267606, 0.9095744680851063, 0.9333333333333333, 0.9192100538599641, 0.9223826714801444, 0.9051878354203936, 0.9099099099099099], "5": [0.9310344827586207, 0.918918918918919, 0.9205776173285198, 0.935251798561151, 0.9257950530035336, 0.8956521739130435, 0.9135135135135135, 0.9312267657992565, 0.9252336448598131, 0.9340866290018832, 0.9183673469387755, 0.9296296296296296, 0.9165154264972777, 0.9210053859964094, 0.9382940108892922, 0.957169459962756, 0.9366852886405959, 0.9023508137432188, 0.920863309352518, 0.9086021505376344], "6": [0.9163636363636364, 0.8972972972972973, 0.8931159420289855, 0.9140767824497258, 0.9180327868852459, 0.9045045045045045, 0.911190053285968, 0.9154929577464789, 0.9130434782608695, 0.9194395796847635, 0.9221238938053097, 0.9113475177304965, 0.9053571428571429, 0.924865831842576, 0.9184397163120568, 0.9139784946236559, 0.9323583180987203, 0.9053571428571429, 0.9157894736842105, 0.9355400696864111], "7": [0.902946273830156, 0.9203539823008849, 0.9168141592920354, 0.9247311827956989, 0.901060070671378, 0.9196428571428571, 0.8991150442477877, 0.9078014184397163, 0.9236234458259325, 0.8961267605633803, 0.9327272727272727, 0.9365942028985508, 0.902135231316726, 0.9304029304029304, 0.9092558983666061, 0.8976660682226212, 0.8989169675090253, 0.9337016574585635, 0.9162112932604736, 0.9107468123861566]}, "ratio": {"0": [0.2, 0.2, 0.2, 0.2, 0.2, 0.2, 0.2, 0.2, 0.2, 0.2, 0.2, 0.2, 0.2, 0.2, 0.2, 0.2, 0.2, 0.2, 0.2, 0.2, 0.2], "1": [0.2, 0.2, 0.2, 0.2, 0.2, 0.2, 0.2, 0.2, 0.2, 0.2, 0.2, 0.2, 0.2, 0.2, 0.2, 0.2, 0.2, 0.2, 0.2, 0.2, 0.2], "2": [0.2, 0.2, 0.2, 0.2, 0.2, 0.2, 0.2, 0.2, 0.2, 0.2, 0.2, 0.2, 0.2, 0.2, 0.2, 0.2, 0.2, 0.2, 0.2, 0.2, 0.2], "3": [0.2, 0.2, 0.2, 0.2, 0.2, 0.2, 0.2, 0.2, 0.2, 0.2, 0.2, 0.2, 0.2, 0.2, 0.2, 0.2, 0.2, 0.2, 0.2, 0.2, 0.2], "4": [0.2, 0.2, 0.2, 0.2, 0.2, 0.2, 0.2, 0.2, 0.2, 0.2, 0.2, 0.2, 0.2, 0.2, 0.2, 0.2, 0.2, 0.2, 0.2, 0.2, 0.2], "5": [0.2, 0.2, 0.2, 0.2, 0.2, 0.2, 0.2, 0.2, 0.2, 0.2, 0.2, 0.2, 0.2, 0.2, 0.2, 0.2, 0.2, 0.2, 0.2, 0.2, 0.2], "6": [0.2, 0.2, 0.2, 0.2, 0.2, 0.2, 0.2, 0.2, 0.2, 0.2, 0.2, 0.2, 0.2, 0.2, 0.2, 0.2, 0.2, 0.2, 0.2, 0.2, 0.2], "7": [0.2, 0.2, 0.2, 0.2, 0.2, 0.2, 0.2, 0.2, 0.2, 0.2, 0.2, 0.2, 0.2, 0.2, 0.2, 0.2, 0.2, 0.2, 0.2, 0.2, 0.2]}, "record_time": 7, "converged": false}, "1": {"len_stable_docs": {"0": [534, 536, 533, 544, 540, 531, 526, 532, 528, 524, 512, 509, 502, 501, 517, 507, 507, 506, 514, 515, 526], "1": [526, 529, 521, 521, 526, 538, 539, 530, 521, 518, 506, 511, 523, 531, 530, 517, 521, 518, 530, 528, 516], "2": [516, 508, 513, 516, 525, 533, 534, 543, 539, 535, 545, 541, 538, 536, 520, 528, 530, 527, 525, 523, 524], "3": [524, 526, 528, 530, 533, 545, 532, 537, 534, 527, 527, 513, 515, 518, 523, 529, 517, 517, 507, 497, 508], "4": [508, 525, 535, 533, 522, 521, 521, 528, 530, 532, 533, 527, 531, 537, 530, 528, 518, 524, 514, 517, 536], "5": [536, 531, 534, 539, 543, 544, 539, 524, 516, 509, 512, 521, 527, 529, 531, 531, 533, 534, 534, 540, 532], "6": [532, 539, 528, 525, 513, 501, 505, 507, 516, 530, 519, 514, 512, 521, 536, 544, 528, 519, 513, 503, 508], "7": [508, 523, 528, 542, 548, 545, 537, 538, 539, 535, 514, 515, 509, 515, 527, 529, 532, 542, 548, 551, 550]}, "jaccard": {"0": [0.9141323792486583, 0.9296028880866426, 0.9197860962566845, 0.9050966608084359, 0.9228007181328546, 0.9501845018450185, 0.9377289377289377, 0.9343065693430657, 0.923217550274223, 0.9009174311926605, 0.9300567107750473, 0.9257142857142857, 0.9251439539347409, 0.8921933085501859, 0.9033457249070632, 0.946257197696737, 0.9149338374291115, 0.9245283018867925, 0.9090909090909091, 0.9136029411764706], "1": [0.8974820143884892, 0.9230769230769231, 0.922509225092251, 0.9140767824497258, 0.9102333931777379, 0.9197860962566845, 0.9157706093189965, 0.9178832116788321, 0.889090909090909, 0.9176029962546817, 0.9044943820224719, 0.9183673469387755, 0.8990990990990991, 0.8946428571428572, 0.907103825136612, 0.929368029739777, 0.924074074074074, 0.9089253187613844, 0.9028776978417267, 0.9085923217550275], "2": [0.9176029962546817, 0.9155722326454033, 0.8985239852398524, 0.8996350364963503, 0.9166666666666666, 0.9259927797833934, 0.9129662522202486, 0.9355992844364938, 0.9144385026737968, 0.9285714285714286, 0.9187279151943463, 0.9233511586452763, 0.8975265017667845, 0.9305301645338209, 0.9264705882352942, 0.9166666666666666, 0.907942238267148, 0.9057971014492754, 0.9089253187613844, 0.9246323529411765], "3": [0.9230769230769231, 0.9518518518518518, 0.9166666666666666, 0.9153153153153153, 0.9045936395759717, 0.933572710951526, 0.9192100538599641, 0.905693950177936, 0.9361313868613139, 0.9482439926062847, 0.9188191881918819, 0.9323308270676691, 0.9094269870609981, 0.9349442379182156, 0.9373848987108656, 0.933456561922366, 0.8937728937728938, 0.9212007504690432, 0.9344894026974951, 0.9252873563218391],