{"chains": {"2": {"len_stable_docs": {"0": [580, 576, 579, 586, 586, 595, 591, 577, 576, 563, 559, 564, 575, 579, 574, 567, 570, 579, 580, 584, 582], "1": [582, 575, 581, 583, 577, 592, 594, 598, 605, 605, 605, 612, 607, 600, 608, 601, 598, 597, 598, 595, 588], "2": [588, 578, 577, 579, 583, 592, 598, 596, 592, 587, 587, 588, 604, 610, 615, 618, 615, 604, 597, 594, 592], "3": [592, 589, 595, 612, 606, 617, 607, 611, 610, 616, 612, 613, 606, 608, 613, 611, 608, 613, 598, 615, 625], "4": [625, 616, 615, 602, 599, 604, 600, 597, 595, 594, 589, 582, 584, 576, 588, 586, 591, 593, 594, 604, 591]}, "jaccard": {"0": [0.9363484087102177, 0.931438127090301, 0.9067103109656302, 0.921311475409836, 0.9265905383360522, 0.9253246753246753, 0.911620294599018, 0.9280936454849499, 0.9305084745762712, 0.9378238341968912, 0.9395509499136442, 0.9403747870528109, 0.9233333333333333, 0.931323283082077, 0.9404761904761905, 0.9173693086003373, 0.9214046822742475, 0.9446308724832215, 0.9207920792079208, 0.9530988274706867], "1": [0.9251247920133111, 0.9298831385642737, 0.9239669421487603, 0.9237147595356551, 0.9101307189542484, 0.9159935379644588, 0.9477124183006536, 0.9309791332263242, 0.9329073482428115, 0.9298245614035088, 0.9378980891719745, 0.9441786283891547, 0.9499192245557351, 0.9390048154093098, 0.9282296650717703, 0.9559543230016313, 0.943089430894309, 0.943089430894309, 0.9210950080515298, 0.9298531810766721], "2": [0.9240924092409241, 0.9411764705882353, 0.9428571428571428, 0.9270315091210614, 0.9389438943894389, 0.9444444444444444, 0.9104, 0.9411764705882353, 0.9264705882352942, 0.9469320066334992, 0.9389438943894389, 0.9445350734094616, 0.9362041467304625, 0.9382911392405063, 0.9356357927786499, 0.9235569422776911, 0.9349206349206349, 0.9216, 0.9303079416531604, 0.9284552845528455], "3": [0.9392446633825944, 0.9505766062602965, 0.9342948717948718, 0.9425837320574163, 0.9229559748427673, 0.9490445859872612, 0.9456869009584664, 0.950479233226837, 0.9584664536741214, 0.9523052464228935, 0.9475357710651828, 0.9196850393700787, 0.9486356340288925, 0.9319620253164557, 0.9367088607594937, 0.9166666666666666, 0.9319620253164557, 0.9438202247191011, 0.9315286624203821, 0.9284603421461898], "4": [0.9330218068535826, 0.9204368174726989, 0.9472, 0.9402261712439418, 0.9248, 0.9356913183279743, 0.9431818181818182, 0.9194847020933977, 0.9364820846905537, 0.9111470113085622, 0.9323432343234324, 0.9433333333333334, 0.939799331103679, 0.9207920792079208, 0.9183006535947712, 0.9200652528548124, 0.9378068739770867, 0.9427168576104746, 0.9229534510433387, 0.9212218649517685]}, "ratio": {"0": [0.2, 0.2, 0.2, 0.2, 0.2, 0.2, 0.2, 0.2, 0.2, 0.2, 0.2, 0.2, 0.2, 0.2, 0.2, 0.2, 0.2, 0.2, 0.2, 0.2, 0.2], "1": [0.2, 0.2, 0.2, 0.2, 0.2, 0.2, 0.2, 0.2, 0.2, 0.2, 0.2, 0.2, 0.2, 0.2, 0.2, 0.2, 0.2, 0.2, 0.2, 0.2, 0.2], "2": [0.2, 0.2, 0.2, 0.2, 0.2, 0.2, 0.2, 0.2, 0.2, 0.2, 0.2, 0.2, 0.2, 0.2, 0.2, 0.2, 0.2, 0.2, 0.2, 0.2, 0.2], "3": [0.2, 0.2, 0.2, 0.2, 0.2, 0.2, 0.2, 0.2, 0.2, 0.2, 0.2, 0.2, 0.2, 0.2, 0.2, 0.2, 0.2, 0.2, 0.2, 0.2, 0.2], "4": [0.2, 0.2, 0.2, 0.2, 0.2, 0.2, 0.2, 0.2, 0.2, 0.2, 0.2, 0.2, 0.2, 0.2, 0.2, 0.2, 0.2, 0.2, 0.2, 0.2, 0.2]}, "record_time": 4, "converged": false}, "1": {"len_stable_docs": {"0": [617, 621, 615, 609, 606, 615, 605, 600, 602, 601, 603, 603, 604, 600, 601, 595, 596, 602, 605, 603, 596], "1": [596, 590, 592, 593, 599, 604, 608, 611, 607, 616, 607, 618, 613, 608, 608, 601, 613, 610, 621, 623, 623], "2": [623, 632, 625, 622, 616, 611, 601, 603, 593, 599, 611, 620, 622, 621, 621, 622, 619, 610, 618, 614, 627], "3": [627, 635, 629, 631, 632, 625, 627, 621, 609, 610, 611, 607, 607, 610, 617, 621, 616, 610, 608, 618, 622], "4": [622, 629, 642, 644, 636, 628, 620, 617, 607, 604, 602, 600, 603, 595, 605, 599, 586, 574, 580, 589, 600]}, "jaccard": {"0": [0.9313572542901716, 0.9403453689167975, 0.9275590551181102, 0.9408945686900958, 0.9350237717908082, 0.9395866454689984, 0.928, 0.9449838187702265, 0.9309791332263242, 0.9450726978998385, 0.9389067524115756, 0.9499192245557351, 0.9450726978998385, 0.9246794871794872, 0.9352750809061489, 0.9303079416531604, 0.9416531604538088, 0.9467741935483871, 0.9452495974235104, 0.9184], "1": [0.9410801963993454, 0.9282218597063622, 0.9458128078817734, 0.925686591276252, 0.9186602870813397, 0.9207606973058637, 0.9441786283891547, 0.9519230769230769, 0.925984251968504, 0.925984251968504, 0.9291338582677166, 0.9385826771653544, 0.9411764705882353, 0.954983922829582, 0.95, 0.9424, 0.9536741214057508, 0.9416403785488959, 0.9376947040498442, 0.940809968847352], "2": [0.9397217928902627, 0.9488372093023256, 0.9484375, 0.9404388714733543, 0.9231974921630094, 0.9423076923076923, 0.9388083735909822, 0.9352750809061489, 0.9477124183006536, 0.9484702093397746, 0.9385826771653544, 0.9436619718309859, 0.9361370716510904, 0.9559055118110236, 0.9605678233438486, 0.9390625, 0.9507936507936507, 0.9492063492063492, 0.958664546899841, 0.945141065830721], "3": [0.9565891472868217, 0.9476117103235747, 0.9354838709677419, 0.9490740740740741, 0.9428129829984544, 0.9380804953560371, 0.95, 0.9462025316455697, 0.9318541996830428, 0.9380952380952381, 0.9488, 0.9486356340288925, 0.9503205128205128, 0.9292452830188679, 0.9253499222395023, 0.9419152276295133, 0.9368088467614534, 0.9272151898734177, 0.946031746031746, 0.9435736677115988], "4": [0.9365325077399381, 0.9404580152671755, 0.9309309309309309, 0.9512195121951219, 0.9416282642089093, 0.9409020217729394, 0.9208074534161491, 0.9275590551181102, 0.9345047923322684, 0.9483037156704361, 0.9355877616747182, 0.9434571890145396, 0.9229534510433387, 0.9354838709677419, 0.9111111111111111, 0.9362745098039216, 0.9333333333333333, 0.932998324958124, 0.9322314049586777, 0.9364820846905537]}, "ratio": {"0": [0.2, 0.2, 0.2, 0.2, 0.2, 0.2, 0.2, 0.2, 0.2, 0.2, 0.2, 0.2, 0.2, 0.2, 0.2, 0.2, 0.2, 0.2, 0.2, 0.2, 0.2], "1": [0.2, 0.2, 0.2, 0.2, 0.2, 0.2, 0.2, 0.2, 0.2, 0.2, 0.2, 0.2, 0.2, 0.2, 0.2, 0.2, 0.2, 0.2, 0.2, 0.2, 0.2], "2": [0.2, 0.2, 0.2, 0.2, 0.2, 0.2, 0.2, 0.2, 0.2, 0.2, 0.2, 0.2, 0.2, 0.2, 0.2, 0.2, 0.2, 0.2, 0.2, 0.2, 0.2], "3": [0.2, 0.2, 0.2, 0.2, 0.2, 0.2, 0.2, 0.2, 0.2, 0.2, 0.2, 0.2, 0.2, 0.2, 0.2, 0.2, 0.2, 0.2, 0.2, 0.2, 0.2], "4": [0.2, 0.2, 0.2, 0.2, 0.2, 0.2, 0.2, 0.2, 0.2, 0.2, 0.2, 0.2, 0.2, 0.2, 0.2, 0.2, 0.2, 0.2, 0.2, 0.2, 0.2]}, "record_time": 4, "converged": false}, "3": {"len_stable_docs": {"0": [603, 612, 604, 592, 588, 575, 570, 573, 577, 578, 590, 599, 599, 593, 594, 595, 605, 606, 596, 606, 614], "1": [614, 609, 607, 603, 611, 607, 605, 608, 600, 584, 582, 593, 590, 586, 589, 589, 593, 603, 600, 595, 593], "2": [593, 594, 582, 583, 579, 586, 578, 576, 574, 581, 575, 587, 589, 585, 595, 593, 580, 584, 586, 593, 595], "3": [595, 593, 597, 594, 588, 578, 572, 565, 569, 559, 570, 575, 576, 582, 580, 576, 585, 583, 589, 587, 600], "4": [600, 602, 601, 608, 605, 593, 600, 584, 593, 591, 594, 607, 603, 607, 596, 587, 597, 606, 614, 620, 613]}, "jaccard": {"0": [0.931637519872814, 0.9301587301587302, 0.9259259259259259, 0.9281045751633987, 0.912828947368421, 0.9505962521294719, 0.927487352445194, 0.9458544839255499, 0.9411764705882353, 0.9337748344370861, 0.9396411092985318, 0.9543230016313213, 0.9194847020933977, 0.9395424836601307, 0.9208400646203554, 0.938610662358643, 0.919175911251981, 0.9201277955271565, 0.9481361426256077, 0.9273301737756714], "1": [0.935126582278481, 0.9487179487179487, 0.9453376205787781, 0.9362041467304625, 0.9364069952305246, 0.9361022364217252, 0.9253968253968254, 0.9358974358974359, 0.9378068739770867, 0.9563758389261745, 0.945364238410596, 0.9489291598023064, 0.9405940594059405, 0.9293924466338259, 0.9503311258278145, 0.9472817133443163, 0.9197431781701445, 0.9217252396166135, 0.943089430894309, 0.9443535188216039],