Gamma,Alpha,Eta,Run_Index,Live_Topics,LL_per_word,Weighted_NPMI,Weighted_Cv,Unweighted_NPMI,Unweighted_Cv,Perplexity,Weighted_Renyi_Entropy,JSD_Diversity,Iterations,Converged,Time_sec
0.1,0.01,0.01,1,4,-6.671353786,0.015980385,0.486104078,-0.093574031,0.422596623,789.4636461,5.694133523,0.905775849,1060,Yes,9.800537825
0.1,0.01,0.01,2,4,-6.671463398,0.015788901,0.486169339,-0.110228805,0.410944741,789.5501854,5.695741415,0.894297226,1060,Yes,9.096899509
0.1,0.01,0.01,3,5,-6.670682087,0.016194124,0.48655063,-0.120286122,0.474282106,788.9335422,5.692400893,0.903275994,1060,Yes,9.705595255
0.1,0.01,0.01,4,5,-6.655771727,0.010004178,0.491323096,-0.057703588,0.439637749,777.2575225,5.746492952,0.949140451,1060,Yes,9.859597921
0.1,0.01,0.01,5,4,-6.674841852,0.004749747,0.457053822,-0.100498156,0.406203221,792.2221558,5.696877371,0.902852574,1060,Yes,8.932992935
0.1,0.01,0.05,1,4,-6.619392376,0.015412317,0.485472498,-0.140218946,0.420522617,749.489551,5.697518202,0.894618094,1060,Yes,9.47095418
0.1,0.01,0.05,2,4,-6.619200299,0.020377435,0.485455849,-0.102520294,0.411863669,749.345605,5.698238057,0.895204017,1060,Yes,9.405578375
0.1,0.01,0.05,3,4,-6.619848914,0.015396757,0.486087527,-0.141891804,0.43316463,749.8317994,5.6988474,0.877755214,1060,Yes,9.257099867
0.1,0.01,0.05,4,4,-6.620951826,0.020928732,0.485567612,-0.099512556,0.476605988,750.659254,5.697614892,0.884060411,1060,Yes,9.482642651
0.1,0.01,0.05,5,4,-6.625412137,0.004440702,0.457118755,-0.145527219,0.413481323,754.0149059,5.700648743,0.884393428,1060,Yes,9.464227438
0.1,0.01,0.1,1,4,-6.601133805,0.020162211,0.485265024,-0.135026929,0.421368564,735.9291164,5.703265938,0.892608642,1060,Yes,9.140281677
0.1,0.01,0.1,2,4,-6.601133665,0.020229854,0.486001091,0.010255759,0.415174263,735.9290132,5.703852342,0.835855326,1060,Yes,8.893333673
0.1,0.01,0.1,3,4,-6.600455455,0.019918065,0.485452452,-0.03193972,0.399997194,735.4300682,5.701151855,0.839614341,1060,Yes,8.895070553
0.1,0.01,0.1,4,4,-6.601439117,0.017196443,0.467503307,-0.011812712,0.429177487,736.1538392,5.703196821,0.834016538,1060,Yes,8.85262084
0.1,0.01,0.1,5,5,-6.606042605,0.014114946,0.46843378,0.031103077,0.41504313,739.5505265,5.710415503,0.875390613,1060,Yes,9.595407724
0.1,0.01,0.5,1,3,-6.573532746,0.021337693,0.486006661,-0.189935983,0.477787319,715.8944544,5.720556219,0.804095667,1060,Yes,9.352822065
0.1,0.01,0.5,2,2,-6.574001509,0.021126805,0.486414894,-0.264272336,0.519903653,716.230118,5.725194417,0.721737792,1060,Yes,8.883092642
0.1,0.01,0.5,3,3,-6.573156481,0.020050016,0.484997466,-0.163533742,0.460140825,715.6251387,5.729644706,0.850353171,1060,Yes,8.749797106
0.1,0.01,0.5,4,3,-6.574861006,0.0213905,0.48506982,-0.140814454,0.447417831,716.8459802,5.724292013,0.840862801,1060,Yes,8.883567333
0.1,0.01,0.5,5,3,-6.580566908,0.008102903,0.461379549,-0.153137444,0.438986526,720.9479244,5.733548822,0.851919324,1060,Yes,8.711046696
0.1,0.01,1,1,3,-6.572700795,0.018824712,0.481588827,-0.139033838,0.441986273,715.2991126,5.751250321,0.85475224,1060,Yes,8.537657738
0.1,0.01,1,2,2,-6.573356363,0.021410454,0.486044323,-0.264272336,0.519903653,715.7681939,5.746398555,0.726175998,1060,Yes,8.534859419
0.1,0.01,1,3,2,-6.57375871,0.021342378,0.48613326,-0.264272336,0.519903653,716.0562387,5.753600797,0.721701857,1060,Yes,8.91131711
0.1,0.01,1,4,2,-6.57382663,0.021138151,0.486400071,-0.1689691,0.508518391,716.1048755,5.754414731,0.783872021,1060,Yes,9.099089146
0.1,0.01,1,5,2,-6.579049627,0.009366019,0.463259137,-0.270691643,0.508415145,719.8548736,5.763524346,0.725036187,1060,Yes,8.343101501
0.1,0.01,2,1,2,-6.58492465,0.01916181,0.482792187,-0.170533165,0.506502141,724.0964851,5.799669089,0.78586783,1060,Yes,9.161702156
0.1,0.01,2,2,2,-6.585010809,0.013183499,0.478483765,-0.174528906,0.503676066,724.1588748,5.799402641,0.778751878,1060,Yes,9.210912943
0.1,0.01,2,3,2,-6.585066815,0.013326205,0.478484532,-0.174528906,0.503676066,724.1994334,5.80153562,0.785619258,1060,Yes,9.203552961
0.1,0.01,2,4,2,-6.591373289,0.007714752,0.460506321,-0.271375883,0.507150697,728.7810096,5.81978911,0.724688658,1060,Yes,9.128323555
0.1,0.01,2,5,2,-6.590587185,0.009555106,0.4634219,-0.177528176,0.49320038,728.2083371,5.815550858,0.791481332,1060,Yes,8.978854418
0.1,0.01,5,1,2,-6.630064274,0.021114359,0.484745708,-0.169342779,0.507875957,757.5308585,5.946577459,0.785621351,1060,Yes,9.060763121
0.1,0.01,5,2,2,-6.630014311,0.02112686,0.484732872,-0.169342779,0.507875957,757.493011,5.945374996,0.785979945,1060,Yes,9.004462242
0.1,0.01,5,3,2,-6.63005223,0.019323642,0.482706317,-0.170533165,0.506502141,757.5217349,5.94672754,0.785561574,1060,Yes,9.279948711
0.1,0.01,5,4,2,-6.630137203,0.012921883,0.474946859,-0.17489816,0.501287557,757.5861067,5.947088719,0.785590572,1060,Yes,8.919074535
0.1,0.01,5,5,2,-6.630038346,0.013010932,0.474969481,-0.17489816,0.501287557,757.5112174,5.945312207,0.786038873,1060,Yes,8.126726151
0.1,0.05,0.01,1,3,-6.673513354,0.01534389,0.486695947,-0.226096719,0.468443626,791.1703891,5.699699472,0.816365679,1060,Yes,9.014923096
0.1,0.05,0.01,2,4,-6.676768352,0.01753903,0.467305614,-0.177506529,0.431386119,793.7498427,5.693345435,0.859282781,1060,Yes,8.564957619
0.1,0.05,0.01,3,4,-6.674270487,0.018028083,0.46851716,-0.142005278,0.492259882,791.7696371,5.693007158,0.864053936,1060,Yes,9.452151299
0.1,0.05,0.01,4,3,-6.676140318,0.015733725,0.485683242,-0.255046387,0.457026254,793.2514972,5.694881298,0.831344586,1060,Yes,9.327426672
0.1,0.05,0.01,5,5,-6.648759275,0.011097942,0.495948493,-0.059792139,0.485349379,771.8261071,5.744369539,0.949648624,1060,Yes,9.276058674
0.1,0.05,0.05,1,6,-6.621885459,0.015729699,0.48557496,-0.122466206,0.451078309,751.3604218,5.689556401,0.928766128,1060,Yes,9.508849382
0.1,0.05,0.05,2,6,-6.624866136,0.020433547,0.484796768,-0.078717508,0.388098489,753.6033252,5.687137242,0.936831337,1190,Yes,11.09378839
0.1,0.05,0.05,3,4,-6.621180138,0.018238434,0.468217643,-0.137325665,0.475138038,750.830658,5.698298383,0.852322598,1060,Yes,9.260917664
0.1,0.05,0.05,4,3,-6.621666228,0.021597731,0.486114071,-0.192235492,0.508961644,751.1957184,5.698226718,0.79173001,1060,Yes,9.522083759
0.1,0.05,0.05,5,4,-6.630916324,0.009311691,0.46385562,-0.102593559,0.458239893,758.1765879,5.714270254,0.850301453,1060,Yes,9.591086388
0.1,0.05,0.1,1,4,-6.604959532,0.014690227,0.484946799,-0.179888147,0.42569117,738.749973,5.69913561,0.878938581,1060,Yes,9.185671329
0.1,0.05,0.1,2,4,-6.603904436,0.021650231,0.465795455,-0.13762247,0.410260267,737.9709319,5.698827725,0.889794607,1060,Yes,9.254425287
0.1,0.05,0.1,3,6,-6.602240354,0.021056991,0.48610512,-0.052735803,0.454380115,736.7439091,5.693456647,0.902714045,1060,Yes,9.685406685
0.1,0.05,0.1,4,4,-6.60374267,0.020617145,0.484602826,-0.020113741,0.389605375,737.8515632,5.703699626,0.808023564,1060,Yes,8.724187374
0.1,0.05,0.1,5,4,-6.616564658,0.020816208,0.465209602,0.005585864,0.524909096,747.3731993,5.745062459,0.792398204,1060,Yes,8.618481159
0.1,0.05,0.5,1,3,-6.559427544,0.009737775,0.4751843,-0.133704759,0.493773407,705.8675012,5.698898723,0.671689449,1060,Yes,9.007347107
0.1,0.05,0.5,2,2,-6.576575559,0.021235834,0.486272455,-0.264272336,0.519903653,718.0761046,5.725501571,0.725419299,1060,Yes,8.756516933
0.1,0.05,0.5,3,3,-6.577227664,0.020810412,0.485887251,-0.133589467,0.480630611,718.5445187,5.72764598,0.847044549,1060,Yes,8.555921316
0.1,0.05,0.5,4,3,-6.562855934,0.014474432,0.476324703,-0.131331142,0.480024682,708.2916427,5.710055176,0.712380204,1060,Yes,8.816077232
0.1,0.05,0.5,5,3,-6.554558408,0.0156035,0.476324453,-0.262032608,0.509652778,702.4388898,5.696036336,0.703008416,1060,Yes,8.96720171
0.1,0.05,1,1,3,-6.577013856,0.021363362,0.486062411,-0.18893159,0.480887808,718.3909043,5.747917244,0.814963078,1060,Yes,9.257017612
0.1,0.05,1,2,2,-6.576235835,0.021292388,0.486198569,-0.264272336,0.519903653,717.8321987,5.75029509,0.722206581,1060,Yes,8.757799625
0.1,0.05,1,3,3,-6.574832656,0.021232763,0.485370513,-0.129389183,0.458334315,716.8256579,5.749516134,0.848249367,1060,Yes,8.941875219
0.1,0.05,1,4,2,-6.574318926,0.021376416,0.486088792,-0.1689691,0.508518391,716.4574976,5.753716984,0.776386051,1060,Yes,9.12717104
0.1,0.05,1,5,3,-6.557453405,0.013140999,0.450705555,-0.13164419,0.460681708,704.4753946,5.73903482,0.677738242,1060,Yes,8.869834661
0.1,0.05,2,1,2,-6.586588191,0.010237885,0.475682084,-0.176241981,0.501863486,725.3020514,5.800624661,0.785552793,1060,Yes,9.01755929
0.1,0.05,2,2,2,-6.588676663,0.013041848,0.478483003,-0.174528906,0.503676066,726.8184077,5.798936044,0.778882917,1070,Yes,9.136777401
0.1,0.05,2,3,2,-6.585956247,0.01299829,0.478482769,-0.174528906,0.503676066,724.8438458,5.798150581,0.786207211,1060,Yes,9.281356812
0.1,0.05,2,4,2,-6.587797261,0.021455838,0.485985032,-0.1689691,0.508518391,726.179523,5.811012588,0.77544878,1060,Yes,9.205964327
0.1,0.05,2,5,2,-6.592058415,0.008454607,0.463597316,-0.271040368,0.508686935,729.2804882,5.817274799,0.725051925,1060,Yes,8.887378931
0.1,0.05,5,1,2,-6.631428746,0.021439023,0.486006999,-0.1689691,0.508518391,758.5651935,5.946092313,0.77842657,1060,Yes,9.004714489
0.1,0.05,5,2,2,-6.631501328,0.021033143,0.484829095,-0.169342779,0.507875957,758.6202543,5.946801076,0.785564562,1060,Yes,9.303326607
0.1,0.05,5,3,2,-6.630146304,0.010626533,0.47574823,-0.176241981,0.501863486,757.5930012,5.945428127,0.785900709,1060,Yes,8.992880583
0.1,0.05,5,4,2,-6.630530936,0.021569297,0.485836804,-0.1689691,0.508518391,757.8844519,5.944143998,0.779084972,1060,Yes,8.902000666
0.1,0.05,5,5,2,-6.636258745,0.01076526,0.464463579,-0.177528176,0.49320038,762.2379253,5.961299457,0.772256694,1060,Yes,8.816162586
0.1,0.1,0.01,1,5,-6.680175886,0.020915098,0.485625242,-0.061793036,0.474765308,796.4591859,5.681893649,0.929492298,1060,Yes,9.350089788
0.1,0.1,0.01,2,8,-6.683806782,0.00655972,0.441123799,-0.086473211,0.45014785,799.3563024,5.68548051,0.93967389,1060,Yes,9.759247541
0.1,0.1,0.01,3,5,-6.657527472,0.010383121,0.493340426,-0.085924649,0.465256806,778.623387,5.744568621,0.956363371,1060,Yes,9.355126143
0.1,0.1,0.01,4,4,-6.675859545,0.017536253,0.46739209,-0.223446726,0.453456286,793.0288046,5.690267258,0.806110045,1060,Yes,9.624653101
0.1,0.1,0.01,5,4,-6.683013988,0.000395546,0.452813538,-0.169244285,0.433078245,798.7228286,5.693474328,0.864811485,1110,Yes,9.575889587
0.1,0.1,0.05,1,4,-6.627362538,0.020785475,0.486385933,-0.093080237,0.542809408,755.4869725,5.686756998,0.895433945,1060,Yes,9.555421352
0.1,0.1,0.05,2,7,-6.633335397,0.012760413,0.476250553,-0.075840214,0.39682085,760.0128929,5.692856984,0.921644432,1060,Yes,9.413419247
0.1,0.1,0.05,3,5,-6.624093744,0.020162473,0.485413079,-0.097244853,0.436642236,753.0214729,5.690954306,0.877941484,1060,Yes,9.211572409
0.1,0.1,0.05,4,6,-6.623065166,0.0168819,0.467727535,-0.023636213,0.482283724,752.2473301,5.687418987,0.89318527,1060,Yes,9.640970707
0.1,0.1,0.05,5,5,-6.633389405,0.004067543,0.456728443,-0.104760676,0.426519843,760.0539402,5.698051173,0.896730916,1060,Yes,9.481026888
0.1,0.1,0.1,1,5,-6.610864062,0.020357804,0.484592803,-0.010606032,0.359315875,743.1248475,5.698146417,0.893055601,1060,Yes,8.716663122
0.1,0.1,0.1,2,6,-6.618556646,0.013243839,0.470181902,-0.094973782,0.395632921,748.8634417,5.72281158,0.892745769,1060,Yes,10.00891662
0.1,0.1,0.1,3,4,-6.607007995,0.020186075,0.485065614,-0.129495018,0.436598895,740.2648258,5.699473745,0.890355497,1090,Yes,8.923570156
0.1,0.1,0.1,4,7,-6.57709307,0.022963456,0.489259269,-0.049716755,0.504042877,718.447813,5.661536178,0.913210769,1100,Yes,9.97099185
0.1,0.1,0.1,5,6,-6.606995942,0.004951254,0.459899409,-0.096742415,0.422074287,740.2559033,5.701799716,0.906525824,1060,Yes,9.835717916
0.1,0.1,0.5,1,4,-6.576603577,0.020583886,0.484082269,-0.138726174,0.417525659,718.0962243,5.726226562,0.87291247,1080,Yes,9.400022268
0.1,0.1,0.5,2,3,-6.566367853,0.018145003,0.476426857,-0.129473434,0.479974854,710.7834788,5.708887206,0.722697941,1060,Yes,8.692198277
0.1,0.1,0.5,3,3,-6.566601776,0.013080785,0.457799846,-0.214698675,0.498119623,710.9497672,5.704190577,0.700944134,1060,Yes,9.523637533
0.1,0.1,0.5,4,3,-6.578780356,0.020629098,0.484263869,-0.148209253,0.452257562,719.6610633,5.72562676,0.845550525,1060,Yes,8.596718311
0.1,0.1,0.5,5,4,-6.572424768,0.006112869,0.44474439,-0.115101695,0.449645959,715.1016981,5.713670087,0.776942345,1060,Yes,9.017029047
0.1,0.1,1,1,3,-6.576739465,0.019303002,0.48245695,-0.101047516,0.4572071,718.1938114,5.749860754,0.850300515,1060,Yes,9.231219292
0.1,0.1,1,2,3,-6.58861308,0.01319925,0.477914189,-0.250739128,0.453078663,726.772196,5.768445389,0.812848286,1060,Yes,8.939729214
0.1,0.1,1,3,3,-6.567300452,0.013451125,0.438269608,-0.130304935,0.466515475,711.4466638,5.744067176,0.666932536,1060,Yes,8.926868439
0.1,0.1,1,4,3,-6.581125472,0.021189963,0.485339994,-0.222687972,0.468746153,721.3507328,5.748836928,0.809802622,1060,Yes,9.133197546
0.1,0.1,1,5,3,-6.564860122,0.011163596,0.456949259,-0.13178668,0.476974206,709.7126163,5.745261344,0.682825847,1060,Yes,8.884576797
0.1,0.1,2,1,2,-6.589741387,0.021597866,0.485799481,-0.1689691,0.508518391,727.5926809,5.801734341,0.785343884,1070,Yes,8.974149942
0.1,0.1,2,2,2,-6.586522609,0.0215637,0.485844116,-0.1689691,0.508518391,725.2544863,5.802323924,0.785056446,1060,Yes,9.156650543
0.1,0.1,2,3,3,-6.590551459,0.018721799,0.482298041,-0.147137362,0.424918303,728.182322,5.808523646,0.85330339,1060,Yes,8.671428204
0.1,0.1,2,4,2,-6.586720572,0.013169361,0.478483689,-0.268442191,0.516271909,725.398074,5.799400275,0.726313306,1090,Yes,8.800325632
0.1,0.1,2,5,2,-6.592605482,0.009176154,0.463095705,-0.270691643,0.508415145,729.6795625,5.809271779,0.730067035,1060,Yes,8.75541091
0.1,0.1,5,1,2,-6.632274169,0.012862272,0.474931716,-0.17489816,0.501287557,759.2067731,5.945429676,0.794563237,1060,Yes,8.843161345
0.1,0.1,5,2,2,-6.638614516,0.010992164,0.464658894,-0.177528176,0.49320038,764.0357003,5.961437371,0.770095231,1060,Yes,8.652293444
0.1,0.1,5,3,2,-6.634741784,0.019073027,0.482839296,-0.170533165,0.506502141,761.0825166,5.951664445,0.773911488,1060,Yes,8.992749929
0.1,0.1,5,4,2,-6.635326464,0.010992164,0.464658894,-0.177528176,0.49320038,761.5276365,5.956397507,0.794230745,1060,Yes,8.590588331
0.1,0.1,5,5,2,-6.638080264,0.01023286,0.464005299,-0.177528176,0.49320038,763.6276216,5.959320152,0.781166507,1060,Yes,8.920784473
0.1,0.5,0.01,1,3,-6.698235709,0.006302656,0.458820721,-0.28074283,0.477582135,810.9737681,5.69520301,0.747328875,1140,Yes,9.385796785
0.1,0.5,0.01,2,7,-6.69905485,0.005952169,0.460259044,-0.114245821,0.476908587,811.6383427,5.669859667,0.936580769,1270,Yes,11.1447556
0.1,0.5,0.01,3,9,-6.690031534,0.015805185,0.485883469,-0.113737757,0.497998411,804.3476159,5.643442154,0.944989981,1090,Yes,9.995192528
0.1,0.5,0.01,4,8,-6.696643102,0.005776325,0.459632184,-0.212993588,0.447553776,809.6832339,5.654194686,0.879132101,1110,Yes,10.07067752
0.1,0.5,0.01,5,11,-6.664681271,0.010626058,0.476543282,-0.115747693,0.406710013,784.2134735,5.603186277,0.942109593,1400,Yes,13.14002061
0.1,0.5,0.05,1,5,-6.642735386,0.008814029,0.463070317,-0.17462832,0.486185178,767.1906884,5.695364461,0.882478589,1210,Yes,10.33376431
0.1,0.5,0.05,2,4,-6.64821093,0.006552636,0.461003441,-0.23221099,0.451708452,771.4029966,5.686309733,0.865553638,1100,Yes,9.321866751
0.1,0.5,0.05,3,7,-6.641037168,0.02064611,0.484672028,-0.123868785,0.469574419,765.8889366,5.672784347,0.911020174,1080,Yes,9.539662361
0.1,0.5,0.05,4,7,-6.648610529,0.004306585,0.456532038,-0.138634819,0.449060363,771.7113099,5.672532402,0.929886279,1090,Yes,9.791806936
0.1,0.5,0.05,5,7,-6.650815314,0.018612159,0.484496913,-0.098925579,0.491878471,773.4146442,5.650343362,0.94825906,1060,Yes,9.060824871
0.1,0.5,0.1,1,4,-6.62694571,0.009116496,0.462858771,-0.126500944,0.487755235,755.1721298,5.704787317,0.911561573,1060,Yes,8.836516142
0.1,0.5,0.1,2,5,-6.633083906,0.007851724,0.461506705,-0.012462437,0.391635246,759.82178,5.690129845,0.868777614,1060,Yes,9.274146557
0.1,0.5,0.1,3,5,-6.619100849,0.019866028,0.484310255,-0.099106352,0.491555298,749.271086,5.68289745,0.917202863,1080,Yes,9.224928617
0.1,0.5,0.1,4,6,-6.622489095,0.006427718,0.461405213,-0.165202729,0.444624369,751.814107,5.696153258,0.914946449,1090,Yes,9.491872311
0.1,0.5,0.1,5,6,-6.62585374,0.019383987,0.487098923,-0.109317761,0.464071478,754.3479546,5.667588462,0.921587676,1100,Yes,9.998486996
0.1,0.5,0.5,1,4,-6.594497098,0.011709135,0.477420485,-0.122384712,0.538969121,731.0611424,5.72928297,0.868288442,1100,Yes,9.33432889
0.1,0.5,0.5,2,3,-6.596468019,0.02048805,0.482111879,-0.126514232,0.473043554,732.5034265,5.729064355,0.798709429,1060,Yes,8.900909901
0.1,0.5,0.5,3,4,-6.577496804,0.016163073,0.48079185,-0.151446755,0.463004042,718.737934,5.711996381,0.779478021,1100,Yes,9.176313877
0.1,0.5,0.5,4,4,-6.569679452,0.013834315,0.48175871,-0.119869108,0.497534962,713.1412104,5.700073062,0.854223629,1120,Yes,9.426897287
0.1,0.5,0.5,5,4,-6.590874495,0.011406133,0.473417281,-0.152448704,0.421345526,728.4175886,5.714041083,0.902632121,1070,Yes,9.182119608
0.1,0.5,1,1,3,-6.592300234,0.009148148,0.462650751,-0.161847881,0.424413963,729.4568629,5.767238886,0.831995615,1060,Yes,8.309251785
0.1,0.5,1,2,3,-6.594661767,0.007755295,0.46138858,-0.168949391,0.423019404,731.1815353,5.758823388,0.830210484,1060,Yes,8.471921921
0.1,0.5,1,3,3,-6.581451031,0.021516523,0.485862536,-0.098618976,0.4625949,721.5856134,5.747843222,0.861622423,1070,Yes,8.734556675
0.1,0.5,1,4,3,-6.588615821,0.012557758,0.485666678,-0.133308612,0.494672497,726.7741875,5.753168759,0.810109791,1060,Yes,8.538022995
0.1,0.5,1,5,3,-6.590784191,0.007785585,0.475166665,-0.184804316,0.483889797,728.3518127,5.749266832,0.841751334,1070,Yes,8.532965183
0.1,0.5,2,1,2,-6.597138409,0.009793738,0.46362731,-0.270691643,0.508415145,732.9946544,5.813075628,0.725602037,1100,Yes,9.245988369
0.1,0.5,2,2,3,-6.601925026,0.009118966,0.462779295,-0.149078009,0.437289048,736.5116294,5.810255924,0.867296173,1060,Yes,8.44404912
0.1,0.5,2,3,3,-6.59598646,0.021319844,0.485443344,-0.142489465,0.44200495,732.1507683,5.801838969,0.884618466,1080,Yes,8.462167501
0.1,0.5,2,4,2,-6.59556014,0.009815634,0.463646158,-0.270691643,0.508415145,731.8387042,5.816789839,0.72510257,1060,Yes,8.032473803
0.1,0.5,2,5,3,-6.593820505,0.010737935,0.475448007,-0.148801367,0.452874067,730.5666785,5.798805918,0.864566919,1060,Yes,7.926028013
0.1,0.5,5,1,2,-6.637278762,0.01133252,0.464951866,-0.177528176,0.49320038,763.0158178,5.960611846,0.772542862,1060,Yes,9.004057646
0.1,0.5,5,2,2,-6.640981127,0.013866144,0.478487435,-0.174528906,0.503676066,765.8460165,5.952384534,0.784849957,1060,Yes,8.910556793
0.1,0.5,5,3,2,-6.631722586,0.010778758,0.475774139,0.010728051,0.475765508,758.7881232,5.945830451,0.358544102,1060,Yes,8.887057066
0.1,0.5,5,4,2,-6.637241608,0.013694983,0.485484834,-0.175024319,0.508734687,762.9874689,5.951240626,0.785330311,1060,Yes,8.606559992
0.1,0.5,5,5,2,-6.634698682,0.019194575,0.482774801,-0.170533165,0.506502141,761.0497136,5.944535999,0.786218428,1060,Yes,8.799534798
0.1,1,0.01,1,8,-6.716981253,0.016891969,0.467595635,-0.094512519,0.424635206,826.3192935,5.665508272,0.968961229,1060,Yes,9.914529085
0.1,1,0.01,2,10,-6.699517949,0.014693467,0.486858201,-0.117066921,0.450292396,812.0142987,5.671322731,0.935853881,1280,Yes,11.45858312
0.1,1,0.01,3,9,-6.712692451,0.004210606,0.4573118,-0.114492024,0.413102312,822.7829626,5.648676045,0.966611993,1170,Yes,10.86449742
0.1,1,0.01,4,12,-6.713341694,0.011503324,0.465101505,-0.135462072,0.525489663,823.3173223,5.678216483,0.92060245,1550,Yes,14.14970875
0.1,1,0.01,5,6,-6.713669809,0.011198383,0.472456579,-0.174957874,0.404355604,823.587509,5.681590428,0.917876175,1330,Yes,10.76042414
0.1,1,0.05,1,6,-6.655417434,0.015306038,0.485549981,-0.157517362,0.416883386,776.9821944,5.690553081,0.906132989,1130,Yes,9.74812746
0.1,1,0.05,2,8,-6.661133,0.00833217,0.475981641,0.000727822,0.531592214,781.4358026,5.707821134,0.91289481,1090,Yes,9.091954708
0.1,1,0.05,3,6,-6.665967384,0.003950195,0.459119634,-0.121247699,0.491817481,785.2227094,5.671837064,0.940479829,1160,Yes,10.34391642
0.1,1,0.05,4,12,-6.671272454,0.011337544,0.466975217,-0.101956578,0.43126504,789.3994401,5.673435291,0.945634537,1340,Yes,12.68615603
0.1,1,0.05,5,6,-6.661872112,0.016131351,0.463034986,-0.11810483,0.480128621,782.0135849,5.699422078,0.896124983,1360,Yes,10.63627386
0.1,1,0.1,1,7,-6.639414926,0.015521853,0.480571849,-0.110215619,0.418843406,764.647487,5.67384221,0.936246184,1120,Yes,9.72344327
0.1,1,0.1,2,9,-6.636381669,0.014941982,0.484013474,-0.057044082,0.446031755,762.3316286,5.714484867,0.927918186,1120,Yes,9.799661875
0.1,1,0.1,3,10,-6.614332184,0.012944612,0.477007621,-0.060664724,0.46581902,745.7065692,5.62635567,0.918325541,1080,Yes,9.933497906
0.1,1,0.1,4,9,-6.626188003,0.009555364,0.462236634,-0.112920497,0.462854054,754.6001478,5.678245965,0.925556606,1070,Yes,10.1812849
0.1,1,0.1,5,7,-6.646082562,0.006435174,0.484936634,-0.106276842,0.426010567,769.7629127,5.711107684,0.91086646,1070,Yes,9.62087822
0.1,1,0.5,1,3,-6.592656427,0.015523858,0.476727234,-0.129334537,0.474883565,729.7167367,5.708604802,0.706182096,1060,Yes,8.411086798
0.1,1,0.5,2,3,-6.600449795,0.013750478,0.460645172,-0.217238224,0.490977296,735.4259061,5.731714429,0.775613633,1100,Yes,9.471529961
0.1,1,0.5,3,3,-6.597547153,0.008291819,0.462655329,-0.125820686,0.509977673,733.2943231,5.730493836,0.858732793,1110,Yes,8.946632624
0.1,1,0.5,4,4,-6.594608509,0.009920759,0.461521744,-0.095374591,0.434255087,731.142595,5.746434842,0.862254284,1060,Yes,8.716850042
0.1,1,0.5,5,4,-6.571441666,0.014279598,0.475851628,-0.090600644,0.505467318,714.399026,5.701182079,0.715590468,1060,Yes,9.087896109
0.1,1,1,1,3,-6.592017074,0.020205785,0.484688626,-0.160771474,0.433282977,729.2503395,5.752616806,0.851518874,1060,Yes,8.743484974
0.1,1,1,2,3,-6.596171063,0.016414611,0.484245299,-0.219207413,0.481873455,732.2859376,5.799542233,0.774839725,1060,Yes,8.873342037
0.1,1,1,3,3,-6.59425702,0.008643909,0.46240788,-0.194067035,0.471697001,730.8856513,5.757186979,0.816921826,1070,Yes,9.162830114
0.1,1,1,4,2,-6.596827514,0.012092725,0.465606237,-0.326589724,0.517544004,732.7668054,5.793468136,0.632247812,1110,Yes,9.068537712
0.1,1,1,5,2,-6.594806442,0.012954435,0.474834237,-0.17638282,0.500815958,731.2873265,5.772571923,0.768910387,1060,Yes,8.48713088
0.1,1,2,1,2,-6.600372233,0.021222703,0.486289609,-0.1689691,0.508518391,735.3688668,5.805062846,0.773311307,1090,Yes,9.245086432
0.1,1,2,2,3,-6.610781441,-0.001299252,0.432417052,-0.179036522,0.398250836,743.0634523,5.853168533,0.876690182,1060,Yes,8.450748205
0.1,1,2,3,3,-6.603430658,0.008647283,0.462801857,-0.190749484,0.447350037,737.6213803,5.811580271,0.886570257,1060,Yes,8.378760099
0.1,1,2,4,3,-6.603117591,0.013740047,0.467694232,-0.136039116,0.54311014,737.3904913,5.835399788,0.875567191,1110,Yes,8.716965914
0.1,1,2,5,3,-6.60728925,0.011623172,0.454692801,-0.194866515,0.436988599,740.473058,5.838215255,0.844779428,1060,Yes,8.590675354
0.1,1,5,1,2,-6.637410605,0.018905265,0.482928312,-0.170533165,0.506502141,763.116423,5.948890845,0.774377646,1060,Yes,8.916866064
0.1,1,5,2,2,-6.647422013,0.002580653,0.440632595,-0.001605859,0.417894512,770.794663,5.981272586,0.302128062,1060,Yes,8.56039238
0.1,1,5,3,2,-6.638586956,0.010534777,0.464265183,-0.177528176,0.49320038,764.0146434,5.960432629,0.792156855,1060,Yes,8.871145964
0.1,1,5,4,2,-6.641034174,0.013520208,0.467322843,-0.177895787,0.493335095,765.8866433,5.978406144,0.770518218,1060,Yes,8.884635687
0.1,1,5,5,2,-6.646734569,0.009182281,0.466750374,-0.179774301,0.489756103,770.2649669,5.978693371,0.756338573,1060,Yes,8.793125391
0.1,2,0.01,1,10,-6.717512219,0.010632625,0.464017096,-0.13362159,0.419394861,826.7581575,5.674445312,0.958802909,1520,Yes,13.18401885
0.1,2,0.01,2,8,-6.730047692,0.018177472,0.481675055,-0.138319224,0.469538319,837.1871921,5.639656589,0.920779864,1250,Yes,11.15048337
0.1,2,0.01,3,11,-6.728755475,0.009086272,0.463405509,-0.164118715,0.49117435,836.106063,5.653789141,0.915481699,1080,Yes,11.22361112
0.1,2,0.01,4,9,-6.729315861,0.005308064,0.457565602,-0.166718653,0.415496469,836.5747368,5.651960055,0.92589728,1150,Yes,10.492939
0.1,2,0.01,5,9,-6.722879182,0.016549284,0.466998885,-0.16847519,0.414736478,831.2072663,5.644545446,0.925179324,1110,Yes,10.1857245
0.1,2,0.05,1,7,-6.660727749,0.00904247,0.462113543,-0.112791345,0.398136295,781.1191893,5.687360911,0.933694373,1330,Yes,11.0914669
0.1,2,0.05,2,8,-6.672882353,0.019165869,0.483059146,-0.142531673,0.426336905,790.671317,5.6481469,0.932019411,1140,Yes,10.32283878
0.1,2,0.05,3,8,-6.663971875,0.012227775,0.463103125,-0.084349364,0.451333561,783.6573528,5.663188865,0.929747425,1120,Yes,9.924842834
0.1,2,0.05,4,11,-6.640236376,0.012476717,0.477775135,-0.088344875,0.45110586,765.2758645,5.579299643,0.93985853,1100,Yes,11.06885052
0.1,2,0.05,5,6,-6.66072315,0.019359185,0.484121158,-0.145323934,0.473600451,781.1155964,5.661276948,0.899279923,1400,Yes,11.490834
0.1,2,0.1,1,5,-6.647676681,0.009821555,0.463750966,-0.205035289,0.436032558,770.9909853,5.721082453,0.896030701,1120,Yes,9.67026186
0.1,2,0.1,2,5,-6.65906513,0.021912424,0.46317173,-0.182836635,0.462006793,779.8215642,5.666279386,0.890699413,1290,Yes,10.5813005
0.1,2,0.1,3,10,-6.64033711,0.007301053,0.458726741,-0.147028881,0.416113582,765.3529574,5.673976143,0.904214251,1180,Yes,11.13333845
0.1,2,0.1,4,7,-6.629948461,0.012502779,0.476882694,-0.064799266,0.479567237,757.4431316,5.660946146,0.889013846,1160,Yes,10.05949473
0.1,2,0.1,5,6,-6.642904918,0.020288207,0.485356269,-0.158496458,0.465744982,767.3207626,5.680357597,0.902865454,1060,Yes,9.169354439
0.1,2,0.5,1,3,-6.603616469,0.010807188,0.446722584,-0.134166301,0.459779334,737.7584509,5.747422843,0.738700379,1060,Yes,8.471627474
0.1,2,0.5,2,4,-6.61026703,0.018144707,0.48138352,-0.160508816,0.438343328,742.6813106,5.713641066,0.878563068,1080,Yes,9.246905565
0.1,2,0.5,3,3,-6.603969368,0.009499141,0.462739243,-0.186309288,0.450366315,738.0188516,5.733953963,0.807451089,1060,Yes,8.706959009
0.1,2,0.5,4,3,-6.602941884,0.00657555,0.457423919,-0.145880294,0.454402532,737.2609381,5.723758974,0.756920138,1250,Yes,9.552757978
0.1,2,0.5,5,3,-6.599978173,0.0193323,0.482224174,-0.141812055,0.465945989,735.0791442,5.718468379,0.797726953,1220,Yes,9.30821085
0.1,2,1,1,3,-6.590655654,0.009929052,0.464703617,-0.218693628,0.468911409,728.2581987,5.774158711,0.866346595,1060,Yes,8.074909687
0.1,2,1,2,3,-6.596807579,0.019024583,0.484987386,-0.192885716,0.465237743,732.7521979,5.746797186,0.844243123,1220,Yes,9.168018818
0.1,2,1,3,3,-6.603265285,0.00160916,0.443875944,-0.196888411,0.421348181,737.4994078,5.802231776,0.854212571,1080,Yes,8.730330706
0.1,2,1,4,3,-6.60394678,0.007999297,0.461916096,-0.173038356,0.438917802,738.0021814,5.747527341,0.877594476,1140,Yes,8.761463404
0.1,2,1,5,3,-6.596567755,0.018589351,0.483706683,-0.182040123,0.45604461,732.5764871,5.744614143,0.856112849,1100,Yes,8.565028667
0.1,2,2,1,2,-6.605808208,0.007150013,0.459877672,-0.272345253,0.50619362,739.377198,5.843363862,0.716127321,1100,Yes,8.301075935
0.1,2,2,2,3,-6.600859362,0.009960586,0.47543914,-0.122693466,0.448000721,735.7271737,5.796405272,0.887285115,1080,Yes,8.810474396
0.1,2,2,3,2,-6.604957102,0.012624573,0.466064042,-0.177528176,0.49320038,738.748178,5.829408901,0.751985295,1070,Yes,9.078804016
0.1,2,2,4,3,-6.60110339,0.006892592,0.459493732,-0.16854362,0.419140311,735.9067336,5.806815246,0.851686218,1060,Yes,8.348276377
0.1,2,2,5,3,-6.598179537,0.009599849,0.475353797,-0.197487896,0.465734312,733.7581932,5.802390284,0.865968173,1060,Yes,8.405282259
0.1,2,5,1,2,-6.646084167,0.015722098,0.468654745,0.009960206,0.463656865,769.7641484,5.9814337,0.253667237,1060,Yes,8.597777843
0.1,2,5,2,2,-6.640641147,0.02148592,0.485945731,-0.1689691,0.508518391,765.585689,5.942028563,0.779369581,1060,Yes,9.205534697
0.1,2,5,3,3,-6.640844761,0.014829736,0.46685791,-0.143503438,0.461285769,765.7415881,5.960518814,0.884224628,1060,Yes,8.337560177
0.1,2,5,4,2,-6.639596372,0.013948647,0.485354164,-0.175024319,0.508734687,764.7862417,5.951461871,0.785814273,1110,Yes,9.252111673
0.1,2,5,5,2,-6.637689045,0.010526263,0.475731165,-0.176241981,0.501863486,763.3289347,5.94974842,0.777970245,1060,Yes,9.408019781
0.1,5,0.01,1,10,-6.754603825,0.009549396,0.48196022,-0.096163948,0.510031721,857.9997645,5.643406127,0.933319294,1110,Yes,10.60284901
0.1,5,0.01,2,7,-6.717142345,0.010122536,0.47453052,-0.167045353,0.465597829,826.4524175,5.634934136,0.93450905,1520,Yes,12.58569264
0.1,5,0.01,3,8,-6.742172737,0.01252023,0.48604343,-0.049475486,0.473161575,847.3999142,5.650999184,0.956483529,1120,Yes,9.665479183
0.1,5,0.01,4,9,-6.738687739,0.007926848,0.461575565,-0.133369222,0.417303416,844.4518669,5.64823444,0.952960807,1640,Yes,13.41928506
0.1,5,0.01,5,8,-6.725700002,0.020701698,0.485477479,-0.095259569,0.404595521,833.5552626,5.655822445,0.96271491,2720,Yes,19.04358482
0.1,5,0.05,1,5,-6.6696322,0.011685032,0.484633887,-0.123996933,0.460578566,788.105686,5.68285221,0.925655618,1130,Yes,9.499480486
0.1,5,0.05,2,7,-6.642604748,0.013033058,0.474906739,-0.083203243,0.44449738,767.0904702,5.640779921,0.925995421,1140,Yes,9.720109463
0.1,5,0.05,3,3,-6.684642404,0.008062648,0.462775285,-0.207711283,0.487425067,800.0245414,5.680956659,0.811263852,1260,Yes,9.722262383
0.1,5,0.05,4,5,-6.664887449,0.007371757,0.461176199,-0.170971172,0.46874609,784.3751774,5.674338773,0.905795761,1680,Yes,13.0335772
0.1,5,0.05,5,6,-6.661376074,0.01959917,0.486142339,-0.129901331,0.464463214,781.6257725,5.669666602,0.950042152,1680,Yes,12.93116879
0.1,5,0.1,1,4,-6.652899096,0.011618781,0.485016022,-0.171196845,0.412601962,775.0279524,5.687695083,0.899677832,1110,Yes,9.567988873
0.1,5,0.1,2,6,-6.648933318,0.01987372,0.484100755,-0.214911243,0.443005472,771.9604499,5.677115746,0.875541945,1130,Yes,9.982059479
0.1,5,0.1,3,5,-6.658747863,0.010200529,0.478329251,-0.103269237,0.408156419,779.5741919,5.66530122,0.919387868,1130,Yes,9.273524046
0.1,5,0.1,4,4,-6.639115418,0.008185044,0.460676696,-0.091881352,0.485503244,764.4185033,5.696454132,0.864195898,1120,Yes,9.072297812
0.1,5,0.1,5,3,-6.644175191,0.020665285,0.485754571,-0.137292168,0.482599947,768.2960885,5.68244848,0.861956451,1060,Yes,8.607480526
0.1,5,0.5,1,2,-6.611796504,0.006400303,0.445484442,-0.181435251,0.462953697,743.8180914,5.771915744,0.755800428,1060,Yes,8.759004831
0.1,5,0.5,2,3,-6.598807574,0.020276519,0.484375621,-0.1800808,0.447816496,734.2191652,5.720018703,0.887716765,1130,Yes,9.188565016
0.1,5,0.5,3,4,-6.616533275,0.008386003,0.462861522,-0.039162589,0.406126309,747.3497446,5.721149898,0.889910953,1220,Yes,9.323919058
0.1,5,0.5,4,3,-6.582877432,0.015435786,0.481516144,-0.102815413,0.53954334,722.6156178,5.710281575,0.765553286,1060,Yes,8.417147398
0.1,5,0.5,5,3,-6.607491225,0.020649982,0.485146427,-0.172605591,0.449844473,740.6226302,5.710672582,0.836007021,1060,Yes,8.866206884
0.1,5,1,1,3,-6.595469434,0.010132225,0.464157053,0.026990174,0.557094936,731.7723252,5.763174093,0.779113058,1090,Yes,9.067390442
0.1,5,1,2,3,-6.594021293,0.013132688,0.477815808,-0.135256856,0.455731779,730.713382,5.744169087,0.853086295,1120,Yes,8.671177149
0.1,5,1,3,3,-6.601858266,0.006577638,0.458671713,-0.156028061,0.433616023,736.4624619,5.755954238,0.84940775,1060,Yes,8.501335859
0.1,5,1,4,3,-6.605870229,0.012625179,0.485648703,-0.132018575,0.456427739,739.4230569,5.751487958,0.868229251,1060,Yes,8.785445929
0.1,5,1,5,3,-6.601988237,0.010964754,0.473635632,-0.185602834,0.450632773,736.5581866,5.7418434,0.865896633,1060,Yes,8.683350801
0.1,5,2,1,3,-6.609301884,0.00750559,0.446183059,-0.193944127,0.452808676,741.9648605,5.810100366,0.870118753,1060,Yes,8.497813702
0.1,5,2,2,2,-6.60324019,0.010795229,0.464489376,0.008798759,0.46277085,737.4809002,5.813372289,0.343389512,1070,Yes,9.126623631
0.1,5,2,3,2,-6.610111632,0.009353439,0.463248308,0.008798759,0.46277085,742.5659085,5.799130754,0.387524489,1090,Yes,8.885730028
0.1,5,2,4,2,-6.602746428,0.014085448,0.478488614,0.013297664,0.478484379,737.1168501,5.8109933,0.351004282,1130,Yes,9.247838259
0.1,5,2,5,3,-6.601486615,0.02111401,0.484679235,-0.098899235,0.462113074,736.1888057,5.794425813,0.862867996,1120,Yes,8.867344379
0.1,5,5,1,3,-6.643765063,0.010044954,0.463624692,-0.124299507,0.437803115,767.9810532,5.951580631,0.886110004,1060,Yes,8.641604424
0.1,5,5,2,2,-6.640519921,0.02166542,0.485711226,-0.1689691,0.508518391,765.4928851,5.943107555,0.78639595,1060,Yes,8.623510122
0.1,5,5,3,2,-6.640958567,0.009926304,0.463741421,0.008798759,0.46277085,765.8287395,5.951501099,0.384932027,1060,Yes,8.775476694
0.1,5,5,4,2,-6.642405475,0.013717814,0.485473073,-0.175024319,0.508734687,766.9376253,5.950906269,0.786216455,1210,Yes,9.721244812
0.1,5,5,5,3,-6.642789185,0.021757605,0.485547797,0.051902048,0.43210672,767.2319635,5.944981217,0.723936785,1060,Yes,9.230556488
0.5,0.01,0.01,1,5,-6.671147054,0.016087962,0.485658025,0.008183993,0.348340385,789.3004559,5.689139489,0.879723563,1060,Yes,9.30315876
0.5,0.01,0.01,2,4,-6.669811332,0.020470138,0.485839187,-0.168436895,0.444473874,788.2468731,5.69120261,0.865456609,1060,Yes,9.59014678
0.5,0.01,0.01,3,6,-6.670927688,0.015958351,0.485864452,-0.082727409,0.445220355,789.1273292,5.681946131,0.937364116,1060,Yes,9.583375454
0.5,0.01,0.01,4,5,-6.670095232,0.009256093,0.462778959,-0.062814257,0.411271004,788.4706887,5.728638165,0.929392203,1060,Yes,9.421872139
0.5,0.01,0.01,5,6,-6.676560709,0.01302621,0.467955937,-0.054817588,0.507604597,793.5850429,5.687858886,0.935352634,1070,Yes,9.924278736
0.5,0.01,0.05,1,4,-6.619623741,0.01897517,0.485309193,-0.164344256,0.420285792,749.6629764,5.695787485,0.890079345,1060,Yes,9.283365011
0.5,0.01,0.05,2,4,-6.620996805,0.015996844,0.485696962,-0.10400646,0.411903532,750.6930191,5.698980202,0.895219671,1060,Yes,9.239333153
0.5,0.01,0.05,3,4,-6.620405015,0.015600433,0.485939195,-0.149059455,0.43989316,750.2488976,5.695781724,0.883599971,1060,Yes,9.737006664
0.5,0.01,0.05,4,4,-6.619619864,0.016852327,0.467260116,-0.032770637,0.388320024,749.6600699,5.695826838,0.825618328,1060,Yes,8.678544998
0.5,0.01,0.05,5,4,-6.625855006,0.003958727,0.457243921,-0.172170213,0.412189557,754.3489096,5.698311758,0.893629003,1060,Yes,8.986202955
0.5,0.01,0.1,1,4,-6.601021135,0.019047727,0.484533392,-0.053748769,0.378248619,735.8462042,5.698958014,0.824008444,1060,Yes,9.12509656
0.5,0.01,0.1,2,4,-6.600796114,0.020388781,0.485441026,-0.102520294,0.411863669,735.6806415,5.704917182,0.895313392,1060,Yes,8.932457924
0.5,0.01,0.1,3,4,-6.600193303,0.020086466,0.485641462,-0.019253127,0.428464912,735.237299,5.70179001,0.823017581,1060,Yes,8.87229085
0.5,0.01,0.1,4,5,-6.607214105,0.007965325,0.462093242,-0.056204657,0.470503815,740.4174175,5.704605356,0.893359789,1060,Yes,9.509699583
0.5,0.01,0.1,5,4,-6.606878895,0.004780338,0.457653766,-0.155685626,0.424082863,740.1692636,5.705858486,0.890916514,1060,Yes,9.433653116
0.5,0.01,0.5,1,3,-6.572722051,0.009131925,0.474951162,-0.234894522,0.488424662,715.3143178,5.724963603,0.789093477,1060,Yes,8.957433701
0.5,0.01,0.5,2,3,-6.573378906,0.018926074,0.482805438,-0.099792024,0.461082712,715.7843294,5.721413904,0.857678267,1060,Yes,9.045109987
0.5,0.01,0.5,3,3,-6.573724609,0.019583051,0.485207396,-0.163533742,0.460140825,716.0318209,5.73097887,0.846047341,1060,Yes,7.804895639
0.5,0.01,0.5,4,4,-6.544109614,0.013973498,0.475678651,-0.114364646,0.451919482,695.1374627,5.699422943,0.815344322,1060,Yes,8.787724257
0.5,0.01,0.5,5,3,-6.571419373,0.014571333,0.462871551,-0.215090581,0.485595131,714.3830998,5.725156251,0.724716384,1070,Yes,9.027223587
0.5,0.01,1,1,3,-6.572759289,0.021220311,0.485292162,-0.222687972,0.468746153,715.3409549,5.748441863,0.809797737,1060,Yes,9.215015888
0.5,0.01,1,2,2,-6.573159579,0.018951427,0.482903818,-0.322392717,0.52552506,715.6273562,5.74612889,0.635753686,1060,Yes,9.022615671
0.5,0.01,1,3,3,-6.573743155,0.020845895,0.485781315,-0.140814454,0.447417831,716.0451012,5.758066454,0.853260295,1060,Yes,8.812194347
0.5,0.01,1,4,3,-6.550055676,0.014896257,0.476640943,-0.20440272,0.500771445,699.2831058,5.730585739,0.759194741,1060,Yes,9.372739792
0.5,0.01,1,5,3,-6.578960083,0.009227044,0.462905333,-0.105038283,0.451106391,719.7904179,5.763267124,0.860677337,1060,Yes,8.852209091
0.5,0.01,2,1,2,-6.585010038,0.013183499,0.478483765,-0.174528906,0.503676066,724.1583164,5.79998357,0.786060993,1070,Yes,9.194747448
0.5,0.01,2,2,2,-6.58490201,0.019080893,0.482835122,-0.265445385,0.518391465,724.0800919,5.801000582,0.726050695,1060,Yes,9.154178619
0.5,0.01,2,3,2,-6.591025904,0.008690139,0.463785906,-0.271040368,0.508686935,728.5278866,5.818018041,0.724931943,1060,Yes,8.571878672
0.5,0.01,2,4,2,-6.584995319,0.010491175,0.475725193,-0.176241981,0.501863486,724.1476578,5.801581824,0.786889953,1060,Yes,8.95169878
0.5,0.01,2,5,2,-6.590671594,0.009706375,0.46355211,-0.270691643,0.508415145,728.2698075,5.815135676,0.729080514,1060,Yes,9.667990923
0.5,0.01,5,1,2,-6.630089045,0.021251877,0.484604513,-0.169342779,0.507875957,757.5496238,5.945912586,0.785824374,1060,Yes,9.886392593
0.5,0.01,5,2,2,-6.630046765,0.013297664,0.478484379,-0.174528906,0.503676066,757.5175949,5.946878337,0.78566169,1060,Yes,9.989449739
0.5,0.01,5,3,2,-6.630032767,0.012743783,0.474901616,-0.17489816,0.501287557,757.5069916,5.945006298,0.78597154,1060,Yes,10.44460988
0.5,0.01,5,4,2,-6.630146033,0.010931087,0.475800065,-0.176241981,0.501863486,757.5927962,5.94565727,0.78589669,1060,Yes,9.048036098
0.5,0.01,5,5,2,-6.635264886,0.010651808,0.464365922,0.008798759,0.46277085,761.4807444,5.959278349,0.342549783,1060,Yes,9.004755735
0.5,0.05,0.01,1,4,-6.674616953,0.015509956,0.486799688,-0.165100812,0.442251486,792.0440056,5.699318067,0.863622681,1080,Yes,9.882855654
0.5,0.05,0.01,2,4,-6.673421394,0.016323265,0.486837541,-0.181338536,0.471782538,791.0976361,5.695235633,0.870603544,1060,Yes,9.467662811
0.5,0.05,0.01,3,6,-6.673041365,0.014944674,0.486051807,-0.098800585,0.443717774,790.7970531,5.678119636,0.945050351,1060,Yes,9.549745798
0.5,0.05,0.01,4,3,-6.673317643,0.016498254,0.485954859,-0.228824174,0.462292451,791.015563,5.69701212,0.817625382,1060,Yes,9.247669458
0.5,0.05,0.01,5,6,-6.650229689,0.011400393,0.496247514,-0.026820021,0.493885309,772.9618462,5.745413622,0.945014545,1060,Yes,9.646198273
0.5,0.05,0.05,1,4,-6.623777594,0.014964424,0.485059522,-0.169418504,0.413409544,752.7834426,5.694832215,0.884364457,1060,Yes,9.431735039
0.5,0.05,0.05,2,4,-6.6218649,0.016195824,0.485160607,-0.127330414,0.410454968,751.3449743,5.695556605,0.898339341,1060,Yes,9.615969419
0.5,0.05,0.05,3,5,-6.624136849,0.017506718,0.467001511,-0.159270754,0.446106822,753.0539328,5.693618631,0.879099453,1060,Yes,9.974276781
0.5,0.05,0.05,4,5,-6.61998611,0.016847843,0.48572415,-0.065427036,0.451342279,749.9346806,5.696735086,0.910503306,1060,Yes,10.5606463
0.5,0.05,0.05,5,6,-6.614679747,0.011664059,0.495996762,-0.055319688,0.447882763,745.9657943,5.745158618,0.931589472,1060,Yes,10.04968309
0.5,0.05,0.1,1,4,-6.605362314,0.015296326,0.484895923,-0.157731747,0.422094029,739.0475882,5.69985491,0.892053037,1060,Yes,9.592115879
0.5,0.05,0.1,2,3,-6.60499643,0.020909673,0.485233638,-0.220908395,0.48336832,738.7772321,5.698760871,0.803811915,1060,Yes,9.141419888
0.5,0.05,0.1,3,4,-6.604280858,0.016070005,0.486036063,-0.114814014,0.436857484,738.2487729,5.701681726,0.875857998,1060,Yes,9.120540619
0.5,0.05,0.1,4,4,-6.603022274,0.021503452,0.485930326,-0.090272687,0.487283563,737.3202086,5.700365872,0.86468911,1060,Yes,9.055066347
0.5,0.05,0.1,5,4,-6.615606244,0.019928891,0.46228104,-0.197519757,0.462362421,746.6572498,5.741747255,0.840512678,1060,Yes,9.542196751
0.5,0.05,0.5,1,3,-6.557016233,0.012415491,0.456484182,-0.215033572,0.49754966,704.1674852,5.697920727,0.703328146,1060,Yes,9.386958838
0.5,0.05,0.5,2,3,-6.567772447,0.019324978,0.478396287,-0.128232325,0.476322524,711.7825428,5.716287425,0.712435845,1060,Yes,8.035325527
0.5,0.05,0.5,3,3,-6.574950667,0.020059636,0.485435088,-0.15061798,0.477007146,716.9102558,5.729610859,0.851191517,1060,Yes,8.433633566
0.5,0.05,0.5,4,3,-6.576918241,0.021157432,0.485726445,-0.136355848,0.443606435,718.3222187,5.728836974,0.849252652,1060,Yes,8.882032394
0.5,0.05,0.5,5,3,-6.552656664,0.015253436,0.472490549,-0.206813891,0.495368028,701.1043006,5.698473847,0.762231854,1060,Yes,9.329638481
0.5,0.05,1,1,3,-6.575689939,0.021408088,0.486003889,-0.098618976,0.4625949,717.4404439,5.748272635,0.857441106,1060,Yes,8.660669565
0.5,0.05,1,2,3,-6.574979567,0.020661758,0.484984156,-0.16476559,0.435761774,716.9309753,5.754579363,0.81924722,1060,Yes,9.047450066
0.5,0.05,1,3,3,-6.577071932,0.012791727,0.477861736,-0.143695163,0.459514959,718.4326266,5.75038094,0.842258373,1060,Yes,8.720443487
0.5,0.05,1,4,2,-6.575482702,0.021127856,0.486413521,-0.264272336,0.519903653,717.2917792,5.753341639,0.725329456,1060,Yes,9.63702631
0.5,0.05,1,5,3,-6.580618692,0.007129145,0.461986788,-0.150216728,0.448745908,720.9852589,5.76956271,0.838532902,1060,Yes,8.964890242
0.5,0.05,2,1,2,-6.588215771,0.019097476,0.482826323,-0.265445385,0.518391465,726.4835002,5.801058608,0.726678412,1070,Yes,8.723861933
0.5,0.05,2,2,2,-6.585336386,0.019129443,0.482809361,-0.170533165,0.506502141,724.3946827,5.799775629,0.785513304,1060,Yes,8.919677734
0.5,0.05,2,3,3,-6.588250862,0.02111318,0.485664975,-0.225685216,0.487566193,726.508993,5.803960675,0.806174206,1060,Yes,8.705319643
0.5,0.05,2,4,2,-6.585475205,0.021399108,0.486059146,-0.264272336,0.519903653,724.4952499,5.804457842,0.725511989,1060,Yes,8.682002783
0.5,0.05,2,5,2,-6.592516585,0.009689514,0.464586103,-0.177993143,0.493562767,729.6146985,5.819845988,0.778847258,1060,Yes,8.903280735
0.5,0.05,5,1,2,-6.63176542,0.012966178,0.474958112,-0.17489816,0.501287557,758.8206259,5.94552861,0.785971738,1060,Yes,9.202783823
0.5,0.05,5,2,2,-6.632423,0.013240699,0.478484072,-0.174528906,0.503676066,759.3197755,5.943424972,0.786326964,1060,Yes,9.110889196
0.5,0.05,5,3,2,-6.630125242,0.013468911,0.478485299,-0.174528906,0.503676066,757.577045,5.945841594,0.785851738,1060,Yes,9.615078688
0.5,0.05,5,4,2,-6.630895823,0.010525014,0.475730952,-0.176241981,0.501863486,758.1610445,5.945667097,0.785808,1060,Yes,9.555529594
0.5,0.05,5,5,2,-6.636118626,0.011521606,0.465114629,-0.177528176,0.49320038,762.1311291,5.961114261,0.78073486,1060,Yes,9.236934185
0.5,0.1,0.01,1,6,-6.675938118,0.020533192,0.485941672,-0.051473585,0.474253574,793.0911181,5.682015997,0.947069615,1060,Yes,9.587441444
0.5,0.1,0.01,2,6,-6.68345633,0.014335026,0.468531422,-0.116866452,0.467119647,799.0762155,5.698111881,0.924646448,1100,Yes,9.560400963
0.5,0.1,0.01,3,6,-6.672097668,0.00921887,0.483235184,-0.079775099,0.474508594,790.0511323,5.73370592,0.960676046,1060,Yes,9.639210939
0.5,0.1,0.01,4,6,-6.678296312,0.0169996,0.466785086,-0.099066902,0.367306978,794.9635873,5.682326545,0.939271815,1060,Yes,9.422785282
0.5,0.1,0.01,5,7,-6.679188745,0.00504667,0.438623763,-0.052481463,0.445904626,795.6733563,5.675861389,0.941243587,1060,Yes,9.456073284
0.5,0.1,0.05,1,5,-6.629225581,0.02027101,0.484876441,-0.082786896,0.443411798,756.8957891,5.675454631,0.922857639,1060,Yes,9.50980258
0.5,0.1,0.05,2,5,-6.633725722,0.013969135,0.478425843,-0.05950705,0.492364406,760.3096026,5.705214523,0.900514738,1060,Yes,10.06898856
0.5,0.1,0.05,3,6,-6.627737793,0.020390863,0.485545512,-0.077560646,0.451377476,755.770526,5.687709405,0.923241899,1060,Yes,9.831479073
0.5,0.1,0.05,4,5,-6.62521136,0.021796224,0.465845811,-0.103982049,0.423731886,753.8635324,5.682285976,0.904638512,1060,Yes,9.367742062
0.5,0.1,0.05,5,5,-6.629325311,0.002319451,0.454997004,-0.143520971,0.467457079,756.9712784,5.70156082,0.885905164,1060,Yes,9.348721027
0.5,0.1,0.1,1,5,-6.607739336,0.020938803,0.4851591,-0.156343585,0.473863242,740.8064098,5.690294412,0.870847088,1060,Yes,9.403403997
0.5,0.1,0.1,2,6,-6.614071892,0.0136551,0.476355902,-0.079015063,0.397019499,745.5124928,5.70716129,0.916412843,1060,Yes,9.586883068
0.5,0.1,0.1,3,4,-6.606338328,0.015971397,0.485364168,-0.137074351,0.430849506,739.7692607,5.702316958,0.88982006,1060,Yes,8.419989347
0.5,0.1,0.1,4,6,-6.605791014,0.020422856,0.484535103,-0.080225686,0.390071409,739.3644856,5.694657407,0.908718324,1060,Yes,9.703044653
0.5,0.1,0.1,5,4,-6.609262214,0.00337385,0.456422998,-0.140408121,0.444039317,741.935427,5.700229035,0.894213444,1060,Yes,9.036099911
0.5,0.1,0.5,1,3,-6.581450699,0.02064238,0.485040607,-0.170567375,0.44422932,721.5853736,5.724666422,0.831461695,1060,Yes,9.53546524
0.5,0.1,0.5,2,2,-6.584999041,0.013895796,0.478487594,-0.268442191,0.516271909,724.1503529,5.740474559,0.717400452,1060,Yes,8.698748827
0.5,0.1,0.5,3,3,-6.567829402,0.012246294,0.449640081,-0.132122638,0.473904085,711.8230832,5.702780839,0.667155531,1060,Yes,8.904834509
0.5,0.1,0.5,4,3,-6.569601221,0.014531123,0.470273782,-0.132307228,0.463561386,713.0854226,5.711887901,0.708136855,1060,Yes,8.365555286
0.5,0.1,0.5,5,3,-6.569731776,0.009283211,0.457551402,-0.217299623,0.501688011,713.1785257,5.718074044,0.708462672,1060,Yes,8.74776125
0.5,0.1,1,1,3,-6.579166697,0.02105761,0.485433303,-0.166670622,0.43116015,719.9391515,5.751786651,0.846593882,1060,Yes,8.903965235
0.5,0.1,1,2,3,-6.570956842,0.016834986,0.469985433,-0.128792209,0.499993085,714.0527518,5.751125063,0.706110857,1060,Yes,8.487930298
0.5,0.1,1,3,3,-6.57786665,0.020727201,0.485771407,-0.149784362,0.469209102,719.0038049,5.752872375,0.851205627,1060,Yes,8.546923161
0.5,0.1,1,4,3,-6.576906657,0.020767087,0.484867392,-0.170567375,0.44422932,718.3138975,5.749885205,0.831585677,1060,Yes,8.928503036
0.5,0.1,1,5,3,-6.582384519,0.008696711,0.463105602,-0.134809705,0.449904871,722.259519,5.766876721,0.858168037,1060,Yes,8.604934931
0.5,0.1,2,1,2,-6.589184621,0.02166565,0.485710924,-0.264272336,0.519903653,727.1876949,5.80429585,0.725786431,1060,Yes,8.396093607
0.5,0.1,2,2,2,-6.59510057,0.010253227,0.46402283,-0.177528176,0.49320038,731.50245,5.819785346,0.778567015,1060,Yes,9.363062859
0.5,0.1,2,3,2,-6.590590749,0.018848518,0.482958422,-0.265445385,0.518391465,728.2109328,5.799753146,0.7209254,1060,Yes,8.655206442
0.5,0.1,2,4,2,-6.588362669,0.021433566,0.486014129,-0.264272336,0.519903653,726.5902267,5.798200817,0.72288896,1060,Yes,8.448999166
0.5,0.1,2,5,2,-6.591284652,0.00978201,0.463617215,-0.177528176,0.49320038,728.7164162,5.814974943,0.792387915,1060,Yes,9.110669851
0.5,0.1,5,1,2,-6.631766115,0.021145542,0.484713691,-0.169342779,0.507875957,758.8211533,5.946408038,0.785553169,1060,Yes,8.995585918
0.5,0.1,5,2,2,-6.632082327,0.021439023,0.486006999,-0.1689691,0.508518391,759.0611399,5.94579363,0.78583634,1060,Yes,9.27118659
0.5,0.1,5,3,2,-6.641065341,0.018887527,0.482937724,-0.170533165,0.506502141,765.9105146,5.957055255,0.771770307,1060,Yes,9.89341855
0.5,0.1,5,4,2,-6.6331668,0.013383111,0.478484838,-0.174528906,0.503676066,759.8847673,5.944739318,0.786324613,1060,Yes,9.226495504
0.5,0.1,5,5,2,-6.631533238,0.013396815,0.475067509,-0.17489816,0.501287557,758.6444617,5.947003749,0.785912357,1060,Yes,9.263273716
0.5,0.5,0.01,1,6,-6.689988794,0.008191725,0.462444073,-0.16430868,0.462271887,804.3132393,5.677348908,0.925284978,1110,Yes,9.683604717
0.5,0.5,0.01,2,10,-6.699814773,0.004712211,0.457406537,-0.09499857,0.470218847,812.2553597,5.643683404,0.94947754,1140,Yes,10.92702198
0.5,0.5,0.01,3,11,-6.690678895,0.015472687,0.485077633,-0.12899758,0.421062877,804.8684877,5.657245132,0.957803925,1320,Yes,12.40712428
0.5,0.5,0.01,4,7,-6.700495424,0.004655102,0.456490925,-0.227581625,0.417455249,812.80841,5.668355294,0.856127388,1070,Yes,10.26694012
0.5,0.5,0.01,5,10,-6.696223654,0.019844819,0.485966628,-0.106978044,0.503041719,809.3436853,5.638083131,0.946213625,1370,Yes,12.5395875
0.5,0.5,0.05,1,6,-6.642335769,0.008569162,0.460223356,-0.113076292,0.473607052,766.8841672,5.680935344,0.912410283,1080,Yes,9.878655195
0.5,0.5,0.05,2,7,-6.650933536,0.004480541,0.457818344,-0.125571661,0.376036303,773.5060844,5.669365505,0.955783101,1110,Yes,9.861830711
0.5,0.5,0.05,3,8,-6.609912284,0.01057291,0.477067308,-0.106378401,0.474596735,742.417894,5.628347612,0.909494801,1120,Yes,10.27099562
0.5,0.5,0.05,4,6,-6.64077053,0.007179826,0.462432867,-0.093836055,0.469538724,765.6847488,5.684571792,0.916202501,1110,Yes,10.06547928
0.5,0.5,0.05,5,9,-6.620390287,0.013876509,0.479105828,-0.008107015,0.528495944,750.2378481,5.635328646,0.926377275,1080,Yes,9.676939249
0.5,0.5,0.1,1,6,-6.62351846,0.008824579,0.46111029,-0.141035393,0.400692552,752.5883966,5.691799,0.910265856,1260,Yes,10.80356288
0.5,0.5,0.1,2,6,-6.632885411,0.006651865,0.460793755,-0.119964644,0.407328614,759.6709743,5.692715996,0.924756294,1060,Yes,11.00193334
0.5,0.5,0.1,3,9,-6.618992586,0.018671713,0.483089642,-0.089948848,0.397227502,749.1899722,5.675770066,0.939506976,1060,Yes,9.129619598
0.5,0.5,0.1,4,9,-6.608244533,0.018934415,0.484948932,-0.051970616,0.463136612,741.1807574,5.645278566,0.91761018,1060,Yes,9.623432636
0.5,0.5,0.1,5,4,-6.621924777,0.010180822,0.474866571,-0.115683775,0.468918819,751.3899644,5.67610196,0.905824161,1070,Yes,9.593537569
0.5,0.5,0.5,1,3,-6.586634571,0.008239626,0.45907665,-0.137327696,0.45190112,725.3356921,5.730483824,0.763925908,1060,Yes,8.550359488
0.5,0.5,0.5,2,4,-6.587893692,0.01485299,0.467677565,-0.100555382,0.459886834,726.2495526,5.711958753,0.774289016,1140,Yes,9.444299698
0.5,0.5,0.5,3,3,-6.581126344,0.018300094,0.476337667,-0.127847969,0.473594844,721.3513616,5.710463979,0.721495437,1060,Yes,8.786064625
0.5,0.5,0.5,4,4,-6.588744572,0.007103742,0.458770339,0.003017212,0.474291296,726.8677669,5.738795206,0.747765356,1060,Yes,8.565449715
0.5,0.5,0.5,5,3,-6.59177222,0.019215117,0.482859519,-0.170560798,0.429731283,729.0718014,5.719419671,0.859950579,1060,Yes,8.528976202
0.5,0.5,1,1,3,-6.590267415,0.01324787,0.477995748,-0.172029303,0.457093354,727.9755152,5.764872581,0.845473266,1060,Yes,8.756723166
0.5,0.5,1,2,3,-6.595482369,0.005371805,0.460744362,-0.19625629,0.446972804,731.7817907,5.757080684,0.86227971,1070,Yes,8.566033602
0.5,0.5,1,3,4,-6.584244196,0.020483793,0.485396619,-0.143953768,0.533635785,723.6039379,5.751693106,0.908954419,1190,Yes,9.502901554
0.5,0.5,1,4,3,-6.585304482,0.008211494,0.461096673,-0.166681313,0.41907906,724.3715723,5.77069437,0.855204889,1060,Yes,8.299758434
0.5,0.5,1,5,3,-6.58980521,0.009678925,0.474486044,-0.174030149,0.419503799,727.6391194,5.747102053,0.869474403,1060,Yes,8.801451206
0.5,0.5,2,1,3,-6.598776428,0.00930301,0.463164028,-0.174638733,0.44297656,734.196297,5.816318944,0.862698003,1060,Yes,8.461939335
0.5,0.5,2,2,3,-6.602223992,0.007315041,0.461635339,-0.265905044,0.459936466,736.7318546,5.813397658,0.82484707,1060,Yes,8.716717243
0.5,0.5,2,3,3,-6.592582092,0.019466945,0.482519247,-0.099792024,0.461082712,729.6624954,5.804923568,0.861972823,1060,Yes,10.27216792
0.5,0.5,2,4,3,-6.598701841,0.00864298,0.462426146,-0.166058677,0.429595362,734.1415378,5.809256567,0.848787694,1080,Yes,11.33261132
0.5,0.5,2,5,3,-6.592502117,0.010498818,0.475194505,-0.130882098,0.430001546,729.6041432,5.798723112,0.865577909,1070,Yes,8.620885134
0.5,0.5,5,1,2,-6.63883166,0.014066691,0.478488513,-0.268442191,0.516271909,764.2016236,5.95502613,0.719303053,1060,Yes,8.792414904
0.5,0.5,5,2,2,-6.639240677,0.009948631,0.46376064,-0.177528176,0.49320038,764.5142594,5.954624295,0.784418957,1060,Yes,8.918485641
0.5,0.5,5,3,2,-6.633302742,0.021189137,0.48466893,-0.169342779,0.507875957,759.9880747,5.946952647,0.785477742,1060,Yes,8.853421688
0.5,0.5,5,4,2,-6.635960829,0.012568688,0.481002096,-0.176571969,0.50561563,762.0108767,5.959566343,0.781190315,1060,Yes,8.886966228
0.5,0.5,5,5,2,-6.635984471,0.013112165,0.474995198,-0.17489816,0.501287557,762.0288918,5.944312482,0.786380439,1060,Yes,8.935305357
0.5,1,0.01,1,11,-6.713090039,0.016566441,0.468651493,-0.156751271,0.467914511,823.110156,5.621913233,0.916580747,1300,Yes,11.46628022
0.5,1,0.01,2,10,-6.720070114,0.001708371,0.448660385,-0.102510116,0.474055219,828.8756252,5.680963707,0.938841872,1960,Yes,16.78363895
0.5,1,0.01,3,10,-6.714820254,0.006408333,0.459714402,-0.105863783,0.43114021,824.535547,5.647545291,0.956559521,1300,Yes,11.51111722
0.5,1,0.01,4,18,-6.713269008,0.012030015,0.453203437,-0.106107518,0.42826683,823.2574811,5.580700705,0.953877069,1380,Yes,14.10637546
0.5,1,0.01,5,7,-6.714222592,0.010051103,0.483967373,-0.195059564,0.43613387,824.0429002,5.681926859,0.906036148,1290,Yes,11.32077312
0.5,1,0.05,1,11,-6.652944233,0.012706424,0.456274517,-0.096312728,0.477973457,775.0629356,5.660324196,0.914215979,1140,Yes,11.1150322
0.5,1,0.05,2,10,-6.655438959,0.016873069,0.48586723,-0.152013974,0.488416698,776.9989188,5.680515448,0.919590745,1230,Yes,11.5064404
0.5,1,0.05,3,7,-6.666666093,0.00627861,0.458707706,-0.08431172,0.421705599,785.7715437,5.6467269,0.901853691,1110,Yes,9.468454361
0.5,1,0.05,4,10,-6.647028919,0.012863089,0.475736948,-0.034045483,0.48512219,770.491728,5.686345467,0.941223283,1240,Yes,10.50545621
0.5,1,0.05,5,11,-6.65099101,0.012936401,0.457643385,-0.081617408,0.491452988,773.5505425,5.662813232,0.944014497,1140,Yes,10.43999887
0.5,1,0.1,1,5,-6.640057734,0.020042923,0.485406802,-0.16348521,0.451545365,765.1391661,5.684357011,0.886340474,1060,Yes,9.43744421
0.5,1,0.1,2,6,-6.643241159,0.012788567,0.47739207,-0.070717321,0.457753968,767.5788109,5.71389129,0.865308262,1060,Yes,9.393778324
0.5,1,0.1,3,8,-6.639923763,0.005131413,0.457157274,-0.066991893,0.468812853,765.0366667,5.660096004,0.918155481,1060,Yes,9.216918945
0.5,1,0.1,4,6,-6.639578703,0.013294673,0.465988168,-0.227358667,0.465335932,764.7727283,5.714087938,0.81177812,1210,Yes,10.47818685
0.5,1,0.1,5,10,-6.647319265,0.017108054,0.496482276,-0.079310636,0.499576638,770.7154696,5.670848132,0.902562566,1400,Yes,12.22117972
0.5,1,0.5,1,3,-6.592952216,0.016427182,0.482996078,-0.129522466,0.48468768,729.9326111,5.711433199,0.762431756,1100,Yes,8.623135328
0.5,1,0.5,2,4,-6.601746158,0.006153171,0.473177934,-0.110454857,0.47862638,736.3799026,5.743264239,0.7257866,1120,Yes,9.571313381
0.5,1,0.5,3,3,-6.596556525,0.007582968,0.459694105,-0.2256789,0.47545836,732.5682603,5.730453288,0.780900485,1060,Yes,9.276272774
0.5,1,0.5,4,3,-6.598334904,0.011245836,0.464045231,-0.291087756,0.475620255,733.872204,5.756805214,0.721655417,1060,Yes,9.195252657
0.5,1,0.5,5,3,-6.595748709,0.016311536,0.469443427,-0.130648586,0.491958538,731.9767193,5.73260161,0.680322275,1060,Yes,11.80358887
0.5,1,1,1,3,-6.595620069,0.015088746,0.48108041,-0.13476183,0.473320508,731.8825635,5.758822757,0.750769564,1120,Yes,9.32642293
0.5,1,1,2,4,-6.589860321,0.009093747,0.423781882,-0.021850612,0.504608467,727.6792214,5.784658418,0.691314424,1120,Yes,8.510525227
0.5,1,1,3,3,-6.588274834,0.007801183,0.462502409,-0.204588574,0.451125629,726.5264097,5.771199758,0.834708465,1080,Yes,8.517551899
0.5,1,1,4,3,-6.597575554,0.005999764,0.458417016,-0.212861879,0.46145549,733.3151493,5.794244838,0.832656577,1060,Yes,8.355906725
0.5,1,1,5,3,-6.602886378,0.013074814,0.474633325,-0.199575276,0.464328422,737.2200166,5.787186308,0.861426027,1070,Yes,8.66828227
0.5,1,2,1,3,-6.601062776,0.021221592,0.486248153,-0.18893159,0.480887808,735.8768458,5.804740506,0.81377925,1130,Yes,9.546535492
0.5,1,2,2,2,-6.605039256,0.015257424,0.477076371,-0.26816701,0.513331548,738.8088711,5.837968359,0.71116539,1060,Yes,8.593280315
0.5,1,2,3,3,-6.603159193,0.009071834,0.462775063,-0.194067035,0.471697001,737.4211688,5.808330481,0.819607767,1080,Yes,9.016196489
0.5,1,2,4,2,-6.60176901,0.012121613,0.465631103,-0.270691643,0.508415145,736.3967306,5.832857246,0.71403397,1080,Yes,8.517661572
0.5,1,2,5,3,-6.609442359,0.015574324,0.431890967,-0.127985971,0.446685699,742.0690951,5.856310847,0.78827449,1060,Yes,8.683486938
0.5,1,5,1,2,-6.638756291,0.0189696,0.482894175,-0.265445385,0.518391465,764.1440292,5.951293897,0.724358344,1060,Yes,8.585802317
0.5,1,5,2,2,-6.643895012,0.011680039,0.455118022,-0.178217299,0.484141222,768.0808584,5.969838131,0.768584738,1060,Yes,8.610637665
0.5,1,5,3,3,-6.639136868,0.009810085,0.463407927,-0.105038283,0.451106391,764.4349003,5.958910763,0.865893526,1060,Yes,8.475487709
0.5,1,5,4,2,-6.647782373,0.004970999,0.413306804,-0.273478712,0.47415781,771.0724769,5.983854218,0.71319021,1060,Yes,8.522101164
0.5,1,5,5,2,-6.64612069,0.012408132,0.455168319,-0.270926627,0.501375433,769.7922626,5.97620766,0.711633607,1060,Yes,8.221696138
0.5,2,0.01,1,15,-6.716069047,0.01239938,0.480694507,-0.04933866,0.476906657,825.5658638,5.622553882,0.965595594,1320,Yes,12.70010352
0.5,2,0.01,2,7,-6.733166196,0.018376585,0.481878097,-0.109176253,0.473593599,839.8020384,5.647268465,0.940686363,1210,Yes,10.63329768
0.5,2,0.01,3,15,-6.721049155,0.011538684,0.464861144,-0.099627097,0.481342339,829.6875255,5.614262466,0.93842572,1900,Yes,16.60269022
0.5,2,0.01,4,9,-6.737063885,0.006922555,0.459690758,-0.242926208,0.454166888,843.0817137,5.627973626,0.842183377,1100,Yes,11.0305388
0.5,2,0.01,5,10,-6.726151458,0.016906552,0.468585146,-0.113600204,0.456103741,833.9316616,5.640419032,0.924521258,1060,Yes,10.0041635
0.5,2,0.05,1,10,-6.655751707,0.011273465,0.465403656,-0.111761761,0.481978097,777.2419618,5.666328929,0.91469605,1290,Yes,11.3199172
0.5,2,0.05,2,10,-6.678575335,0.018733634,0.480678048,-0.114154107,0.412133975,795.1854317,5.624039923,0.945587084,1230,Yes,10.57859683
0.5,2,0.05,3,7,-6.674042354,0.011217741,0.462559766,-0.053758796,0.371724423,791.589029,5.669518721,0.92624828,1100,Yes,9.489171743
0.5,2,0.05,4,5,-6.670025932,0.008980124,0.463651672,-0.073329673,0.47512248,788.4160491,5.665769215,0.890931944,1320,Yes,10.74213529
0.5,2,0.05,5,6,-6.677964529,0.020762743,0.485138931,-0.139486808,0.457501281,794.6998762,5.656084621,0.920768508,1560,Yes,12.18234181
0.5,2,0.1,1,8,-6.625283843,0.009480987,0.46243545,-0.154465233,0.401115639,753.9181762,5.677541238,0.909951938,1090,Yes,9.770337582
0.5,2,0.1,2,5,-6.643833733,0.01906861,0.483061032,-0.135723695,0.425986446,768.0337927,5.671951478,0.907695679,1540,Yes,12.15160823
0.5,2,0.1,3,7,-6.639456168,0.012053582,0.464025815,-0.059581776,0.471574118,764.6790234,5.669826478,0.923083755,1100,Yes,12.91628504
0.5,2,0.1,4,8,-6.621308655,0.014323177,0.476161303,-0.039061132,0.452768374,750.9271591,5.633197777,0.920786147,1530,Yes,12.76717639
0.5,2,0.1,5,8,-6.645328449,0.014521173,0.485637247,-0.127037122,0.48148974,769.1826432,5.65981728,0.927996248,1180,Yes,10.49650741
0.5,2,0.5,1,5,-6.600619008,0.010363623,0.465963013,-0.147841822,0.531423484,735.5503601,5.738074769,0.861847101,1100,Yes,9.712458849
0.5,2,0.5,2,4,-6.608392753,0.019242033,0.480731208,-0.224127624,0.448929106,741.2906239,5.709365123,0.824858883,1210,Yes,10.07220149
0.5,2,0.5,3,4,-6.610859428,0.010087691,0.463171283,-0.114224035,0.44433784,743.1214036,5.735036341,0.889865583,1070,Yes,9.01817131
0.5,2,0.5,4,4,-6.608502036,0.011092299,0.483496173,-0.163122532,0.445021819,741.3716382,5.717949983,0.872387578,1110,Yes,9.117088556
0.5,2,0.5,5,6,-6.598248887,0.01951186,0.488513917,-0.069236626,0.474895409,733.8090806,5.713286502,0.856170767,1080,Yes,9.785375357
0.5,2,1,1,3,-6.597296029,0.00857018,0.461930317,-0.171916677,0.434376986,733.1101977,5.773246516,0.858497311,1060,Yes,8.335672855
0.5,2,1,2,3,-6.600799776,0.009835531,0.473088081,-0.190785036,0.448586013,735.6833358,5.743682584,0.862791357,1090,Yes,8.463155746
0.5,2,1,3,3,-6.601463724,0.011922359,0.46545167,-0.235043414,0.481465164,736.1719534,5.783781748,0.800194025,1060,Yes,9.225803375
0.5,2,1,4,3,-6.598735715,0.006612043,0.458002215,-0.151203849,0.444156613,734.1664068,5.75470549,0.824044527,1060,Yes,8.126701355
0.5,2,1,5,3,-6.594682902,0.01006032,0.472780747,-0.182693457,0.450811078,731.1969889,5.756240096,0.853185177,1070,Yes,8.414808035
0.5,2,2,1,3,-6.603929423,0.009675195,0.464104303,-0.202679995,0.471374963,737.9893716,5.818798684,0.873224436,1060,Yes,8.220956564
0.5,2,2,2,3,-6.602885327,0.012113225,0.47462696,-0.137951784,0.477936768,737.2192424,5.79839688,0.867406487,1060,Yes,8.305921793
0.5,2,2,3,3,-6.615174314,0.00489526,0.4247857,-0.20517741,0.428354437,746.3348157,5.849160747,0.861625184,1060,Yes,8.28482914
0.5,2,2,4,3,-6.60813923,0.009036945,0.462489796,-0.273948237,0.465469828,741.1027133,5.804384214,0.746320469,1060,Yes,8.995003223
0.5,2,2,5,3,-6.600242022,0.020092409,0.485289975,-0.184905035,0.463693923,735.2731199,5.80487434,0.863697018,1070,Yes,8.683497429
0.5,2,5,1,2,-6.63803499,0.012557707,0.466006486,-0.177528176,0.49320038,763.5930497,5.968747369,0.771839173,1060,Yes,8.653100252
0.5,2,5,2,2,-6.637592681,0.012934951,0.474950179,-0.268719131,0.514480528,763.2553802,5.945873913,0.726258193,1090,Yes,8.419261217
0.5,2,5,3,2,-6.6420841,0.014757893,0.467818391,-0.176753878,0.493791056,766.6911904,5.966030073,0.76567804,1060,Yes,8.80805397
0.5,2,5,4,3,-6.644847513,0.00968392,0.463305295,-0.11080948,0.447078826,768.8128044,5.950263309,0.886952646,1060,Yes,8.401342154
0.5,2,5,5,2,-6.635557041,0.010071566,0.475653777,0.010728051,0.475765508,761.7032475,5.942913561,0.359930241,1060,Yes,8.773616791
0.5,5,0.01,1,7,-6.73859947,0.007687657,0.461558987,-0.132091889,0.444812582,844.3773318,5.664504895,0.938629495,1310,Yes,11.43635702
0.5,5,0.01,2,6,-6.717313384,0.00961626,0.463945295,-0.081196685,0.499025925,826.5937854,5.672087728,0.932106574,1370,Yes,11.27989244
0.5,5,0.01,3,8,-6.754883813,0.0077186,0.461257618,-0.137575536,0.415439848,858.2400276,5.656277115,0.937393777,1100,Yes,9.1545856
0.5,5,0.01,4,6,-6.735005051,0.011077215,0.4847917,-0.242688147,0.459932023,841.3477335,5.659876516,0.82731411,1710,Yes,13.63650179
0.5,5,0.01,5,8,-6.72415025,0.021674509,0.463610823,-0.211292604,0.433091626,832.2644594,5.644916445,0.880739146,1380,Yes,11.54916477
0.5,5,0.05,1,8,-6.680416137,0.01026599,0.483628029,-0.086835111,0.452167422,796.6505589,5.646757158,0.954036351,1100,Yes,9.77894783
0.5,5,0.05,2,5,-6.671056436,0.019439785,0.48494728,-0.206709321,0.4497983,789.2289337,5.669975699,0.899924962,1190,Yes,9.97325325
0.5,5,0.05,3,5,-6.672834597,0.007405716,0.463173412,-0.085887931,0.530219794,790.6335583,5.672321311,0.930280593,1510,Yes,11.13393521
0.5,5,0.05,4,8,-6.662444404,0.007451201,0.46121991,-0.005631743,0.461960235,782.4612529,5.652735842,0.918763207,1510,Yes,12.19094729
0.5,5,0.05,5,6,-6.674605168,0.02070636,0.485306129,-0.214972102,0.471227287,792.0346716,5.659651173,0.838173338,1060,Yes,9.717264652
0.5,5,0.1,1,5,-6.636253668,0.012058038,0.482619507,-0.128528037,0.500870609,762.2340557,5.664709265,0.870527396,1280,Yes,10.67975736
0.5,5,0.1,2,8,-6.628708533,0.021704813,0.485282202,-0.101477225,0.481291265,756.5045387,5.647967612,0.903270309,1120,Yes,9.952783346
0.5,5,0.1,3,9,-6.657342964,0.006754754,0.464643876,0.001087133,0.522998149,778.4797381,5.665166785,0.935082764,1230,Yes,10.31735396
0.5,5,0.1,4,3,-6.657101655,0.006879693,0.459653816,-0.245316166,0.450910351,778.2919069,5.684345907,0.806861154,1310,Yes,10.47772026
0.5,5,0.1,5,6,-6.64902493,0.020004564,0.483109989,-0.106892526,0.417679404,772.0311737,5.657277056,0.900703304,1080,Yes,9.501233339
0.5,5,0.5,1,3,-6.602095085,0.008981977,0.463388093,-0.1951765,0.458968224,736.6368904,5.738640188,0.864676563,1110,Yes,8.825273991
0.5,5,0.5,2,4,-6.602537648,0.006363446,0.460160682,-0.138324542,0.44023308,736.9629707,5.734084705,0.837493862,1320,Yes,10.47941613
0.5,5,0.5,3,4,-6.598744792,0.009604912,0.461776995,-0.137185505,0.439436616,734.1730708,5.707192942,0.861156571,1090,Yes,9.171183825
0.5,5,0.5,4,4,-6.613719509,0.007373314,0.459883559,-0.150230926,0.414834601,745.2498333,5.720576982,0.898452305,1210,Yes,9.628364325
0.5,5,0.5,5,4,-6.611501565,0.018747816,0.483691946,-0.160838461,0.449432535,743.5987425,5.713835962,0.826394578,1130,Yes,9.644719362
0.5,5,1,1,3,-6.600780198,0.008703073,0.462650929,-0.185228595,0.436999441,735.6689325,5.761187274,0.876761791,1070,Yes,8.606202841
0.5,5,1,2,3,-6.597687478,0.008702833,0.461032173,-0.146930016,0.450043759,733.3972293,5.766645809,0.819057415,1060,Yes,8.135401964
0.5,5,1,3,3,-6.610214402,0.010507342,0.485384659,-0.200257021,0.477068386,742.6422258,5.747070662,0.868866817,1090,Yes,8.464488983
0.5,5,1,4,3,-6.600804504,0.012364195,0.485133372,-0.173115717,0.440086042,735.6868142,5.752628443,0.861724003,1110,Yes,9.030002832
0.5,5,1,5,3,-6.596391761,0.019647226,0.484185931,-0.245891163,0.471368218,732.4475694,5.751448567,0.805835298,1180,Yes,9.804481745
0.5,5,2,1,3,-6.60355741,0.010865439,0.464318496,-0.105038283,0.451106391,737.714881,5.817580982,0.856061603,1060,Yes,8.708363771
0.5,5,2,2,4,-6.604458465,0.011764093,0.474371639,-0.134039121,0.472530399,738.3799021,5.795867499,0.894682261,1060,Yes,8.824365139
0.5,5,2,3,2,-6.609226451,0.007907132,0.460685103,-0.178440495,0.491514449,741.9088939,5.806358912,0.79413433,1060,Yes,8.753914356
0.5,5,2,4,3,-6.603961924,0.012207879,0.485377334,-0.176840903,0.474329056,738.0133576,5.80983589,0.881824715,1100,Yes,8.653719902
0.5,5,2,5,3,-6.609265301,0.019591676,0.484209048,-0.192352638,0.469183087,741.9377179,5.79439241,0.889176144,1060,Yes,8.624217272
0.5,5,5,1,2,-6.638794166,0.012479223,0.481017097,-0.176571969,0.50561563,764.1729716,5.959980829,0.773469902,1060,Yes,8.849922657
0.5,5,5,2,2,-6.639074276,0.012104367,0.465616259,-0.177528176,0.49320038,764.3870538,5.967496389,0.771748988,1080,Yes,8.67840147
0.5,5,5,3,2,-6.645869391,0.011440719,0.48119123,-0.176571969,0.50561563,769.598839,5.947465159,0.796333549,1060,Yes,9.011241198
0.5,5,5,4,3,-6.641076148,0.015030267,0.478335709,0.046342241,0.427264394,765.918792,5.955090596,0.711511131,1060,Yes,8.821890831
0.5,5,5,5,2,-6.639604658,0.020946793,0.484917754,-0.169342779,0.507875957,764.7925786,5.942856853,0.776202084,1100,Yes,8.586497545
1,0.01,0.01,1,4,-6.670133529,0.016371782,0.486436438,-0.069745615,0.440377834,788.5008855,5.691893238,0.904518986,1060,Yes,8.774082422
1,0.01,0.01,2,4,-6.669751989,0.015688902,0.486400081,-0.110272207,0.420979369,788.2000976,5.695686226,0.909298383,1060,Yes,8.972526073
1,0.01,0.01,3,5,-6.675192933,0.012775051,0.467395544,-0.134781756,0.467884937,792.5003383,5.69432961,0.902189886,1060,Yes,10.1214788
1,0.01,0.01,4,4,-6.695307171,0.007878508,0.484193726,-0.101795786,0.455487796,808.6022749,5.732188048,0.89025677,1060,Yes,9.189917326
1,0.01,0.01,5,4,-6.675944466,0.004491949,0.459612421,-0.09750229,0.413583386,793.0961524,5.692712646,0.901081031,1060,Yes,9.738045692
1,0.01,0.05,1,4,-6.618908327,0.019952068,0.485408029,-0.135588185,0.430809643,749.1268491,5.695631025,0.887144536,1060,Yes,9.455702782
1,0.01,0.05,2,4,-6.619604429,0.019838872,0.485192483,-0.05738685,0.350878781,749.6484992,5.697148783,0.813872486,1060,Yes,8.946257353
1,0.01,0.05,3,5,-6.618765075,0.016156634,0.486271681,0.031523966,0.430798847,749.0195426,5.69476894,0.871011636,1060,Yes,9.771553516
1,0.01,0.05,4,4,-6.621429418,0.01680006,0.467709784,-0.141070371,0.423783032,751.0178485,5.698309011,0.875592074,1060,Yes,9.033321142
1,0.01,0.05,5,4,-6.626745307,0.005960887,0.460141798,-0.044380843,0.391402592,755.0208067,5.697259175,0.818973306,1060,Yes,9.076733828
1,0.01,0.1,1,4,-6.59971858,0.020035425,0.485296508,-0.135588185,0.430809643,734.8883481,5.701713798,0.889980588,1060,Yes,9.299433708
1,0.01,0.1,2,3,-6.600793016,0.020344936,0.485490666,-0.144105463,0.438230804,735.678363,5.703804006,0.850809775,1060,Yes,8.468491316
1,0.01,0.1,3,5,-6.599493592,0.015632067,0.485247525,-0.104080985,0.418932457,734.7230251,5.697520675,0.90802261,1060,Yes,9.289045811
1,0.01,0.1,4,5,-6.600700227,0.016000942,0.486392782,0.031523966,0.430798847,735.6101027,5.703683961,0.877538618,1060,Yes,9.341308832
1,0.01,0.1,5,4,-6.607345338,0.004927788,0.460054087,-0.049033665,0.382608016,740.5145915,5.707231349,0.833507455,1060,Yes,8.565128803
1,0.01,0.5,1,3,-6.572754668,0.020422842,0.485484329,-0.15061798,0.477007146,715.3376491,5.723141615,0.826716678,1060,Yes,8.74763298
1,0.01,0.5,2,3,-6.573358525,0.021417114,0.485902901,-0.099874467,0.458719288,715.7697414,5.722212908,0.850167041,1060,Yes,8.697673559
1,0.01,0.5,3,3,-6.544158472,0.014329337,0.478348084,-0.206039473,0.508041385,695.1714264,5.69510449,0.764463576,1060,Yes,9.117856741
1,0.01,0.5,4,3,-6.545047342,0.014330941,0.478344605,-0.263396568,0.515711061,695.7896185,5.692446713,0.707193484,1060,Yes,9.29570365
1,0.01,0.5,5,3,-6.579032453,0.006630619,0.459021088,-0.14414804,0.449212076,719.8425107,5.735241671,0.847467925,1060,Yes,8.99864769
1,0.01,1,1,3,-6.572870342,0.018790308,0.482189071,-0.141987502,0.445905643,715.4204003,5.749993302,0.845850443,1060,Yes,8.582830906
1,0.01,1,2,2,-6.573187868,0.019097077,0.482826535,-0.265445385,0.518391465,715.6476004,5.746615535,0.726178791,1060,Yes,8.648316622
1,0.01,1,3,3,-6.57337569,0.020737463,0.485133397,-0.138539433,0.463309346,715.7820277,5.760543035,0.858528767,1060,Yes,8.844084024
1,0.01,1,4,3,-6.557297907,0.011629984,0.456876438,-0.131246454,0.483422214,704.3658588,5.734397375,0.668741853,1060,Yes,8.740708351
1,0.01,1,5,3,-6.578841165,0.008710847,0.462193285,-0.1434638,0.450476524,719.7048265,5.763484392,0.847580671,1060,Yes,8.599203348
1,0.01,2,1,2,-6.584899218,0.019242726,0.482749252,-0.170533165,0.506502141,724.0780703,5.801762623,0.785242068,1060,Yes,9.313720226
1,0.01,2,2,2,-6.585030975,0.019097077,0.482826535,-0.170533165,0.506502141,724.1734784,5.801676462,0.778200539,1060,Yes,9.187843323
1,0.01,2,3,3,-6.585223597,0.018860179,0.482508096,-0.148911496,0.460358024,724.3129837,5.800708489,0.860658716,1060,Yes,8.675998449
1,0.01,2,4,2,-6.584970427,0.019032344,0.482860883,-0.170533165,0.506502141,724.1296325,5.800705857,0.785341445,1060,Yes,9.19002533
1,0.01,2,5,2,-6.590676676,0.009592923,0.463454452,-0.270691643,0.508415145,728.2735083,5.815545224,0.729000795,1060,Yes,8.930716038
1,0.01,5,1,2,-6.6299877,0.013326205,0.478484532,-0.174528906,0.503676066,757.4728533,5.946174132,0.785839812,1060,Yes,8.795988798
1,0.01,5,2,2,-6.63010275,0.013611617,0.478486067,-0.174528906,0.503676066,757.5600063,5.945964628,0.78589748,1060,Yes,9.285384178
1,0.01,5,3,2,-6.630349603,0.021089355,0.48477138,-0.169342779,0.507875957,757.747035,5.947379205,0.79387079,1060,Yes,9.125863075
1,0.01,5,4,2,-6.630104446,0.012981249,0.474961941,-0.17489816,0.501287557,757.5612905,5.944320651,0.786178137,1060,Yes,8.435601473
1,0.01,5,5,2,-6.635270953,0.010803077,0.464496131,-0.270691643,0.508415145,761.4853643,5.958821624,0.725026638,1060,Yes,8.400333166
1,0.05,0.01,1,4,-6.674514585,0.015302796,0.48650904,-0.191171768,0.457608929,791.9629299,5.692661898,0.864235596,1060,Yes,8.779317617
1,0.05,0.01,2,4,-6.676126338,0.017096117,0.468706752,-0.179126307,0.446340521,793.2404079,5.694155877,0.868718287,1080,Yes,9.306957245
1,0.05,0.01,3,4,-6.672838723,0.017164149,0.469067892,-0.238689022,0.483163168,790.6368208,5.688025539,0.804950943,1060,Yes,9.629144669
1,0.05,0.01,4,5,-6.671775379,0.015933174,0.486099089,-0.070810079,0.426617625,789.7965489,5.688743054,0.916882661,1060,Yes,9.626616001
1,0.05,0.01,5,5,-6.650237285,0.011238667,0.495916494,-0.118379515,0.472554377,772.9677171,5.747696709,0.913351559,1060,Yes,9.777699947
1,0.05,0.05,1,4,-6.622350677,0.015617254,0.485914988,-0.141891804,0.43316463,751.7100494,5.697891671,0.886286605,1060,Yes,9.222882986
1,0.05,0.05,2,3,-6.622041451,0.020704614,0.486261305,-0.14683627,0.450311736,751.4776372,5.698285893,0.833605102,1060,Yes,8.72627902
1,0.05,0.05,3,4,-6.62530709,0.01952066,0.485356267,-0.134649873,0.448736999,753.9357028,5.687862773,0.900171793,1060,Yes,9.147652149
1,0.05,0.05,4,4,-6.621989917,0.020878509,0.485634362,-0.174624137,0.489514896,751.4389117,5.697100973,0.847181223,1100,Yes,9.415800333
1,0.05,0.05,5,5,-6.615768549,0.011491162,0.495746576,-0.063535033,0.430280422,746.7784454,5.748780479,0.932990113,1060,Yes,9.31171155
1,0.05,0.1,1,7,-6.603644492,0.017045389,0.484407476,-0.111528881,0.454013191,737.779126,5.681910688,0.886611271,1060,Yes,9.907421589
1,0.05,0.1,2,4,-6.603596709,0.019136072,0.484162933,-0.245880619,0.43851018,737.743873,5.698053727,0.861995797,1060,Yes,9.352599144
1,0.05,0.1,3,5,-6.604993486,0.014856766,0.48518824,-0.155881351,0.403075428,738.7750565,5.700731821,0.922034572,1060,Yes,9.329416513
1,0.05,0.1,4,6,-6.600481074,0.018033482,0.48561598,-0.043936249,0.436089034,735.4489095,5.695359394,0.891582905,1060,Yes,9.62492919
1,0.05,0.1,5,4,-6.609527061,0.00606692,0.461467574,-0.142251618,0.44336249,742.1319528,5.713581024,0.876427463,1060,Yes,9.214157104
1,0.05,0.5,1,4,-6.558388652,0.010402948,0.455659226,-0.103875289,0.469805462,705.1345614,5.69894419,0.667916324,1060,Yes,9.157923222
1,0.05,0.5,2,3,-6.575789578,0.018555376,0.483002363,-0.189870028,0.479678057,717.5119324,5.727280005,0.816357315,1060,Yes,9.29718256
1,0.05,0.5,3,3,-6.577471984,0.020134968,0.48524122,-0.142503307,0.455262731,718.7200947,5.72868168,0.848713201,1060,Yes,8.370686531
1,0.05,0.5,4,4,-6.563006062,0.014517307,0.483203988,-0.160401953,0.478319663,708.3979856,5.713295789,0.803173587,1060,Yes,9.827003479
1,0.05,0.5,5,4,-6.554800206,0.015646826,0.474970366,-0.07406965,0.45095413,702.608759,5.695282442,0.834365303,1100,Yes,9.268984079
1,0.05,1,1,3,-6.575200386,0.019113858,0.484661712,-0.18962197,0.458791614,717.0893048,5.754469571,0.841258495,1060,Yes,8.675824642
1,0.05,1,2,3,-6.575894437,0.020715143,0.484929923,-0.238246014,0.455265943,717.5871739,5.753505019,0.809968088,1060,Yes,8.997174263
1,0.05,1,3,3,-6.576720168,0.021165798,0.48545986,-0.129389183,0.458334315,718.1799528,5.751296823,0.844534866,1060,Yes,8.817724705
1,0.05,1,4,3,-6.564198027,0.014697952,0.488985114,-0.130178734,0.508885368,709.2428743,5.752409215,0.71492432,1060,Yes,8.740692377
1,0.05,1,5,3,-6.580940873,0.007738674,0.462385633,-0.139556004,0.448529774,721.2175839,5.770849615,0.847943857,1060,Yes,8.959550858
1,0.05,2,1,2,-6.586712233,0.01900836,0.482873609,-0.170533165,0.506502141,725.3920255,5.801999334,0.783486657,1060,Yes,9.273150206
1,0.05,2,2,2,-6.586373066,0.021058121,0.48480345,-0.169342779,0.507875957,725.1460378,5.800080875,0.785950538,1060,Yes,8.911915541
1,0.05,2,3,3,-6.587040108,0.020676541,0.484689169,-0.228793532,0.48519261,725.6299023,5.799827521,0.818655489,1060,Yes,9.422739506
1,0.05,2,4,2,-6.585945851,0.021552366,0.485858924,-0.264272336,0.519903653,724.8363106,5.7999745,0.726300341,1060,Yes,8.933307648
1,0.05,2,5,2,-6.592055919,0.01003782,0.448094235,-0.177334178,0.482290105,729.2786676,5.818567436,0.790516671,1060,Yes,9.301717997
1,0.05,5,1,2,-6.631885395,0.010744953,0.475768385,-0.176241981,0.501863486,758.9116712,5.946700608,0.78545376,1060,Yes,9.176785946
1,0.05,5,2,2,-6.631324133,0.021158031,0.484700868,-0.169342779,0.507875957,758.4858422,5.94681858,0.79425728,1060,Yes,9.470815897
1,0.05,5,3,2,-6.632176243,0.01324736,0.475029542,-0.17489816,0.501287557,759.1324307,5.945701662,0.786203148,1060,Yes,8.46847558
1,0.05,5,4,2,-6.631833074,0.021501221,0.485925741,-0.1689691,0.508518391,758.8719649,5.947440929,0.785283513,1060,Yes,8.676256895
1,0.05,5,5,2,-6.636178726,0.011786327,0.465342496,-0.177528176,0.49320038,762.176934,5.96110458,0.771018928,1060,Yes,8.913297415
1,0.1,0.01,1,4,-6.678427734,0.01772993,0.482704748,-0.235124314,0.531356116,795.0680702,5.682041266,0.806372905,1060,Yes,9.429672003
1,0.1,0.01,2,4,-6.675364456,0.016361183,0.486217967,-0.300026023,0.510813271,792.6362825,5.691386108,0.693389508,1100,Yes,10.02124667
1,0.1,0.01,3,4,-6.676922411,0.016725623,0.467100066,-0.156924216,0.407879505,793.8721365,5.682459256,0.913094812,1060,Yes,9.362038851
1,0.1,0.01,4,7,-6.675245438,0.01661637,0.467364289,-0.099279894,0.393921743,792.5419499,5.674050609,0.937331845,1060,Yes,9.240054846
1,0.1,0.01,5,5,-6.68410216,0.000141574,0.45258649,-0.128711284,0.368057252,799.5924494,5.690563057,0.936190571,1060,Yes,9.357496023
1,0.1,0.05,1,5,-6.623658506,0.020140395,0.484923507,-0.109813179,0.463809518,752.6938009,5.685864545,0.906146059,1060,Yes,9.474441767
1,0.1,0.05,2,8,-6.625046534,0.009878311,0.49073256,-0.070002559,0.446367096,753.7392862,5.735217916,0.939827155,1060,Yes,9.646510601
1,0.1,0.05,3,4,-6.624481098,0.015296866,0.485922507,-0.200574646,0.459603603,753.3132155,5.694656624,0.856867131,1060,Yes,9.129898787
1,0.1,0.05,4,6,-6.620348789,0.020472899,0.485321133,-0.07927066,0.432180471,750.2067154,5.684035384,0.881329865,1060,Yes,9.580730915
1,0.1,0.05,5,3,-6.631172188,0.001491315,0.454155357,-0.156645184,0.434105811,758.370603,5.699382641,0.851841429,1060,Yes,8.582928896
1,0.1,0.1,1,6,-6.604583529,0.019898243,0.485963841,-0.103791708,0.475745344,738.4722532,5.683430839,0.892052646,1060,Yes,9.336703539
1,0.1,0.1,2,7,-6.603664905,0.008259703,0.483961861,-0.173458807,0.459989785,737.794186,5.732299681,0.884383817,1060,Yes,9.900497675
1,0.1,0.1,3,5,-6.60854286,0.020874928,0.485998001,0.01058738,0.474738196,741.401905,5.688901859,0.875051622,1080,Yes,9.71241498
1,0.1,0.1,4,7,-6.607461718,0.017795853,0.468534405,-0.075725899,0.425661476,740.600777,5.679674295,0.89533384,1060,Yes,9.494803667
1,0.1,0.1,5,6,-6.610976631,0.001845211,0.454990348,-0.118366956,0.427692653,743.2085046,5.700527431,0.913999442,1060,Yes,9.677864313
1,0.1,0.5,1,4,-6.569317808,0.019016984,0.489563389,-0.087711751,0.525186303,712.8833542,5.71185918,0.772589872,1060,Yes,9.036251545
1,0.1,0.5,2,3,-6.564754371,0.010728193,0.476222672,-0.215855005,0.506931258,709.6375676,5.713017956,0.693206587,1060,Yes,9.519260168
1,0.1,0.5,3,3,-6.580664988,0.021593668,0.485986012,-0.118043579,0.500883155,721.0186384,5.717394077,0.811830869,1090,Yes,9.00092864
1,0.1,0.5,4,4,-6.572294592,0.018816712,0.471369136,-0.125944945,0.411162023,715.0086155,5.710598295,0.728008203,1060,Yes,9.509441137
1,0.1,0.5,5,4,-6.5696366,0.007189615,0.448108693,-0.187516356,0.475495753,713.1106513,5.712672549,0.790215201,1070,Yes,9.358957767
1,0.1,1,1,2,-6.578143116,0.021716306,0.485644745,-0.1689691,0.508518391,719.2026128,5.751125222,0.786094186,1060,Yes,8.93862319
1,0.1,1,2,4,-6.568346428,0.016609597,0.47236728,-0.085668492,0.503971344,712.1912094,5.753108865,0.754430825,1060,Yes,9.412507057
1,0.1,1,3,3,-6.568661111,0.01545114,0.476641296,-0.130552859,0.489370477,712.4153592,5.750909521,0.667907433,1060,Yes,8.535855532
1,0.1,1,4,3,-6.57731574,0.018933973,0.483600958,-0.1741552,0.445890307,718.607808,5.759564112,0.839557918,1060,Yes,8.839095831
1,0.1,1,5,3,-6.582004787,0.007920898,0.462723986,-0.165762896,0.440442272,721.9853062,5.763639138,0.850890819,1060,Yes,9.124095201
1,0.1,2,1,2,-6.591125341,0.021722031,0.485637266,-0.1689691,0.508518391,728.6003325,5.803965795,0.786155241,1060,Yes,9.179739237
1,0.1,2,2,3,-6.603700483,0.002840255,0.464660602,-0.22797845,0.446939664,737.8204357,5.855241578,0.863434168,1060,Yes,8.786265373
1,0.1,2,3,2,-6.589464226,0.021241082,0.486265598,-0.264272336,0.519903653,727.3910482,5.80057126,0.720868406,1060,Yes,8.957550764
1,0.1,2,4,3,-6.589238712,0.021381914,0.485109408,-0.163425157,0.439471551,727.2270301,5.802399322,0.864569577,1060,Yes,8.847421408
1,0.1,2,5,2,-6.592799272,0.009762108,0.463600084,-0.177528176,0.49320038,729.8209807,5.814646331,0.792520281,1060,Yes,9.005026102
1,0.1,5,1,2,-6.632500459,0.012714161,0.474894091,-0.17489816,0.501287557,759.3785937,5.947320256,0.785531303,1060,Yes,8.727989674
1,0.1,5,2,2,-6.631891402,0.019226543,0.482757839,-0.170533165,0.506502141,758.9162297,5.949099614,0.785380281,1060,Yes,8.652504683
1,0.1,5,3,2,-6.640165354,0.018668862,0.48305375,-0.170533165,0.506502141,765.221515,5.955329146,0.781161957,1060,Yes,8.632053614
1,0.1,5,4,2,-6.632031295,0.013367131,0.475059968,-0.17489816,0.501287557,759.0224038,5.9471784,0.79439434,1060,Yes,9.308786392
1,0.1,5,5,2,-6.632359252,0.021609037,0.485784886,-0.1689691,0.508518391,759.2713715,5.948219591,0.78516442,1060,Yes,8.982773066
1,0.5,0.01,1,7,-6.698978147,0.00856509,0.463226489,-0.103189121,0.492663814,811.5760901,5.667207823,0.955654722,1100,Yes,9.181297779
1,0.5,0.01,2,7,-6.702369686,0.007157055,0.460880424,-0.14441185,0.417615609,814.3332547,5.669691346,0.928422125,1120,Yes,10.29401088
1,0.5,0.01,3,11,-6.699405597,0.019676372,0.465445246,-0.097591391,0.380620892,811.9230725,5.640368851,0.958362407,1190,Yes,11.2031045
1,0.5,0.01,4,9,-6.664509518,0.012219918,0.475610433,-0.128347171,0.466273744,784.0787938,5.63190776,0.94446069,1110,Yes,10.62806368
1,0.5,0.01,5,9,-6.701869955,0.020524857,0.484663143,-0.108189797,0.432140537,813.9264085,5.627528882,0.948494197,1280,Yes,12.07287526
1,0.5,0.05,1,6,-6.643589104,0.00803122,0.462179201,-0.094026525,0.530960618,767.8459321,5.686031713,0.945088308,1060,Yes,9.341854811
1,0.5,0.05,2,10,-6.625421415,0.010881422,0.474390776,-0.077009611,0.441012346,754.0219015,5.638093528,0.935098893,1180,Yes,11.02906561
1,0.5,0.05,3,7,-6.621609089,0.021820947,0.488133612,-0.064170431,0.497731915,751.1527972,5.647416688,0.930971426,1120,Yes,9.831156015
1,0.5,0.05,4,7,-6.616561051,0.012566272,0.476510343,-0.17661367,0.476531744,747.3705037,5.639563315,0.895880273,1070,Yes,9.936534166
1,0.5,0.05,5,9,-6.619597089,0.010164536,0.476883304,-0.080045761,0.459963473,749.6429965,5.622293323,0.917918832,1100,Yes,10.6856854
1,0.5,0.1,1,5,-6.622719869,0.007728268,0.461601809,-0.195786086,0.439997138,751.9876257,5.700049641,0.891136817,1090,Yes,9.846998692
1,0.5,0.1,2,6,-6.634695854,0.005140812,0.457944015,-0.190104882,0.420192847,761.047561,5.675984574,0.881823152,1060,Yes,9.224068642
1,0.5,0.1,3,7,-6.621317179,0.021127389,0.464379964,-0.141501182,0.413779257,750.9335598,5.67222278,0.909223145,1200,Yes,11.0240376
1,0.5,0.1,4,4,-6.624002003,0.008020611,0.461822125,-0.188622228,0.475209283,752.9523935,5.692168234,0.85675224,1110,Yes,9.857182264
1,0.5,0.1,5,7,-6.596251242,0.01306127,0.475359566,-0.086736038,0.447619728,732.3446543,5.640951513,0.893754826,1110,Yes,9.924715519
1,0.5,0.5,1,4,-6.59306647,0.004933579,0.455702657,-0.14996325,0.447201102,730.0160133,5.727498869,0.849832288,1100,Yes,9.77614665
1,0.5,0.5,2,4,-6.599315906,0.005379277,0.457614997,-0.159157178,0.389829592,734.5924869,5.728840987,0.867345662,1060,Yes,9.739122152
1,0.5,0.5,3,3,-6.581438684,0.016609645,0.478348154,-0.129682884,0.490761547,721.5767036,5.703932426,0.686195228,1060,Yes,8.501541615
1,0.5,0.5,4,4,-6.593086219,0.004682224,0.457203235,-0.144243635,0.426608557,730.0304303,5.72131971,0.856300045,1060,Yes,9.609181166
1,0.5,0.5,5,6,-6.59067172,0.01823379,0.483647487,-0.083180162,0.479421679,728.2698992,5.716825208,0.924841037,1060,Yes,9.42601347
1,0.5,1,1,3,-6.591503097,0.013143746,0.477537023,-0.04431717,0.426536248,728.8756174,5.767919011,0.724081768,1100,Yes,8.919844389
1,0.5,1,2,3,-6.587992002,0.008900799,0.466615834,-0.273191838,0.513471049,726.3209533,5.751764285,0.677353384,1060,Yes,9.608103991
1,0.5,1,3,3,-6.583689207,0.020150259,0.485146533,-0.261922956,0.48487516,723.202457,5.753951412,0.817293627,1060,Yes,9.200931072
1,0.5,1,4,3,-6.562671018,0.016076059,0.479069908,-0.197889182,0.528416796,708.1606806,5.734745911,0.761125201,1060,Yes,9.351734161
1,0.5,1,5,3,-6.586463845,0.020969113,0.485230652,-0.172210487,0.454849946,725.2118686,5.746320685,0.853937763,1130,Yes,9.742233753
1,0.5,2,1,2,-6.594505644,0.010610256,0.464330154,-0.270691643,0.508415145,731.0673901,5.818611362,0.718133977,1060,Yes,8.544613361
1,0.5,2,2,3,-6.605984383,0.007595929,0.462039183,-0.208434678,0.437589482,739.5074699,5.811156433,0.866256565,1060,Yes,8.492210627
1,0.5,2,3,3,-6.595286305,0.013477831,0.477963084,-0.145276409,0.43324038,731.6383283,5.80724523,0.851902228,1060,Yes,8.547289848
1,0.5,2,4,3,-6.598115366,0.011697672,0.485106292,-0.206137887,0.457049108,733.7111087,5.80856301,0.851716373,1070,Yes,8.396005154
1,0.5,2,5,3,-6.599065523,0.011834637,0.47731318,-0.185493131,0.44917621,734.4085808,5.804213756,0.86189216,1060,Yes,8.338975906
1,0.5,5,1,2,-6.640385369,0.011418959,0.465026272,-0.270691643,0.508415145,765.3898937,5.957714625,0.72009926,1060,Yes,8.350571632
1,0.5,5,2,2,-6.639367256,0.013169149,0.485755708,-0.175024319,0.508734687,764.6110369,5.952725657,0.784873285,1150,Yes,9.837164164
1,0.5,5,3,2,-6.635218243,0.021164006,0.484694733,-0.264552596,0.519421828,761.4452281,5.948205147,0.726101807,1100,Yes,8.724174976
1,0.5,5,4,2,-6.639398042,0.011871368,0.465415697,-0.177528176,0.49320038,764.6345766,5.962929183,0.780676546,1060,Yes,8.8476758
1,0.5,5,5,2,-6.635359535,0.013038791,0.474976558,-0.268719131,0.514480528,761.5528214,5.944439081,0.72652174,1060,Yes,8.672351599
1,1,0.01,1,12,-6.702147938,0.015564054,0.469259499,-0.080166817,0.460498771,814.1526983,5.634169822,0.954340908,1130,Yes,10.76459455
1,1,0.01,2,14,-6.710838804,0.014311727,0.482389836,-0.119212245,0.401631423,821.2592262,5.659573334,0.965242258,1160,Yes,11.51203609
1,1,0.01,3,11,-6.714457905,0.004644595,0.459291741,-0.104088374,0.424441258,824.2368309,5.621792673,0.972488777,1090,Yes,10.13999724
1,1,0.01,4,12,-6.700132436,0.00775802,0.463073848,-0.095773436,0.509843206,812.5134243,5.655596286,0.965538377,1370,Yes,12.90061641
1,1,0.01,5,8,-6.720917015,0.002289789,0.469968156,-0.058682966,0.433698678,829.577898,5.678848557,0.943466488,1230,Yes,10.87151456
1,1,0.05,1,11,-6.663945515,0.020595597,0.484509709,-0.087943593,0.445344872,783.6366959,5.647591975,0.946201496,1280,Yes,12.0194757
1,1,0.05,2,11,-6.65509972,0.01569952,0.48109859,-0.060965626,0.4102497,776.7353756,5.682547658,0.921739588,1060,Yes,9.940888405
1,1,0.05,3,8,-6.659700857,0.00711814,0.462041988,-0.095004246,0.479043213,780.3174758,5.653132247,0.902525893,1670,Yes,13.80273104
1,1,0.05,4,11,-6.660198989,0.009904853,0.451771702,-0.127391332,0.435150571,780.7062734,5.655900961,0.923646688,1320,Yes,11.71182251
1,1,0.05,5,9,-6.66078629,0.008520256,0.488579264,-0.163508375,0.456989251,781.1649177,5.70416181,0.914552645,1150,Yes,10.60645056
1,1,0.1,1,13,-6.642740435,0.010653772,0.42057765,-0.040693844,0.421259559,767.194562,5.648923895,0.929433861,1100,Yes,10.76890779
1,1,0.1,2,6,-6.647627516,0.000826742,0.427607452,-0.095729383,0.406753659,770.9530803,5.720275786,0.875034762,1210,Yes,10.4078064
1,1,0.1,3,6,-6.631840947,0.00839506,0.460648762,-0.013455266,0.385079763,758.8779392,5.692887299,0.86464623,1100,Yes,9.651151896
1,1,0.1,4,7,-6.646431945,0.001365123,0.424297051,-0.083466234,0.439408721,770.0319018,5.67366288,0.853584496,1060,Yes,9.267350435
1,1,0.1,5,8,-6.638467265,0.010514176,0.445022937,-0.093248131,0.475930301,763.9232032,5.691661871,0.912884229,1300,Yes,11.2574122
1,1,0.5,1,5,-6.599512124,0.015829654,0.481131917,-0.097009543,0.454076783,734.7366413,5.719816231,0.895918749,1060,Yes,9.270938396
1,1,0.5,2,4,-6.600063927,-0.000494613,0.427478639,-0.19125947,0.466862812,735.1421831,5.749737124,0.790025602,1170,Yes,9.65103507
1,1,0.5,3,3,-6.606095178,0.007470552,0.458975225,-0.13740354,0.456021806,739.589408,5.727510704,0.802888334,1060,Yes,8.158374786
1,1,0.5,4,3,-6.602128193,0.003399916,0.423538868,-0.22090441,0.47298292,736.6612794,5.742952732,0.724445953,1060,Yes,9.189257383
1,1,0.5,5,4,-6.598063527,0.012568415,0.474100532,-0.100855002,0.486879417,733.6730745,5.733136591,0.775585723,1070,Yes,9.185452461
1,1,1,1,3,-6.59091008,0.015209319,0.483935797,-0.215054707,0.507505213,728.4435103,5.747323289,0.720178245,1080,Yes,9.090364456
1,1,1,2,3,-6.590769808,0.016065359,0.485303512,-0.128539493,0.497587094,728.3413371,5.789327581,0.713865218,1060,Yes,8.194494247
1,1,1,3,3,-6.584123293,0.014139644,0.476103067,-0.112350941,0.509132578,723.5164574,5.747359667,0.779324933,1060,Yes,8.145951748
1,1,1,4,3,-6.605127072,0.002068422,0.448496791,-0.259452439,0.467431111,738.8737532,5.801420558,0.795654767,1060,Yes,8.598278046
1,1,1,5,4,-6.59469979,0.016956796,0.465901523,-0.105846783,0.536852369,731.2093371,5.779986591,0.799661598,1060,Yes,9.224118948
1,1,2,1,4,-6.598161105,0.018600698,0.482634921,-0.169291054,0.476356899,733.7446685,5.812816529,0.84582362,1060,Yes,8.954738617
1,1,2,2,3,-6.613541932,0.000197512,0.427186166,-0.268113306,0.441606759,745.1175059,5.857617121,0.809850477,1060,Yes,9.059719563
1,1,2,3,3,-6.59884623,0.00939172,0.463049237,-0.105038283,0.451106391,734.2475472,5.812216177,0.86157314,1060,Yes,8.499428034
1,1,2,4,3,-6.612664506,0.001725847,0.438254915,-0.174693559,0.419819276,744.464007,5.851787555,0.836060426,1110,Yes,8.892461538
1,1,2,5,3,-6.609237878,0.013826722,0.47488354,-0.104179266,0.456818075,741.9173719,5.833396821,0.852616301,1060,Yes,8.508895636
1,1,5,1,3,-6.641010463,0.021550716,0.486226195,0.024511941,0.601263682,765.8684838,5.946167888,0.75437853,1070,Yes,8.815126181
1,1,5,2,2,-6.649236953,0.004612363,0.459200504,-0.185241316,0.449993242,772.19488,5.979024198,0.787576543,1060,Yes,9.29731369
1,1,5,3,3,-6.638702323,0.009470778,0.463115858,-0.105038283,0.451106391,764.102791,5.952958496,0.858406208,1060,Yes,8.456094503
1,1,5,4,2,-6.643830478,0.004993305,0.413550131,-0.181244267,0.447523934,768.031293,5.975205337,0.769061314,1060,Yes,8.94662261
1,1,5,5,2,-6.639639173,0.019444859,0.482641999,-0.170533165,0.506502141,764.8189756,5.958329414,0.782702017,1060,Yes,8.935828924
1,2,0.01,1,10,-6.721338281,0.011201326,0.464477795,-0.19889288,0.436871654,829.9274446,5.648342219,0.903791087,1520,Yes,13.41647911
1,2,0.01,2,12,-6.72778175,0.020756908,0.484976287,-0.026564673,0.48664166,835.2923221,5.630549914,0.976795199,1370,Yes,12.13228083
1,2,0.01,3,10,-6.726388036,0.010573903,0.470083437,-0.118536844,0.424305519,834.1289746,5.657018578,0.952748349,1120,Yes,10.27309585
1,2,0.01,4,11,-6.704744604,0.010619918,0.485598115,-0.126428901,0.488036608,816.2695276,5.622706892,0.943102737,1530,Yes,13.22544789
1,2,0.01,5,11,-6.72746237,0.020661449,0.462338858,-0.194610044,0.420250735,835.0255892,5.606904629,0.914961324,1380,Yes,13.13612151
1,2,0.05,1,10,-6.653804965,0.011465026,0.466161799,-0.03911407,0.465080901,775.7303443,5.654101855,0.924369218,1240,Yes,11.01604342
1,2,0.05,2,10,-6.672102101,0.017500411,0.480195616,-0.097260039,0.463812427,790.054635,5.633237038,0.94676515,1330,Yes,11.67958736
1,2,0.05,3,10,-6.665679236,0.009403651,0.461868378,-0.098910197,0.434960102,784.9964822,5.672532436,0.951660854,1350,Yes,11.91076946
1,2,0.05,4,6,-6.663305965,0.013682166,0.475725236,-0.108243137,0.500912928,783.1356816,5.648167154,0.887718374,1060,Yes,9.262039423
1,2,0.05,5,7,-6.670261097,0.008083094,0.47388849,-0.170496594,0.428444016,788.6014788,5.655812423,0.923826224,1200,Yes,10.80484915
1,2,0.1,1,7,-6.637874336,0.014879179,0.451269754,-0.153319246,0.432582729,763.4703857,5.700239187,0.90325332,1130,Yes,10.11664128
1,2,0.1,2,9,-6.641850655,0.015948658,0.478920782,-0.166568792,0.426933371,766.5122307,5.647662372,0.893936375,1560,Yes,13.13414335
1,2,0.1,3,9,-6.638346932,0.009369956,0.463559893,-0.104604365,0.494007291,763.8312837,5.668967445,0.914913825,1300,Yes,11.50921392
1,2,0.1,4,7,-6.649849317,0.007367251,0.461891465,-0.060125667,0.496502692,772.6678886,5.656545358,0.925874354,1180,Yes,9.967845678
1,2,0.1,5,11,-6.617647146,0.019990569,0.48327854,-0.033485728,0.454226209,748.1826596,5.62486137,0.920429489,1250,Yes,11.44571686
1,2,0.5,1,5,-6.581384546,0.012479979,0.467062674,-0.142086424,0.481787712,721.5376399,5.714385291,0.837369822,1070,Yes,9.510953188
1,2,0.5,2,4,-6.608837347,0.019965939,0.478614886,-0.109502172,0.454492511,741.62027,5.704534142,0.824028963,1210,Yes,9.447808981
1,2,0.5,3,4,-6.597976882,0.009462265,0.461100379,0.007620645,0.437446851,733.6095085,5.726013629,0.719316791,1060,Yes,8.437343836
1,2,0.5,4,5,-6.607061437,0.007394794,0.459971728,-0.104098503,0.461540737,740.3043879,5.714315104,0.841666696,1090,Yes,8.560445547
1,2,0.5,5,4,-6.601107734,0.019127178,0.482315757,-0.128608364,0.44852216,735.9099303,5.71742686,0.862016128,1070,Yes,9.72547245
1,2,1,1,3,-6.599371247,0.008741602,0.463441742,-0.268990216,0.488423332,734.6331414,5.769645802,0.819805913,1090,Yes,9.687460661
1,2,1,2,4,-6.600860545,0.019588673,0.482700664,-0.17771702,0.401781931,735.7280444,5.750926993,0.90364387,1120,Yes,9.242496967
1,2,1,3,4,-6.60145025,0.015413052,0.458716551,-0.201613662,0.45705561,736.1620344,5.780558109,0.844388164,1060,Yes,9.122694969
1,2,1,4,4,-6.60047824,0.007240632,0.460060464,-0.148729719,0.38907551,735.4468252,5.758180645,0.902051676,1100,Yes,9.263499498
1,2,1,5,3,-6.589169508,0.019119044,0.485186132,-0.196691372,0.464971698,727.1767045,5.751134142,0.855452764,1100,Yes,8.64135623
1,2,2,1,3,-6.605604585,0.010505789,0.4638039,-0.163684884,0.421633229,739.2266596,5.827021681,0.875042339,1060,Yes,8.627094746
1,2,2,2,3,-6.595562079,0.021455252,0.485942715,-0.098618976,0.4625949,731.8401234,5.801078601,0.85845168,1060,Yes,8.79050231
1,2,2,3,3,-6.60045375,0.014974828,0.477884088,-0.169682302,0.447493146,735.4288144,5.822709287,0.851910133,1100,Yes,8.879515409
1,2,2,4,3,-6.605175753,0.007754573,0.462073837,-0.184311181,0.4496166,738.9097235,5.809927383,0.845493975,1070,Yes,8.489303112
1,2,2,5,3,-6.601839883,0.015128282,0.485930334,-0.189874243,0.450830954,736.4489235,5.830644198,0.875388741,1060,Yes,8.825172901
1,2,5,1,2,-6.638148689,0.01106313,0.46471998,-0.177528176,0.49320038,763.6798749,5.959816768,0.793079109,1060,Yes,9.080382586
1,2,5,2,2,-6.640280676,0.019323247,0.482706527,-0.170533165,0.506502141,765.3097669,5.94169864,0.795258628,1060,Yes,9.168854952
1,2,5,3,2,-6.643500626,0.015256907,0.468755556,-0.270967352,0.508516181,767.777998,5.974871976,0.710254999,1060,Yes,8.84348011
1,2,5,4,2,-6.641017754,0.012928534,0.485879656,-0.268813751,0.520065875,765.8740676,5.947884844,0.722686191,1060,Yes,8.8837533
1,2,5,5,2,-6.636333934,0.021383398,0.48607967,-0.1689691,0.508518391,762.2952394,5.954984129,0.776347035,1060,Yes,8.961932421
1,5,0.01,1,8,-6.726578482,0.008008384,0.461798052,-0.214137001,0.43854563,834.2878462,5.661387832,0.904425447,1660,Yes,13.32578468
1,5,0.01,2,12,-6.69885407,0.012090559,0.475278749,-0.069364234,0.446271025,811.4753979,5.616999903,0.964715081,1420,Yes,12.58817101
1,5,0.01,3,13,-6.742602439,0.005735071,0.461346075,-0.037232738,0.458288244,847.7641221,5.622318803,0.970360646,1330,Yes,11.59935665
1,5,0.01,4,13,-6.740694071,0.011956124,0.477358792,-0.16298556,0.443063681,846.147819,5.609537391,0.930762657,1460,Yes,13.71367073
1,5,0.01,5,9,-6.730422215,0.018515152,0.461880259,-0.14163141,0.468422134,837.5007964,5.632119258,0.952335797,1530,Yes,13.03790855
1,5,0.05,1,9,-6.672709576,0.004177698,0.457085944,-0.114878449,0.393772706,790.5347194,5.631267985,0.963293609,1290,Yes,11.15989161
1,5,0.05,2,9,-6.669817372,0.007444033,0.47909035,-0.121325316,0.436690618,788.2516347,5.663040482,0.94948446,1340,Yes,11.53419518
1,5,0.05,3,6,-6.677991403,0.005546004,0.460121394,-0.1711012,0.459893548,794.7212331,5.658500843,0.923073342,1590,Yes,12.3228879
1,5,0.05,4,10,-6.681487249,0.004713667,0.459304877,-0.139661911,0.39262428,797.5043176,5.645960493,0.955802534,1390,Yes,12.28408957
1,5,0.05,5,12,-6.688216841,0.019557984,0.481997069,-0.05413835,0.40596521,802.8892954,5.623766126,0.958873471,1110,Yes,10.29078698
1,5,0.1,1,7,-6.652651419,0.009375171,0.462287372,-0.077990985,0.41840716,774.8360191,5.675451651,0.929613866,1300,Yes,10.6080277
1,5,0.1,2,7,-6.623807052,0.011903158,0.47474022,-0.106251471,0.458445019,752.8056188,5.673379772,0.903003499,1060,Yes,9.632330418
1,5,0.1,3,7,-6.652413849,0.005607662,0.46024112,-0.116214265,0.436398874,774.6519633,5.669085773,0.949317767,1560,Yes,11.78847861
1,5,0.1,4,5,-6.646950934,0.011709263,0.485097816,-0.132799107,0.439013806,770.4316434,5.68432654,0.927371913,1190,Yes,10.02924752
1,5,0.1,5,9,-6.653934419,0.015910686,0.480426843,-0.103329223,0.50702923,775.8307719,5.658287676,0.946498179,1160,Yes,10.21618891
1,5,0.5,1,3,-6.605168206,0.009093327,0.463139428,-0.159754975,0.463690736,738.9041466,5.731833148,0.829659692,1100,Yes,8.650076151
1,5,0.5,2,6,-6.595112016,0.007488657,0.464690562,-0.126014305,0.445150914,731.5108233,5.72821808,0.919877243,1060,Yes,9.288951874
1,5,0.5,3,4,-6.616348507,0.010457902,0.485617376,-0.172236888,0.484691291,747.2116717,5.715855094,0.896150369,1060,Yes,9.071386337
1,5,0.5,4,5,-6.606705117,0.00587193,0.460182428,-0.159850284,0.386855324,740.0406499,5.723850971,0.915772713,1160,Yes,9.843583107
1,5,0.5,5,4,-6.60596915,0.01605039,0.482760979,-0.111143302,0.46071872,739.4962045,5.720073879,0.774055279,1080,Yes,9.4887321
1,5,1,1,3,-6.597247149,0.00803507,0.463436733,-0.287733856,0.480256136,733.0743646,5.767341371,0.83374099,1060,Yes,9.323926687
1,5,1,2,3,-6.593232116,0.020671193,0.485268088,-0.177781403,0.468586295,730.1369479,5.753606063,0.873304365,1100,Yes,8.821300507
1,5,1,3,4,-6.612179238,0.006890101,0.45868301,-0.240226858,0.405767926,744.1028303,5.75486884,0.861606251,1070,Yes,9.186142445
1,5,1,4,3,-6.597794881,0.012644626,0.477608048,-0.187021108,0.453679391,733.4760029,5.757171877,0.844394144,1060,Yes,8.121201277
1,5,1,5,4,-6.600234926,0.019570863,0.4842178,-0.172267853,0.417144508,735.2679026,5.745708398,0.894054472,1250,Yes,9.986241102
1,5,2,1,2,-6.605390837,0.009487726,0.4633639,-0.177528176,0.49320038,739.0686681,5.808695591,0.793546015,1130,Yes,9.265081406
1,5,2,2,2,-6.603865518,0.011158207,0.47583872,-0.269726997,0.514912474,737.9422123,5.798310185,0.726465057,1060,Yes,8.176950693
1,5,2,3,3,-6.61403541,0.013095773,0.486181459,-0.116935572,0.59419402,745.4852959,5.803096315,0.897475127,1080,Yes,8.567122221
1,5,2,4,4,-6.603926893,0.011077014,0.485460835,-0.15173928,0.454513246,737.9875042,5.809729171,0.91059698,1240,Yes,9.793427944
1,5,2,5,4,-6.608525234,0.021120357,0.485431295,-0.111686677,0.420747621,741.388837,5.794676499,0.902777599,1090,Yes,9.004306555
1,5,5,1,2,-6.642968631,0.01421506,0.485216926,-0.268813751,0.520065875,767.3696524,5.958394416,0.720359313,1120,Yes,8.8139503
1,5,5,2,2,-6.637921695,0.013450354,0.47508111,-0.268719131,0.514480528,763.5065438,5.941435764,0.72706183,1160,Yes,8.920023441
1,5,5,3,2,-6.637883742,0.010442118,0.464185425,-0.177528176,0.49320038,763.477567,5.957979503,0.793487211,1060,Yes,8.592860937
1,5,5,4,3,-6.640805588,0.011312946,0.464702041,-0.105038283,0.451106391,765.7115923,5.956815752,0.855730436,1060,Yes,8.582708836
1,5,5,5,3,-6.638937025,0.019194,0.482664302,-0.249922031,0.492074954,764.2821481,5.946267616,0.746685058,1060,Yes,9.428846598
2,0.01,0.01,1,4,-6.670906609,0.015688686,0.485918918,-0.097705859,0.421119199,789.1106948,5.690114209,0.902335393,1060,Yes,9.276749134
2,0.01,0.01,2,5,-6.67040225,0.015000001,0.485823964,-0.118536568,0.409529071,788.7128007,5.685764543,0.923063203,1060,Yes,9.164606094
2,0.01,0.01,3,6,-6.669789494,0.015851643,0.486429937,-0.057540342,0.468391234,788.2296602,5.687704307,0.942441985,1060,Yes,10.18563652
2,0.01,0.01,4,5,-6.670005417,0.010240941,0.467143006,-0.064032316,0.410095903,788.3998749,5.732509534,0.930473085,1060,Yes,9.503921986
2,0.01,0.01,5,4,-6.675463712,0.003744726,0.456042915,0.015332134,0.376928134,792.7149599,5.692569951,0.849546431,1060,Yes,8.643921375
2,0.01,0.05,1,4,-6.619412917,0.019875096,0.485800795,-0.140405638,0.433124768,749.5049462,5.696515573,0.880049782,1060,Yes,9.119379997
2,0.01,0.05,2,4,-6.620013733,0.019623163,0.485388801,-0.114674071,0.424040012,749.9553961,5.696657568,0.901232535,1060,Yes,9.34105444
2,0.01,0.05,3,4,-6.62070276,0.019742987,0.485978011,-0.140405638,0.433124768,750.4723134,5.696827719,0.878012169,1060,Yes,9.399273634
2,0.01,0.05,4,5,-6.620647451,0.016727069,0.467484678,-0.037832692,0.393323933,750.4308069,5.694404572,0.870748873,1060,Yes,9.527782679
2,0.01,0.05,5,4,-6.626696529,0.004037345,0.456101293,-0.145851846,0.390814407,754.983979,5.695821481,0.889177322,1060,Yes,8.482287407
2,0.01,0.1,1,4,-6.599796825,0.019604464,0.484360014,-0.211996806,0.440433142,734.9458515,5.697320861,0.851818448,1060,Yes,8.792858124
2,0.01,0.1,2,4,-6.601553486,0.020441071,0.485374708,0.009395144,0.376314727,736.2380368,5.703947812,0.822606275,1060,Yes,8.233008146
2,0.01,0.1,3,6,-6.599586059,0.020184634,0.485936664,-0.065062391,0.450186246,734.7909665,5.700308081,0.915872685,1060,Yes,9.891527653
2,0.01,0.1,4,4,-6.600862249,0.015626988,0.486235438,-0.120308011,0.463535476,735.7292975,5.701778162,0.889417994,1060,Yes,8.550771713
2,0.01,0.1,5,4,-6.607309267,0.004700442,0.457507029,-0.026356674,0.415711955,740.4878807,5.707322164,0.822127803,1060,Yes,8.92316103
2,0.01,0.5,1,3,-6.554299671,0.010234739,0.476137734,-0.132273245,0.495149213,702.2571665,5.698736425,0.676194893,1060,Yes,8.574336767
2,0.01,0.5,2,3,-6.57342153,0.021362232,0.486063708,-0.098618976,0.4625949,715.8148398,5.720679079,0.856268404,1060,Yes,8.411086321
2,0.01,0.5,3,3,-6.573738249,0.019621806,0.484701316,-0.1576449,0.451033799,716.0415879,5.73250486,0.84640884,1060,Yes,8.493767023
2,0.01,0.5,4,4,-6.544117178,0.014943627,0.476027884,-0.08751597,0.448679487,695.1427207,5.695206203,0.833579899,1060,Yes,9.421991587
2,0.01,0.5,5,3,-6.546561588,0.01610614,0.48062094,-0.200971995,0.517721237,696.8440132,5.693828218,0.758415852,1060,Yes,9.032479286
2,0.01,1,1,3,-6.572694772,0.018790308,0.482189071,-0.141987502,0.445905643,715.2948047,5.748997623,0.849488318,1060,Yes,8.635646582
2,0.01,1,2,2,-6.57318662,0.018870511,0.482946753,-0.265445385,0.518391465,715.6467072,5.747051347,0.726108161,1060,Yes,9.01355195
2,0.01,1,3,3,-6.573934849,0.021033725,0.485536956,-0.222687972,0.468746153,716.1823756,5.756844707,0.811900912,1060,Yes,9.119804621
2,0.01,1,4,3,-6.547767138,0.014563005,0.478342066,-0.206039473,0.508041385,697.6845999,5.728276581,0.757265557,1060,Yes,9.129159212
2,0.01,1,5,3,-6.579720128,0.008964203,0.462343753,-0.13580849,0.446845807,720.3376987,5.762697154,0.84686479,1060,Yes,8.811444044
2,0.01,2,1,2,-6.58501622,0.012476634,0.474833751,-0.17489816,0.501287557,724.1627938,5.798656162,0.778954415,1060,Yes,9.007189274
2,0.01,2,2,2,-6.58494464,0.013097875,0.478483305,-0.268442191,0.516271909,724.1109599,5.799178804,0.722659154,1060,Yes,8.597532988
2,0.01,2,3,2,-6.590723957,0.009857644,0.46368232,-0.270691643,0.508415145,728.3079425,5.819127203,0.728536893,1060,Yes,8.815829754
2,0.01,2,4,2,-6.585879539,0.019275093,0.482732078,-0.170533165,0.506502141,724.7882466,5.80447442,0.784773332,1060,Yes,9.124650478
2,0.01,2,5,2,-6.590688974,0.009479471,0.463356795,-0.270691643,0.508415145,728.2824647,5.815280195,0.725315627,1060,Yes,8.444024324
2,0.01,5,1,2,-6.630043248,0.012981249,0.474961941,-0.17489816,0.501287557,757.5149313,5.946021282,0.786087553,1060,Yes,8.923665524
2,0.01,5,2,2,-6.630020453,0.013010932,0.474969481,-0.17489816,0.501287557,757.4976635,5.946280515,0.785934721,1060,Yes,9.17288065
2,0.01,5,3,2,-6.630042929,0.01079573,0.475777027,-0.269726997,0.514912474,757.5146893,5.946965775,0.726169377,1060,Yes,8.460338831
2,0.01,5,4,2,-6.629993787,0.013326205,0.478484532,-0.174528906,0.503676066,757.4774644,5.945877873,0.785869826,1060,Yes,9.110553741
2,0.01,5,5,2,-6.634978228,0.013486821,0.485592065,-0.175024319,0.508734687,761.2624916,5.95221553,0.785040603,1060,Yes,9.076041698
2,0.05,0.01,1,5,-6.673585878,0.014748417,0.486979138,-0.167145247,0.462515112,791.22777,5.695463035,0.901080947,1060,Yes,9.251396418
2,0.05,0.01,2,3,-6.677714209,0.017707449,0.468696102,-0.189596323,0.471546072,794.500972,5.700372728,0.815822188,1070,Yes,9.34291172
2,0.05,0.01,3,5,-6.675272533,0.017276114,0.468675559,-0.207686182,0.50241198,792.5634238,5.689634091,0.845764904,1090,Yes,9.806800842
2,0.05,0.01,4,4,-6.67263029,0.020724077,0.485482523,-0.11103626,0.420901526,790.4720431,5.69233119,0.924443373,1060,Yes,9.140174627
2,0.05,0.01,5,5,-6.653679496,0.01135425,0.494699458,-0.029903609,0.459686175,775.6330203,5.751263166,0.952889265,1060,Yes,9.15167284
2,0.05,0.05,1,4,-6.623484606,0.01551636,0.48515397,-0.161032681,0.415471564,752.5629188,5.696823993,0.891462305,1080,Yes,9.540428877
2,0.05,0.05,2,6,-6.622698911,0.017925592,0.466728917,-0.066789363,0.417459704,751.9718661,5.689051685,0.91532589,1060,Yes,9.695823431
2,0.05,0.05,3,5,-6.623520314,0.0204744,0.486122646,-0.074489364,0.431319608,752.5897915,5.694109242,0.906415646,1060,Yes,9.269824266
2,0.05,0.05,4,5,-6.621335937,0.016414283,0.485885245,-0.078485135,0.450276951,750.9476461,5.69220283,0.916920868,1060,Yes,9.308665752
2,0.05,0.05,5,5,-6.62696923,0.008931303,0.463630939,-0.112171568,0.520150766,755.1898917,5.710007469,0.882676109,1060,Yes,9.271415472
2,0.05,0.1,1,5,-6.605823417,0.018129607,0.48837197,-0.079498369,0.491411542,739.388444,5.691639221,0.863871261,1060,Yes,9.351385117
2,0.05,0.1,2,4,-6.60459492,0.01988924,0.485275995,-0.137739784,0.438574463,738.4806649,5.698677988,0.888498634,1060,Yes,9.699551582
2,0.05,0.1,3,4,-6.60638654,0.019860889,0.48606635,-0.132849276,0.456345807,739.8049277,5.700316695,0.879892177,1060,Yes,9.312134266
2,0.05,0.1,4,4,-6.603375532,0.016726263,0.485390967,-0.11508692,0.442849406,737.5807192,5.702486588,0.86669401,1060,Yes,9.467243195
2,0.05,0.1,5,5,-6.607676596,0.00876166,0.444647487,-0.089281472,0.417662835,740.7599334,5.706037822,0.884749571,1060,Yes,9.640645981
2,0.05,0.5,1,4,-6.558894368,0.012198598,0.456553179,-0.200910066,0.487793112,705.4912493,5.699833698,0.804095641,1060,Yes,9.25754714
2,0.05,0.5,2,3,-6.568656629,0.019348255,0.477669541,-0.212622269,0.491869907,712.4121661,5.711989683,0.728835751,1060,Yes,9.592743635
2,0.05,0.5,3,3,-6.565343255,0.015300874,0.480726755,-0.213131939,0.503924396,710.0555846,5.709882429,0.719280858,1060,Yes,9.542354584
2,0.05,0.5,4,2,-6.576907789,0.021258455,0.4862429,-0.321454278,0.526734811,718.3147107,5.726816583,0.632896608,1060,Yes,9.225101709
2,0.05,0.5,5,3,-6.548357266,0.017031985,0.480161548,-0.115247476,0.505824803,698.0964444,5.698030397,0.757136133,1060,Yes,8.689165115
2,0.05,1,1,3,-6.578002079,0.021465056,0.485929554,-0.18893159,0.480887808,719.1011855,5.748085224,0.814322897,1060,Yes,9.607835054
2,0.05,1,2,3,-6.573360069,0.019222596,0.478356367,-0.134954277,0.45800691,715.7708465,5.758898779,0.747152536,1060,Yes,8.870151043
2,0.05,1,3,3,-6.576813526,0.019182157,0.483919291,-0.189513569,0.438631467,718.2470034,5.754513587,0.830522909,1060,Yes,8.539041519
2,0.05,1,4,2,-6.574610925,0.021319686,0.486162906,-0.1689691,0.508518391,716.666733,5.755941458,0.783147792,1060,Yes,9.263092995
2,0.05,1,5,3,-6.559259596,0.009050198,0.464470324,-0.13346761,0.483283435,705.7489618,5.739553523,0.678518208,1060,Yes,8.923012733
2,0.05,2,1,2,-6.588767497,0.010407568,0.475710963,-0.325818007,0.522741867,726.8844303,5.800294611,0.635725822,1060,Yes,9.361409426
2,0.05,2,2,3,-6.586883249,0.01896457,0.482368574,-0.135300766,0.442858625,725.5160891,5.800095283,0.865496894,1060,Yes,9.162320852
2,0.05,2,3,3,-6.588165395,0.020809743,0.484532635,-0.227380016,0.481764956,726.4469038,5.799865467,0.816263012,1060,Yes,9.47151804
2,0.05,2,4,2,-6.586410024,0.021569437,0.485836621,-0.1689691,0.508518391,725.1728385,5.801818521,0.785109383,1060,Yes,9.236639738
2,0.05,2,5,2,-6.591078673,0.009555106,0.4634219,-0.177528176,0.49320038,728.5663312,5.819162565,0.790458693,1060,Yes,9.094738245
2,0.05,5,1,2,-6.631486518,0.021654374,0.485725656,-0.1689691,0.508518391,758.6090189,5.946463795,0.785655947,1060,Yes,9.056970119
2,0.05,5,2,2,-6.631384292,0.013397455,0.478484915,-0.174528906,0.503676066,758.5314736,5.945992167,0.786028624,1060,Yes,8.679130554
2,0.05,5,3,2,-6.63008011,0.012981249,0.474961941,-0.17489816,0.501287557,757.5428549,5.944937409,0.78621106,1060,Yes,9.360692263
2,0.05,5,4,2,-6.630632486,0.012743783,0.474901616,-0.17489816,0.501287557,757.9614193,5.944872191,0.786248243,1060,Yes,9.458428383
2,0.05,5,5,2,-6.635734675,0.011370337,0.464984419,-0.177528176,0.49320038,761.8385644,5.961007836,0.780854176,1060,Yes,9.161940098
2,0.1,0.01,1,6,-6.677383601,0.020483122,0.485263342,-0.144814932,0.449818205,794.2383465,5.670922861,0.918519883,1090,Yes,9.8132658
2,0.1,0.01,2,7,-6.691190981,0.003933449,0.477131792,-0.161029334,0.45449684,805.2807557,5.710136092,0.89827793,1060,Yes,9.991499901
2,0.1,0.01,3,6,-6.678837749,0.013597573,0.489618538,-0.124818471,0.472659603,795.3941268,5.688210368,0.925515087,1070,Yes,9.264640331
2,0.1,0.01,4,4,-6.677429877,0.017477791,0.466890517,-0.224382927,0.4497607,794.2751014,5.68580501,0.808591663,1080,Yes,10.0962286
2,0.1,0.01,5,5,-6.682149162,0.000119588,0.452783205,-0.178834933,0.415035922,798.0323715,5.687641717,0.900091906,1060,Yes,9.637265444
2,0.1,0.05,1,5,-6.629152812,0.020213636,0.484324672,-0.110833399,0.4643261,756.8407128,5.682715444,0.922160369,1060,Yes,9.287417889
2,0.1,0.05,2,8,-6.626001986,0.010598056,0.488548883,-0.070949129,0.412512833,754.459792,5.731037268,0.940748041,1090,Yes,10.16449594
2,0.1,0.05,3,5,-6.636755133,0.007201935,0.459856639,-0.11560836,0.456326444,762.6163852,5.728749778,0.890804744,1060,Yes,8.908275843
2,0.1,0.05,4,7,-6.627904664,0.022338777,0.465130202,0.005753933,0.419618291,755.8966527,5.677254499,0.899242224,1070,Yes,9.245072126
2,0.1,0.05,5,5,-6.629703516,0.004733422,0.460307182,-0.119431844,0.439502927,757.2576223,5.692930437,0.915530352,1070,Yes,9.6361866
2,0.1,0.1,1,5,-6.608206528,0.021126412,0.485783142,-0.143867724,0.466992502,741.1525896,5.691620239,0.857216867,1060,Yes,9.815529346
2,0.1,0.1,2,7,-6.612341617,0.012118691,0.474615327,-0.112421691,0.39930369,744.2236671,5.683345936,0.890218082,1060,Yes,9.595831871
2,0.1,0.1,3,5,-6.609196707,0.020043641,0.486387311,-0.082533768,0.482382004,741.8868271,5.698486017,0.905015411,1060,Yes,9.76224947
2,0.1,0.1,4,5,-6.609521319,0.020214496,0.485171489,-0.099576466,0.469874828,742.1276915,5.688420068,0.88708846,1060,Yes,9.228080511
2,0.1,0.1,5,5,-6.609983402,0.013681619,0.468421462,-0.091244477,0.459930527,742.4706954,5.706476314,0.910454155,1060,Yes,9.502797127
2,0.1,0.5,1,3,-6.579117314,0.020153135,0.484954755,-0.190319909,0.459369698,719.9035997,5.728435208,0.849165552,1060,Yes,9.04174757
2,0.1,0.5,2,3,-6.565369122,0.016624996,0.463664944,-0.269221999,0.507048647,710.0739517,5.708774499,0.68517125,1060,Yes,9.176943302
2,0.1,0.5,3,4,-6.563066396,0.01167831,0.449890448,-0.126302623,0.446374772,708.4407271,5.700498461,0.790274293,1060,Yes,9.460908413
2,0.1,0.5,4,4,-6.56844854,0.018138516,0.475661675,-0.229198141,0.480607901,712.2639364,5.711446,0.753331827,1070,Yes,10.10886502
2,0.1,0.5,5,3,-6.567670732,0.008290482,0.447351815,-0.216754402,0.488904566,711.710147,5.71514127,0.709758654,1060,Yes,9.332800865
2,0.1,1,1,2,-6.578207092,0.021530359,0.485887675,-0.1689691,0.508518391,719.2486256,5.750856277,0.784726101,1060,Yes,9.142799854
2,0.1,1,2,4,-6.565264345,0.018221513,0.49033163,-0.079891154,0.47442296,709.9995563,5.748953323,0.795394744,1060,Yes,8.985736609
2,0.1,1,3,3,-6.564202941,0.011430874,0.438888671,-0.129363563,0.466104078,709.24636,5.741154034,0.677686595,1060,Yes,8.765283823
2,0.1,1,4,3,-6.563095162,0.014464311,0.448866502,-0.213618088,0.489686983,708.4611064,5.74133479,0.700721869,1060,Yes,9.196671963
2,0.1,1,5,3,-6.579788659,0.007094012,0.459720788,-0.157184866,0.450125106,720.387066,5.762163504,0.862561377,1060,Yes,8.710324049
2,0.1,2,1,2,-6.589897369,0.012743783,0.474901616,-0.17489816,0.501287557,727.706181,5.805633928,0.784240179,1060,Yes,8.931233168
2,0.1,2,2,2,-6.594037443,0.009895462,0.463714872,-0.270691643,0.508415145,730.7251837,5.820658473,0.713658046,1060,Yes,8.805493116
2,0.1,2,3,3,-6.602657621,-0.001529133,0.46815647,-0.182932234,0.44993983,737.0513922,5.850675572,0.831229604,1060,Yes,9.089976549
2,0.1,2,4,3,-6.589585971,0.013154435,0.477934126,-0.219137829,0.455102026,727.4796101,5.801793758,0.818763655,1060,Yes,9.382924795
2,0.1,2,5,2,-6.592276002,0.009384324,0.463274894,-0.177528176,0.49320038,729.4391872,5.808970003,0.793255263,1060,Yes,8.91230917
2,0.1,5,1,2,-6.634395293,0.021829462,0.485496914,-0.264272336,0.519903653,760.8188543,5.945180245,0.727199721,1060,Yes,8.653828859
2,0.1,5,2,2,-6.638892279,0.011122129,0.464770766,-0.270691643,0.508415145,764.2479505,5.961151212,0.718683381,1060,Yes,8.968608618
2,0.1,5,3,2,-6.634249282,0.021416809,0.486036021,-0.321454278,0.526734811,760.7077743,5.943519371,0.635909487,1060,Yes,8.894426823
2,0.1,5,4,2,-6.637966636,0.008949717,0.462900792,-0.177528176,0.49320038,763.5408574,5.951770977,0.794172459,1060,Yes,9.139762878
2,0.1,5,5,2,-6.630891937,0.021569297,0.485836804,-0.1689691,0.508518391,758.1580983,5.945999844,0.785746908,1060,Yes,9.20190382
2,0.5,0.01,1,11,-6.665579268,0.012533915,0.478735247,-0.097766558,0.469808736,784.9180113,5.60510107,0.9531375,1320,Yes,12.06436563
2,0.5,0.01,2,11,-6.699492394,0.005053176,0.459682437,-0.157401363,0.391437561,811.9935478,5.626906141,0.954078044,1160,Yes,11.17855859
2,0.5,0.01,3,12,-6.691465773,0.018613791,0.484904277,-0.167999969,0.465688345,805.5020706,5.636126611,0.946472794,1070,Yes,11.13663197
2,0.5,0.01,4,9,-6.703695913,0.007004678,0.460098758,-0.072845498,0.415139291,815.4139618,5.660886155,0.964912187,1080,Yes,9.868045568
2,0.5,0.01,5,9,-6.691725882,0.020081497,0.48444722,-0.126051825,0.428286516,805.7116162,5.642432553,0.95058439,1570,Yes,13.09120846
2,0.5,0.05,1,7,-6.642132158,0.005711811,0.458706325,-0.08966572,0.432122467,766.7280368,5.670819182,0.940579469,1200,Yes,10.37590909
2,0.5,0.05,2,11,-6.649391976,0.006291089,0.459089746,-0.053586573,0.423090517,772.3145969,5.635618806,0.947757109,1150,Yes,11.34793186
2,0.5,0.05,3,8,-6.615655382,0.012524466,0.47817501,-0.085679449,0.524259289,746.6939395,5.63778079,0.917681244,1260,Yes,11.21177435
2,0.5,0.05,4,11,-6.650304891,0.005633278,0.45639417,-0.077426819,0.381852554,773.0199768,5.642930753,0.967388662,1120,Yes,10.7131598
2,0.5,0.05,5,7,-6.608933072,0.014105581,0.478358592,-0.141588081,0.523127837,741.6912655,5.620352016,0.872627236,1100,Yes,10.44495964
2,0.5,0.1,1,5,-6.631760387,0.005214766,0.457807342,-0.225416202,0.461492469,758.8168065,5.678097029,0.837879571,1080,Yes,9.641802788
2,0.5,0.1,2,8,-6.634240485,0.007410902,0.45980723,-0.066093217,0.43577553,760.7010825,5.66465095,0.9221058,1080,Yes,9.935165882
2,0.5,0.1,3,10,-6.630053157,0.020495141,0.485131529,-0.084785009,0.472992845,757.522437,5.658108259,0.909885826,1060,Yes,10.12865186
2,0.5,0.1,4,5,-6.621257204,0.006813071,0.459822479,-0.103221432,0.476752631,750.888524,5.700956091,0.905627801,1130,Yes,9.814610481
2,0.5,0.1,5,5,-6.624014211,0.017780237,0.480291651,-0.20390691,0.419868369,752.9615851,5.666721457,0.883762312,1100,Yes,9.892573833
2,0.5,0.5,1,3,-6.593609178,0.010269429,0.461334287,-0.129749557,0.470243529,730.4123062,5.727993477,0.766177234,1060,Yes,9.195390463
2,0.5,0.5,2,4,-6.590233291,0.015939944,0.468915219,-0.227020645,0.502792681,727.9506742,5.720409055,0.709070309,1140,Yes,10.17105699
2,0.5,0.5,3,4,-6.561082172,0.013130276,0.479692054,-0.116381327,0.466688378,707.0364157,5.688332174,0.827023162,1060,Yes,9.296925545
2,0.5,0.5,4,6,-6.557688587,0.015504702,0.478973508,-0.013575714,0.43490001,704.6410944,5.69542533,0.869130057,1060,Yes,9.143414497
2,0.5,0.5,5,4,-6.573363319,0.015136757,0.481564083,-0.165456567,0.514119745,715.7731727,5.693906448,0.819709695,1080,Yes,9.63003993
2,0.5,1,1,3,-6.590663531,0.007279144,0.460617173,-0.165155446,0.438811282,728.2639351,5.767590945,0.845663095,1060,Yes,8.515182495
2,0.5,1,2,4,-6.590832096,0.007250566,0.460951867,-0.157619535,0.41767423,728.3867054,5.762292849,0.914074848,1090,Yes,9.759514093
2,0.5,1,3,3,-6.586542606,0.020020675,0.484376933,-0.17097681,0.44504946,725.2689896,5.751650158,0.847341339,1060,Yes,8.45088625
2,0.5,1,4,3,-6.592720553,0.011613258,0.485431108,-0.265556087,0.485004938,729.7635321,5.754359488,0.813429593,1110,Yes,9.348077536
2,0.5,1,5,3,-6.582319707,0.008278423,0.474747653,-0.192952763,0.466079419,722.2127094,5.749660548,0.845653276,1060,Yes,8.680588007
2,0.5,2,1,3,-6.597452673,0.008317457,0.462909031,-0.208303598,0.463940166,733.2250443,5.817143988,0.85972388,1060,Yes,8.770255327
2,0.5,2,2,2,-6.597379744,0.009005264,0.462948606,-0.326589724,0.517544004,733.171573,5.810377115,0.635664472,1060,Yes,9.192584753
2,0.5,2,3,3,-6.598095855,0.010265059,0.475257642,-0.239592432,0.460359447,733.6967933,5.799547774,0.826970401,1070,Yes,9.648922205
2,0.5,2,4,3,-6.596170097,0.008375377,0.46246663,-0.263009073,0.460728001,732.28523,5.812934554,0.817845738,1060,Yes,9.539053917
2,0.5,2,5,3,-6.59613188,0.008954675,0.475342201,-0.28088107,0.490851695,732.2572451,5.801936636,0.808048824,1060,Yes,9.446922302
2,0.5,5,1,2,-6.639629098,0.011704701,0.465272233,-0.177528176,0.49320038,764.8112702,5.960254782,0.770755278,1060,Yes,8.940954208
2,0.5,5,2,2,-6.640594203,0.013453042,0.485609465,-0.175024319,0.508734687,765.5497496,5.954935552,0.784632386,1070,Yes,9.140802145
2,0.5,5,3,2,-6.633515545,0.013024905,0.474973031,-0.268719131,0.514480528,760.1498196,5.945927216,0.730597202,1060,Yes,8.4631145
2,0.5,5,4,2,-6.636726826,0.009817726,0.463647959,-0.270691643,0.508415145,762.594798,5.951477168,0.730602884,1060,Yes,8.56276226
2,0.5,5,5,2,-6.63559488,0.013112921,0.47499539,-0.268719131,0.514480528,761.7320704,5.946886706,0.726329958,1080,Yes,8.981964588
2,1,0.01,1,14,-6.715594021,0.013571003,0.469235669,-0.183535749,0.450474029,825.1737921,5.618242017,0.921041241,1060,Yes,11.7332356
2,1,0.01,2,12,-6.699216905,0.014242508,0.483973696,-0.188335595,0.43591722,811.7698834,5.666642539,0.916362997,1130,Yes,11.48178148
2,1,0.01,3,12,-6.713827341,0.006645493,0.459568443,-0.127236365,0.424333703,823.7172606,5.620986972,0.944080859,1160,Yes,11.39861059
2,1,0.01,4,12,-6.713090029,-0.001210015,0.472408777,-0.137315872,0.485747431,823.1101478,5.65576922,0.964360692,1290,Yes,11.40947461
2,1,0.01,5,17,-6.722433244,0.012809939,0.473305417,-0.134282963,0.454072015,830.8366826,5.63862811,0.94967394,1120,Yes,11.87900901
2,1,0.05,1,14,-6.657026739,0.007803021,0.439194213,-0.053345742,0.416188278,778.2336024,5.648909217,0.948227246,1090,Yes,10.73656726
2,1,0.05,2,9,-6.663853685,0.012621072,0.475711674,-0.096725538,0.441380943,783.5647382,5.694879758,0.933329588,1060,Yes,9.631734848
2,1,0.05,3,8,-6.655583902,0.005957463,0.46152805,-0.096433936,0.464489331,777.1115476,5.656823057,0.951027965,1340,Yes,11.50104499
2,1,0.05,4,12,-6.661951482,0.006991219,0.466385011,-0.037827562,0.486997968,782.0756554,5.656486361,0.943479653,1060,Yes,10.02503395
2,1,0.05,5,8,-6.624654779,0.020061395,0.48224373,-0.181743776,0.510575179,753.4440633,5.641507235,0.856101046,1200,Yes,10.59425092
2,1,0.1,1,11,-6.605101285,0.021226847,0.4857084,-0.079604708,0.408890479,738.8547001,5.623481641,0.950474371,1160,Yes,10.85046291
2,1,0.1,2,10,-6.645783356,0.011870364,0.452812797,-0.136944533,0.433060102,769.5326299,5.670752429,0.911056616,1100,Yes,10.14259338
2,1,0.1,3,13,-6.61363186,0.012965261,0.477236157,-0.007241991,0.447019272,745.1845155,5.618761711,0.93709837,1440,Yes,12.5779016
2,1,0.1,4,8,-6.633219393,0.009578353,0.463395938,-0.07184801,0.456978633,759.9247329,5.697482007,0.928744513,1090,Yes,9.349315166
2,1,0.1,5,12,-6.613256953,0.010162147,0.477777427,-0.031280963,0.471835339,744.9051933,5.668333454,0.935969843,1070,Yes,10.0936029
2,1,0.5,1,5,-6.597803505,0.020416533,0.481679835,-0.147755293,0.470202758,733.4823286,5.717763994,0.813179554,1120,Yes,9.651612043
2,1,0.5,2,4,-6.602879127,0.013708923,0.457671515,-0.185369505,0.471501448,737.2146714,5.759569151,0.770146939,1060,Yes,8.910918474
2,1,0.5,3,4,-6.603164722,0.00809253,0.462401167,-0.194383006,0.485471808,737.425246,5.735684422,0.852319348,1320,Yes,10.58434939
2,1,0.5,4,4,-6.601040278,0.010786778,0.445488304,-0.096066352,0.495769147,735.8602907,5.723535167,0.782778256,1070,Yes,8.951879978
2,1,0.5,5,5,-6.574687966,0.016213576,0.475585626,-0.133848938,0.485612599,716.7219479,5.695892746,0.808363897,1060,Yes,8.780376434
2,1,1,1,4,-6.595736428,0.018099555,0.483519849,-0.194664214,0.422582845,731.9677301,5.754349389,0.90164562,1060,Yes,8.833268404
2,1,1,2,4,-6.592231298,0.000184087,0.42852562,-0.165695822,0.427459646,729.4065786,5.781608963,0.790694381,1060,Yes,9.36500597
2,1,1,3,3,-6.59052518,0.008318108,0.462240987,-0.24368505,0.472133954,728.1631864,5.769477694,0.796376526,1110,Yes,9.250473022
2,1,1,4,3,-6.594685119,0.011613348,0.447071157,-0.273798392,0.494946162,731.1986099,5.793464459,0.689490826,1130,Yes,9.247463226
2,1,1,5,3,-6.595214298,0.009120019,0.456787394,-0.133345045,0.487418427,731.5856472,5.787195125,0.68438988,1060,Yes,8.336030722
2,1,2,1,2,-6.598214037,0.021201176,0.486317732,-0.321454278,0.526734811,733.783508,5.802272241,0.635444851,1060,Yes,9.315871477
2,1,2,2,3,-6.598078821,0.017587486,0.485520758,-0.282523334,0.484927523,733.6842958,5.836384614,0.728818148,1060,Yes,8.959622622
2,1,2,3,3,-6.601335223,0.007208916,0.461804881,-0.1972448,0.448329475,736.0773608,5.813203294,0.88296701,1060,Yes,8.385651112
2,1,2,4,3,-6.603167965,0.010664827,0.463198933,-0.17262685,0.450080147,737.4276374,5.852983919,0.85661907,1060,Yes,8.394569397
2,1,2,5,3,-6.603930352,0.012029345,0.464467691,-0.257599401,0.47187409,737.9900574,5.815497457,0.825247263,1060,Yes,8.795169353
2,1,5,1,2,-6.637684005,0.019017852,0.482868572,-0.265445385,0.518391465,763.3250873,5.948880325,0.724727833,1060,Yes,8.274907827
2,1,5,2,2,-6.650736294,0.004682492,0.438486254,-0.27438529,0.474045798,773.3535314,5.990676424,0.717880753,1060,Yes,8.457254887
2,1,5,3,2,-6.639583565,0.01024726,0.464017694,-0.326589724,0.517544004,764.776447,5.955223729,0.637990681,1060,Yes,8.721716404
2,1,5,4,2,-6.645018734,0.009705753,0.470320207,-0.271323389,0.502569336,768.944453,5.989314777,0.711421244,1100,Yes,8.504736185
2,1,5,5,3,-6.645054691,0.012054953,0.454310081,-0.105273266,0.44406668,768.9721027,5.973001406,0.849163534,1060,Yes,7.909630775
2,2,0.01,1,10,-6.690119758,0.009742261,0.464495093,-0.121605512,0.493822832,804.4185816,5.644367067,0.928439409,1330,Yes,11.5083127
2,2,0.01,2,13,-6.727572259,0.020277809,0.485462578,-0.025519824,0.45926688,835.1173544,5.61797622,0.973053666,1060,Yes,9.834811926
2,2,0.01,3,11,-6.729915754,0.011006042,0.466291508,-0.12693114,0.498574418,837.076743,5.621778899,0.942603752,1120,Yes,10.33826971
2,2,0.01,4,13,-6.730929171,0.010581511,0.483902849,-0.093173385,0.456413184,837.9254801,5.590084908,0.965636329,1530,Yes,12.93946338
2,2,0.01,5,9,-6.718763269,0.01574604,0.469417313,-0.131090029,0.493251856,827.7931211,5.639765706,0.915988455,1110,Yes,9.598667622
2,2,0.05,1,11,-6.654738716,0.008829794,0.460519069,-0.083177961,0.428734666,776.4550212,5.650855279,0.947533546,1710,Yes,14.13201976
2,2,0.05,2,11,-6.668134901,0.018698009,0.483987932,-0.11694724,0.44313434,786.9265389,5.622801545,0.938238235,1510,Yes,12.92485118
2,2,0.05,3,14,-6.678274144,0.01241874,0.442210512,-0.041331885,0.43960651,794.9459649,5.661916109,0.954527413,1090,Yes,10.78008962
2,2,0.05,4,16,-6.63517591,0.012807396,0.47766277,-0.066959643,0.445136615,761.4129944,5.574569131,0.941860061,1430,Yes,13.19047928
2,2,0.05,5,10,-6.657362438,0.019738974,0.483747788,-0.134905792,0.434708448,778.494898,5.623948601,0.911735242,1120,Yes,10.62367845
2,2,0.1,1,10,-6.648322319,0.004949984,0.458594906,-0.157816937,0.409929274,771.4889271,5.656412058,0.92205194,1090,Yes,9.886902094
2,2,0.1,2,10,-6.652836064,0.019543545,0.483609771,-0.081001321,0.423978119,774.9791024,5.636503193,0.93366082,1100,Yes,10.36188745
2,2,0.1,3,7,-6.624945715,0.008610955,0.461473271,-0.155342833,0.502559306,753.6632987,5.659938314,0.87743665,1060,Yes,9.545495033
2,2,0.1,4,12,-6.615659327,0.014648076,0.479662953,-0.031964738,0.480032014,746.6968851,5.600095218,0.949292748,1140,Yes,10.4705162
2,2,0.1,5,10,-6.644974604,0.013957391,0.482043961,-0.154348983,0.451467067,768.9105204,5.662999301,0.912123689,1160,Yes,10.7552712
2,2,0.5,1,7,-6.575293274,0.012968808,0.475263504,-0.15367863,0.447563382,717.1559169,5.714505684,0.889783278,1080,Yes,9.600346804
2,2,0.5,2,4,-6.605529903,0.018569393,0.482341229,-0.13148631,0.465613309,739.1714545,5.713852364,0.840444037,1190,Yes,9.476604223
2,2,0.5,3,6,-6.604092112,0.009621446,0.447364157,-0.118918593,0.50616735,738.1094442,5.725728749,0.890167032,1090,Yes,9.298400879
2,2,0.5,4,3,-6.606115621,0.006799987,0.458573754,-0.272565655,0.498114862,739.6045273,5.718940194,0.722582549,1120,Yes,9.230918884
2,2,0.5,5,5,-6.597718153,0.020553171,0.483033,-0.082561315,0.422628123,733.4197267,5.72916817,0.889858872,1100,Yes,9.248128653
2,2,1,1,4,-6.602333788,0.007639391,0.462621524,-0.235684297,0.466690318,736.8127494,5.771303113,0.871380657,1160,Yes,9.277052641
2,2,1,2,3,-6.601592548,0.019373881,0.485825925,-0.273540492,0.502765332,736.2667966,5.742934441,0.810454908,1120,Yes,9.267771006
2,2,1,3,4,-6.602071931,0.014158016,0.477194424,-0.109375908,0.517047745,736.6198349,5.782517908,0.816433731,1060,Yes,8.705772161
2,2,1,4,4,-6.58936164,0.013598135,0.478550796,-0.234768133,0.499781503,727.3164318,5.748742701,0.789592856,1100,Yes,9.544744253
2,2,1,5,4,-6.602138633,0.020159645,0.484598747,-0.133995888,0.455266535,736.6689701,5.752161309,0.859300965,1070,Yes,8.947719574
2,2,2,1,3,-6.598354133,0.009818258,0.463417717,-0.290093596,0.472931508,733.8863158,5.817539438,0.746594204,1060,Yes,8.553320646
2,2,2,2,3,-6.603220851,0.01009411,0.475547931,-0.118809734,0.469902363,737.4666386,5.79156564,0.893862172,1060,Yes,8.378260851
2,2,2,3,3,-6.605399554,0.010530891,0.471329039,-0.181487082,0.44533297,739.0751103,5.83357841,0.849231922,1060,Yes,8.448328018
2,2,2,4,3,-6.6051708,0.008398845,0.4621276,-0.324174422,0.489213859,738.9060639,5.806354412,0.673126314,1090,Yes,9.431301117
2,2,2,5,3,-6.600718727,0.020499101,0.484510151,-0.24604839,0.455957695,735.6237117,5.80018099,0.820818685,1090,Yes,9.005663633
2,2,5,1,2,-6.643423159,0.014030533,0.467187477,-0.27011092,0.508858152,767.7185229,5.9766212,0.718314244,1130,Yes,8.259292841
2,2,5,2,2,-6.639253487,0.018882396,0.482940446,-0.322392717,0.52552506,764.5240526,5.946400093,0.635584446,1060,Yes,8.721511602
2,2,5,3,3,-6.640342767,0.012914567,0.464865594,-0.105612763,0.45350751,765.3572874,5.955107191,0.880481355,1060,Yes,8.439488649
2,2,5,4,3,-6.644567735,0.009784145,0.463387266,-0.105038283,0.451106391,768.5977376,5.951222216,0.866893584,1060,Yes,8.454038143
2,2,5,5,2,-6.639846495,0.010962032,0.475805331,-0.269726997,0.514912474,764.9775559,5.939187113,0.727141299,1060,Yes,8.36610508
2,5,0.01,1,8,-6.736034704,0.009061119,0.463161335,-0.139505373,0.47898693,842.2144761,5.654614995,0.954313776,1200,Yes,10.27624846
2,5,0.01,2,12,-6.717115938,0.019256035,0.484896458,-0.130764775,0.508233234,826.4305942,5.616720493,0.94160681,1430,Yes,12.80507922
2,5,0.01,3,8,-6.704099954,0.013599935,0.480766609,-0.127610505,0.505288926,815.7434893,5.625746189,0.936323634,1990,Yes,15.25655079
2,5,0.01,4,9,-6.741470113,0.00626663,0.461627401,-0.150035852,0.503515462,846.8047197,5.641264683,0.956464047,1140,Yes,10.06102681
2,5,0.01,5,10,-6.725952481,0.022365595,0.463028639,-0.160108867,0.425920718,833.7657441,5.630348251,0.901883367,1330,Yes,11.93386221
2,5,0.05,1,10,-6.665506606,0.005666626,0.459468278,-0.163424338,0.392735235,784.8609794,5.648628231,0.944496896,1390,Yes,11.7347486
2,5,0.05,2,10,-6.65398251,0.013083946,0.487423252,-0.12404443,0.443842132,775.8680835,5.667250598,0.941698567,1260,Yes,11.01034927
2,5,0.05,3,10,-6.676810434,0.006403198,0.459368501,-0.130720133,0.398517575,793.7832457,5.642479546,0.941316016,1160,Yes,10.49057221
2,5,0.05,4,11,-6.643914987,0.013037515,0.479903785,-0.065464352,0.44029737,768.0962007,5.596551013,0.951820845,1100,Yes,10.17667627
2,5,0.05,5,10,-6.633029979,0.020383406,0.485607982,-0.158391125,0.469012007,759.7808061,5.611727462,0.914756328,1680,Yes,13.84788227
2,5,0.1,1,6,-6.647145051,0.007141065,0.462100371,-0.198737716,0.442075617,770.581212,5.695147004,0.906817263,1180,Yes,9.701348066
2,5,0.1,2,8,-6.627389969,0.008584121,0.464089926,-0.130711845,0.465537613,755.5076962,5.663467183,0.914739006,1060,Yes,9.888220549
2,5,0.1,3,7,-6.628072005,0.01351723,0.475871677,-0.156408895,0.482077764,756.0231558,5.634630181,0.876957356,1080,Yes,9.569627762
2,5,0.1,4,9,-6.654571805,0.009955804,0.475015628,-0.159219048,0.429740556,776.3254334,5.661272669,0.929563566,1340,Yes,11.57876611
2,5,0.1,5,8,-6.650909213,0.020498351,0.485208004,-0.112248099,0.429083973,773.4872706,5.64913093,0.929132308,1210,Yes,10.61205935
2,5,0.5,1,6,-6.600118035,0.009047831,0.462696924,-0.081417576,0.47354537,735.1819614,5.739478761,0.930582181,1090,Yes,9.475582361
2,5,0.5,2,5,-6.615273584,0.009111101,0.462129769,-0.091793438,0.442591129,746.4089076,5.728487141,0.913998093,1060,Yes,8.995416641
2,5,0.5,3,4,-6.585211635,0.012382315,0.475542044,-0.245922593,0.496729243,724.3043196,5.690563679,0.779824695,1060,Yes,9.596724749
2,5,0.5,4,5,-6.604300388,0.008280198,0.475421058,-0.16678307,0.468424346,738.2631908,5.731735066,0.925161895,1340,Yes,10.51670122
2,5,0.5,5,7,-6.602050715,0.020379684,0.484503759,-0.1382416,0.440541848,736.6042065,5.707653184,0.898813406,1260,Yes,10.96409154
2,5,1,1,3,-6.606969571,0.01186471,0.485218619,-0.311735951,0.491446892,740.2363826,5.750594868,0.747756128,1080,Yes,9.120779753
2,5,1,2,4,-6.602813195,0.006642679,0.463262229,-0.255264182,0.487330607,737.1660666,5.762593291,0.868264651,1140,Yes,9.420525789
2,5,1,3,3,-6.607484424,0.006676804,0.461831796,-0.258751398,0.481367328,740.6175934,5.75545963,0.816864572,1180,Yes,9.678196669
2,5,1,4,3,-6.598092458,0.011778983,0.475949924,-0.182922689,0.434365424,733.6943011,5.764874535,0.827697133,1060,Yes,8.572365284
2,5,1,5,3,-6.606820873,0.018707772,0.483301641,-0.237144749,0.477718075,740.1263188,5.753240923,0.788360161,1200,Yes,9.943535328
2,5,2,1,3,-6.60690049,0.009489738,0.46319974,-0.164829642,0.435939161,740.1852478,5.807200422,0.862067879,1060,Yes,8.647689104
2,5,2,2,4,-6.603039005,0.008746579,0.463740089,-0.254664487,0.502336762,737.3325449,5.819110455,0.75592459,1060,Yes,8.41251111
2,5,2,3,3,-6.609999514,0.009587332,0.463220656,-0.105038283,0.451106391,742.4826578,5.801158084,0.867161644,1060,Yes,7.949553728
2,5,2,4,4,-6.602025119,0.009026887,0.462762,-0.179065207,0.398310345,736.5853526,5.819281227,0.923547906,1060,Yes,8.569609165
2,5,2,5,3,-6.605594488,0.020957328,0.485132233,-0.249998908,0.46935984,739.2191956,5.800398307,0.820160938,1070,Yes,8.779824257
2,5,5,1,3,-6.641666207,0.011478731,0.465121384,-0.161590387,0.469846883,766.3708624,5.963615342,0.880845755,1060,Yes,7.807818413
2,5,5,2,2,-6.644717753,0.01510011,0.468115231,-0.27011092,0.508858152,768.7130501,5.969358427,0.718706919,1060,Yes,8.067335606
2,5,5,3,2,-6.639410528,0.01040104,0.464150065,-0.270691643,0.508415145,764.6441238,5.951636276,0.730755132,1060,Yes,8.203125477
2,5,5,4,2,-6.643863227,0.013880509,0.485389264,-0.32508741,0.526864588,768.0564456,5.950347745,0.632238902,1060,Yes,8.723223448
2,5,5,5,2,-6.637527067,0.021213247,0.484644176,-0.264552596,0.519421828,763.2053017,5.942189313,0.726612522,1060,Yes,8.241866112
5,0.01,0.01,1,3,-6.669968094,0.017110845,0.467647033,-0.229407115,0.457584604,788.3704504,5.692579421,0.813574916,1060,Yes,9.329892635
5,0.01,0.01,2,4,-6.670126913,0.015978252,0.486208735,-0.163810938,0.452911435,788.4956683,5.69071445,0.862891748,1060,Yes,9.095487595
5,0.01,0.01,3,5,-6.675806604,0.000533149,0.452919569,-0.134572416,0.450844172,792.9868223,5.696356516,0.893577658,1060,Yes,9.440145254
5,0.01,0.01,4,5,-6.671259428,0.012628551,0.481583481,-0.062021715,0.459403155,789.3891572,5.724068693,0.927098464,1060,Yes,9.069978952
5,0.01,0.01,5,4,-6.676733785,0.013189928,0.46762017,-0.165919266,0.436989288,793.722406,5.696878546,0.862181521,1060,Yes,9.236230135
5,0.01,0.05,1,4,-6.619669636,0.019916538,0.485748967,-0.208701706,0.453280547,749.6973831,5.695022084,0.848558626,1060,Yes,9.317763329
5,0.01,0.05,2,4,-6.61881659,0.020200038,0.486038409,-0.176556843,0.461469322,749.0581292,5.697114766,0.859637852,1060,Yes,9.184645891
5,0.01,0.05,3,4,-6.620256665,0.017161838,0.466942405,-0.021345366,0.399236509,750.1376061,5.695264213,0.830186011,1060,Yes,8.658762932
5,0.01,0.05,4,4,-6.620121176,0.020917398,0.485582419,-0.174624137,0.489514896,750.0359782,5.694776343,0.847589756,1060,Yes,9.143014431
5,0.01,0.05,5,4,-6.626365373,0.013018968,0.46759861,-0.162899796,0.405163551,754.7340025,5.704294245,0.899139624,1060,Yes,9.162593365
5,0.01,0.1,1,4,-6.60020723,0.020063797,0.485671077,-0.196229433,0.470329754,735.2475391,5.702868588,0.84567453,1060,Yes,9.260881186
5,0.01,0.1,2,4,-6.60132285,0.020309193,0.485897438,0.010255759,0.415174263,736.0682532,5.703512266,0.840790168,1060,Yes,8.448414803
5,0.01,0.1,3,5,-6.600680493,0.020592611,0.485964346,-0.064188564,0.451309061,735.5955866,5.700208933,0.909065547,1060,Yes,9.172622681
5,0.01,0.1,4,4,-6.601508172,0.017257285,0.467339909,-0.119486578,0.454153878,736.2046758,5.701525975,0.889482417,1060,Yes,9.589128494
5,0.01,0.1,5,4,-6.608971666,0.003952476,0.456678532,-0.039043266,0.387244238,741.7198903,5.702914062,0.836590626,1060,Yes,8.528942585
5,0.01,0.5,1,3,-6.57317678,0.019619328,0.484949327,-0.249062374,0.48452188,715.6396659,5.72287611,0.803592076,1060,Yes,9.21211338
5,0.01,0.5,2,3,-6.573398731,0.021418961,0.485989594,-0.098618976,0.4625949,715.7985203,5.719779981,0.858026704,1060,Yes,8.70864439
5,0.01,0.5,3,4,-6.561229965,0.014851595,0.480600783,-0.082599897,0.459304535,707.1409188,5.711691132,0.687598114,1060,Yes,8.56467557
5,0.01,0.5,4,4,-6.54274307,0.014982466,0.476373887,-0.072884425,0.451823953,694.1881755,5.694956143,0.830858616,1060,Yes,9.071918964
5,0.01,0.5,5,3,-6.579828597,0.007382488,0.459720309,-0.225354841,0.470181549,720.4158369,5.73526181,0.804844523,1060,Yes,9.434354544
5,0.01,1,1,3,-6.572924933,0.018725575,0.482223419,-0.223626411,0.467536402,715.4594563,5.750761971,0.807473769,1060,Yes,9.344320536
5,0.01,1,2,2,-6.573092983,0.01906471,0.482843709,-0.265445385,0.518391465,715.5796995,5.745880928,0.722628349,1060,Yes,8.34477973
5,0.01,1,3,3,-6.579286997,0.007668607,0.462593266,-0.234308648,0.460091189,720.0257656,5.768617539,0.799906035,1060,Yes,9.255770922
5,0.01,1,4,3,-6.574398254,0.020897714,0.485714646,-0.222687972,0.468746153,716.514335,5.749822171,0.812900777,1060,Yes,9.254248381
5,0.01,1,5,3,-6.578675531,0.008975569,0.462421153,-0.224807449,0.471193107,719.5856289,5.764235784,0.804927846,1060,Yes,8.760088682
5,0.01,2,1,2,-6.584852008,0.010288139,0.475690637,-0.269726997,0.514912474,724.0438867,5.799317422,0.726262213,1060,Yes,8.484501362
5,0.01,2,2,3,-6.58497941,0.010656679,0.475376251,-0.105329129,0.453728109,724.1361378,5.802305773,0.846828501,1060,Yes,8.911103725
5,0.01,2,3,2,-6.584954308,0.01906471,0.482843709,-0.322392717,0.52552506,724.1179606,5.799710122,0.635734323,1060,Yes,8.867651463
5,0.01,2,4,2,-6.591336874,0.009290384,0.463194032,-0.363855111,0.52362991,728.7544719,5.818029925,0.556656496,1060,Yes,9.012429953
5,0.01,2,5,2,-6.59063844,0.009328202,0.463226585,-0.270691643,0.508415145,728.2456624,5.815866443,0.725158505,1060,Yes,8.596780777
5,0.01,5,1,2,-6.630086678,0.013240581,0.478484072,-0.268442191,0.516271909,757.5478306,5.945597613,0.726267921,1060,Yes,8.675825834
5,0.01,5,2,2,-6.630063555,0.013326205,0.478484532,-0.268442191,0.516271909,757.5303141,5.945820769,0.726179688,1060,Yes,8.718467951
5,0.01,5,3,2,-6.63529982,0.011836629,0.481124845,-0.176571969,0.50561563,761.5073469,5.958033343,0.781436941,1060,Yes,9.166682243
5,0.01,5,4,2,-6.629995103,0.013099982,0.474992103,-0.17489816,0.501287557,757.4784611,5.945923723,0.785940727,1060,Yes,9.111152411
5,0.01,5,5,2,-6.635359507,0.011662329,0.481154071,-0.269974488,0.517726582,761.5527999,5.956337734,0.724105559,1060,Yes,8.366348982
5,0.05,0.01,1,5,-6.675638106,0.015658413,0.486722298,-0.250245641,0.47878657,792.8532166,5.694708123,0.791376165,1170,Yes,10.71820164
5,0.05,0.01,2,4,-6.675340643,0.015436018,0.486245665,-0.256181356,0.457933365,792.6174074,5.691707209,0.813472128,1060,Yes,9.752299786
5,0.05,0.01,3,5,-6.676478465,0.017190079,0.469251128,-0.137072572,0.487652483,793.5197784,5.690652862,0.885294666,1080,Yes,9.813145399
5,0.05,0.01,4,4,-6.670277871,0.017418265,0.467696855,-0.168990839,0.436689094,788.6147069,5.693276282,0.863781952,1090,Yes,9.71689558
5,0.05,0.01,5,7,-6.650364356,0.011503898,0.496314238,0.056655044,0.478516982,773.0659458,5.742764779,0.945268346,1060,Yes,9.814390659
5,0.05,0.05,1,6,-6.617386873,0.010630728,0.493353834,-0.135288702,0.474367844,747.9879537,5.740357453,0.892394061,1060,Yes,9.346925735
5,0.05,0.05,2,4,-6.622425986,0.020371273,0.485287951,-0.220973826,0.442755295,751.7666623,5.695984305,0.86521518,1060,Yes,9.357913017
5,0.05,0.05,3,4,-6.623209172,0.016102625,0.486912823,-0.18209908,0.500571787,752.3556658,5.690131253,0.851320964,1060,Yes,9.474222422
5,0.05,0.05,4,4,-6.623464335,0.015367721,0.485178018,-0.155376419,0.438201038,752.547664,5.693333931,0.887200398,1060,Yes,9.263375282
5,0.05,0.05,5,5,-6.62781769,0.009307052,0.463749879,-0.055591104,0.506555032,755.8309122,5.710422308,0.90831536,1060,Yes,9.306703329
5,0.05,0.1,1,5,-6.605681218,0.020339201,0.486869355,-0.122605792,0.464876792,739.2833106,5.689398385,0.873442624,1060,Yes,9.597050428
5,0.05,0.1,2,5,-6.602330486,0.02084101,0.486035173,-0.089982372,0.417598624,736.8103158,5.698095495,0.899091553,1070,Yes,9.33476758
5,0.05,0.1,3,4,-6.60386433,0.017076759,0.487047917,-0.163717046,0.494141537,737.9413353,5.697375779,0.821406102,1060,Yes,9.535673618
5,0.05,0.1,4,4,-6.602904338,0.020991735,0.485486439,-0.099512556,0.476605988,737.2332576,5.703099448,0.884168553,1060,Yes,9.563203812
5,0.05,0.1,5,7,-6.606702073,0.009561484,0.445916321,-0.058547714,0.443425669,740.038397,5.703286186,0.917300964,1060,Yes,9.243516684
5,0.05,0.5,1,3,-6.559579616,0.012331796,0.456768656,-0.215033572,0.49754966,705.9748519,5.697474453,0.70056197,1060,Yes,9.251867771
5,0.05,0.5,2,3,-6.577185793,0.019859388,0.485224566,-0.244023567,0.468729316,718.5144332,5.724729694,0.806020177,1060,Yes,9.599175215
5,0.05,0.5,3,3,-6.567535497,0.018963076,0.47642503,-0.128232325,0.476322524,711.6139054,5.709683121,0.709491122,1060,Yes,8.686491966
5,0.05,0.5,4,4,-6.566096162,0.01883398,0.476497005,-0.097215771,0.484467983,710.5903919,5.714758054,0.756571478,1060,Yes,9.499687195
5,0.05,0.5,5,3,-6.554039509,0.018634215,0.460988909,-0.211603847,0.475876311,702.07449,5.698554327,0.714113792,1070,Yes,8.833415747
5,0.05,1,1,3,-6.577277878,0.021128463,0.485359878,-0.135121276,0.469533186,718.5806007,5.749545179,0.84589138,1060,Yes,8.615545511
5,0.05,1,2,3,-6.575287466,0.020652188,0.485013353,-0.170567375,0.44422932,717.1517518,5.752611672,0.831165343,1060,Yes,8.823901176
5,0.05,1,3,3,-6.576361157,0.019595538,0.484523341,-0.181018452,0.445294393,717.9221644,5.746876423,0.833466612,1060,Yes,8.927854061
5,0.05,1,4,3,-6.575889015,0.020795669,0.485372847,-0.143098608,0.480037238,717.5832833,5.759935716,0.839096455,1060,Yes,8.794095516
5,0.05,1,5,3,-6.557942156,0.012579692,0.441779754,-0.214662897,0.475446291,704.8197923,5.738591357,0.700527348,1060,Yes,8.716161251
5,0.05,2,1,3,-6.589464279,0.010482436,0.475256759,-0.231043184,0.458546463,727.3910867,5.802040639,0.812048006,1060,Yes,9.450623751
5,0.05,2,2,2,-6.587681303,0.021450742,0.485991689,-0.321454278,0.526734811,726.0953213,5.796108192,0.636061377,1060,Yes,9.230674744
5,0.05,2,3,3,-6.58658832,0.020728245,0.484632054,-0.227972239,0.484008253,725.3021452,5.800932671,0.816325296,1060,Yes,9.502046585
5,0.05,2,4,2,-6.58690054,0.021637373,0.485747867,-0.264272336,0.519903653,725.5286342,5.803720374,0.725811285,1060,Yes,8.818844318
5,0.05,2,5,2,-6.594556075,0.009835529,0.463663283,-0.270691643,0.508415145,731.1042591,5.819031758,0.724875374,1060,Yes,8.90594101
5,0.05,5,1,2,-6.632611862,0.010609735,0.475745371,-0.269726997,0.514912474,759.4631954,5.946554756,0.73034679,1060,Yes,8.416656017
5,0.05,5,2,2,-6.632100554,0.013383111,0.478484838,-0.174528906,0.503676066,759.0749752,5.945384973,0.786028586,1060,Yes,9.151582241
5,0.05,5,3,2,-6.632064171,0.013010383,0.474969341,-0.268719131,0.514480528,759.0473582,5.946052987,0.726235036,1060,Yes,8.545404434
5,0.05,5,4,2,-6.63243042,0.01287722,0.474935514,-0.17489816,0.501287557,759.3254091,5.946197949,0.785874131,1060,Yes,9.030652761
5,0.05,5,5,2,-6.637027438,0.011710693,0.465277391,-0.177528176,0.49320038,762.824078,5.96543561,0.771806097,1060,Yes,9.147917747
5,0.1,0.01,1,4,-6.675866976,0.020454124,0.485583062,-0.167635255,0.445253701,793.034698,5.686646127,0.865274461,1090,Yes,9.720488071
5,0.1,0.01,2,8,-6.68046501,0.013994879,0.477233978,-0.140251867,0.462665015,796.6894948,5.676908061,0.913990805,1060,Yes,10.02505541
5,0.1,0.01,3,5,-6.659353502,0.010301805,0.493040853,-0.094433469,0.447047696,780.0464754,5.739731403,0.958014202,1060,Yes,9.211353064
5,0.1,0.01,4,6,-6.677637112,0.01700125,0.469071462,-0.093792501,0.427648488,794.4397205,5.677557136,0.928814329,1090,Yes,9.950370312
5,0.1,0.01,5,3,-6.684352441,0.013094846,0.468069583,-0.299292543,0.487000163,799.7925976,5.70362115,0.67656975,1080,Yes,9.811022758
5,0.1,0.05,1,8,-6.621667891,0.019698138,0.48390304,-0.076052912,0.42408671,751.1969675,5.668091504,0.933769153,1060,Yes,9.519676924
5,0.1,0.05,2,9,-6.630264808,0.007552148,0.459568107,-0.020549863,0.456385659,757.6827845,5.683255033,0.933525543,1060,Yes,10.07511401
5,0.1,0.05,3,7,-6.636122871,0.011754044,0.460639588,-0.065066731,0.453437754,762.134364,5.705301501,0.925431317,1060,Yes,9.559819698
5,0.1,0.05,4,5,-6.623995367,0.021449045,0.466935013,-0.097135226,0.469869917,752.9473968,5.683508665,0.890804067,1070,Yes,9.234694719
5,0.1,0.05,5,5,-6.63178109,0.000683463,0.45331987,-0.17114067,0.370481994,758.832517,5.698312861,0.916039402,1060,Yes,9.581266403
5,0.1,0.1,1,5,-6.604855426,0.019601558,0.485312643,-0.262873453,0.485463239,738.6730685,5.690593866,0.786637767,1070,Yes,10.10242319
5,0.1,0.1,2,6,-6.581403476,0.013455936,0.476809767,-0.094239759,0.422438006,721.551299,5.659139467,0.912785251,1060,Yes,9.893391371
5,0.1,0.1,3,7,-6.604858848,0.017161772,0.467203985,-0.069163123,0.447199863,738.6755963,5.680169686,0.907702369,1090,Yes,9.960340977
5,0.1,0.1,4,6,-6.607143633,0.01925069,0.485286087,-0.111870806,0.43940743,740.3652408,5.688999333,0.89011186,1060,Yes,9.4068923
5,0.1,0.1,5,7,-6.576136391,0.022984076,0.488331687,-0.062059886,0.470408373,717.7608181,5.651462897,0.856526208,1060,Yes,9.355409861
5,0.1,0.5,1,4,-6.566969141,0.015848416,0.481014515,-0.16042255,0.553953174,711.2109926,5.706066446,0.795365056,1110,Yes,9.673659801
5,0.1,0.5,2,3,-6.591971109,0.007311871,0.463602744,-0.230766523,0.427759959,729.2168203,5.776651641,0.807588903,1060,Yes,9.26854372
5,0.1,0.5,3,3,-6.574320901,0.019427746,0.47701882,-0.212622269,0.491869907,716.4589124,5.71111444,0.721778996,1060,Yes,9.614448547
5,0.1,0.5,4,3,-6.578798041,0.017687668,0.480988472,-0.297985257,0.483185045,719.6737905,5.724947348,0.738019185,1060,Yes,9.436074972
5,0.1,0.5,5,4,-6.570867234,0.007743298,0.446405857,-0.085652219,0.44195796,713.9887701,5.713711994,0.805339937,1060,Yes,8.857766151
5,0.1,1,1,3,-6.578772973,0.019530696,0.48305796,-0.238429308,0.471963974,719.6557506,5.752645727,0.794952668,1060,Yes,9.153334856
5,0.1,1,2,3,-6.571509159,0.019423283,0.474619693,-0.127437554,0.468145609,714.4472445,5.755767037,0.715719458,1110,Yes,8.660002232
5,0.1,1,3,3,-6.580011256,0.02109264,0.485464087,-0.222687972,0.468746153,720.5474396,5.752353413,0.806959861,1060,Yes,9.232492924
5,0.1,1,4,3,-6.575750874,0.017884892,0.481495203,-0.296262018,0.481375938,717.4841622,5.748297271,0.735688182,1060,Yes,9.641419888
5,0.1,1,5,3,-6.563421207,0.010932523,0.466652485,-0.215544706,0.499817924,708.6921345,5.740478939,0.709593982,1060,Yes,9.238499165
5,0.1,2,1,2,-6.589680869,0.012832467,0.474924145,-0.268719131,0.514480528,727.5486494,5.80150343,0.730416407,1060,Yes,8.634758949
5,0.1,2,2,3,-6.590707174,0.021347487,0.485418521,-0.227505425,0.471061277,728.2957198,5.814253433,0.797618087,1060,Yes,9.556280136
5,0.1,2,3,3,-6.590332562,0.021109204,0.485801575,-0.152605371,0.466230318,728.0229423,5.801178617,0.860477064,1060,Yes,8.976570606
5,0.1,2,4,2,-6.589262056,0.019178458,0.482783353,-0.387475382,0.53367774,727.2440066,5.79759725,0.493249981,1060,Yes,9.756411314
5,0.1,2,5,2,-6.593046345,0.009724329,0.463567565,-0.326589724,0.517544004,730.001322,5.816209226,0.637527108,1060,Yes,9.4747684
5,0.1,5,1,2,-6.632476698,0.013454715,0.475082218,-0.17489816,0.501287557,759.3605501,5.946301813,0.785872362,1060,Yes,9.18810606
5,0.1,5,2,2,-6.639856017,0.009449813,0.486195823,-0.267505114,0.49351235,764.9848405,5.951618645,0.765787068,1060,Yes,8.513695478
5,0.1,5,3,2,-6.633828615,0.019049026,0.482852031,-0.265445385,0.518391465,760.3878372,5.946772571,0.725942074,1060,Yes,8.545557499
5,0.1,5,4,2,-6.632817486,0.013240699,0.478484072,-0.268442191,0.516271909,759.6193754,5.94393859,0.726465512,1060,Yes,8.818329096
5,0.1,5,5,2,-6.632369165,0.013381316,0.475063571,-0.17489816,0.501287557,759.2788983,5.946533211,0.786018994,1060,Yes,9.104392529
5,0.5,0.01,1,8,-6.691381013,0.006397115,0.458314923,-0.203426196,0.503653111,805.4337992,5.660980239,0.841660525,1060,Yes,10.28185415
5,0.5,0.01,2,14,-6.699103366,0.004846392,0.456825177,-0.184157746,0.401543403,811.6777208,5.600307436,0.919968052,1180,Yes,13.08048391
5,0.5,0.01,3,16,-6.686203831,0.020624752,0.484236258,-0.088639161,0.44555056,801.2746968,5.614368444,0.949717247,1140,Yes,12.0949316
5,0.5,0.01,4,10,-6.696399609,0.00713191,0.460593687,-0.186203989,0.417171763,809.486106,5.652683279,0.938306264,1080,Yes,10.49172902
5,0.5,0.01,5,12,-6.689990015,0.007810596,0.473662907,-0.134226023,0.447367139,804.3142207,5.624757699,0.938031158,1160,Yes,11.82704926
5,0.5,0.05,1,8,-6.64033804,0.008932723,0.461801895,-0.067521476,0.405726108,765.3536692,5.679273751,0.928200748,1070,Yes,9.105410814
5,0.5,0.05,2,10,-6.651998604,0.007576208,0.460285698,-0.067889174,0.421371198,774.3303599,5.659982558,0.944895504,1070,Yes,10.06701159
5,0.5,0.05,3,8,-6.638601197,0.021647397,0.467872308,-0.114117525,0.515427799,764.0255244,5.664067033,0.936483485,1060,Yes,9.792862654
5,0.5,0.05,4,11,-6.636847809,0.006670724,0.459980228,-0.068024025,0.408308347,762.6870642,5.661053693,0.941483114,1120,Yes,10.31467414
5,0.5,0.05,5,9,-6.62934139,0.013025229,0.477295274,-0.049480238,0.507976484,756.9834493,5.626288304,0.948406607,1060,Yes,10.23410654
5,0.5,0.1,1,7,-6.623184946,0.009036142,0.462055263,-0.057390997,0.427968625,752.3374397,5.690183719,0.923823434,1060,Yes,8.917928457
5,0.5,0.1,2,11,-6.605763079,0.011074958,0.477195994,-0.056980681,0.436585124,739.3438319,5.635968667,0.909563771,1080,Yes,9.959407568
5,0.5,0.1,3,6,-6.590696966,0.014190495,0.479230798,-0.123661055,0.510269726,728.2882856,5.64310896,0.882703083,1060,Yes,9.871975183
5,0.5,0.1,4,10,-6.588189303,0.013722093,0.479812987,-0.067667199,0.43284582,726.4642714,5.623777707,0.934805726,1220,Yes,11.30708361
5,0.5,0.1,5,9,-6.612680436,0.020007996,0.482889564,-0.045761694,0.450606468,744.4758664,5.661483277,0.901516121,1100,Yes,10.02256584
5,0.5,0.5,1,6,-6.560255067,0.020456192,0.483449632,-0.087944246,0.445807759,706.4518645,5.691754207,0.865281204,1080,Yes,9.799160004
5,0.5,0.5,2,4,-6.595641384,0.006530286,0.457156543,-0.23198974,0.49764783,731.898164,5.721690779,0.774602529,1060,Yes,9.279612064
5,0.5,0.5,3,4,-6.585425795,0.01434806,0.47929737,-0.195443497,0.454241235,724.4594532,5.720379527,0.77843478,1060,Yes,8.95992136
5,0.5,0.5,4,4,-6.594294433,0.004535761,0.460612165,-0.323215011,0.484574272,730.9129969,5.731544857,0.740816871,1060,Yes,9.390126228
5,0.5,0.5,5,4,-6.575605956,0.017351402,0.474091214,-0.231642623,0.492301248,717.3801939,5.696760548,0.690625173,1060,Yes,9.048741341
5,0.5,1,1,4,-6.592665552,0.008179978,0.461810823,-0.18545924,0.524666221,729.7233952,5.76392744,0.867438916,1070,Yes,9.241488218
5,0.5,1,2,3,-6.589133213,0.014353421,0.475044909,-0.311115143,0.517126355,727.1503122,5.749789344,0.622268302,1060,Yes,9.513487577
5,0.5,1,3,3,-6.58419139,0.009804592,0.473768054,-0.282203233,0.46248794,723.5657283,5.751201552,0.738183901,1080,Yes,9.201952457
5,0.5,1,4,5,-6.593459472,0.004995838,0.460821437,-0.226786733,0.433795601,730.3029675,5.75890137,0.893427933,1060,Yes,9.309301376
5,0.5,1,5,3,-6.592451843,0.01942676,0.484983282,-0.302315371,0.502031171,729.5674639,5.747845727,0.755577347,1060,Yes,9.34603548
5,0.5,2,1,3,-6.597874391,0.009796409,0.463400991,-0.232827997,0.468841405,733.5343237,5.816724933,0.814968173,1060,Yes,9.230187654
5,0.5,2,2,3,-6.601745325,0.008335872,0.462579238,-0.304915947,0.487418365,736.3792897,5.811831537,0.740135903,1060,Yes,9.155036688
5,0.5,2,3,3,-6.594255172,0.010482924,0.474986382,-0.230745108,0.45599394,730.8843007,5.805983843,0.825219401,1060,Yes,9.492134809
5,0.5,2,4,3,-6.602871536,0.007744643,0.462591112,-0.377563658,0.510352275,737.2090751,5.809617233,0.60800685,1060,Yes,8.961901665
5,0.5,2,5,4,-6.592967608,0.010682732,0.475036329,-0.16336711,0.433112086,729.943846,5.798894664,0.810983756,1060,Yes,9.107983112
5,0.5,5,1,2,-6.638983211,0.014552368,0.485043168,-0.32508741,0.526864588,764.3174483,5.95793107,0.634367923,1060,Yes,9.310492992
5,0.5,5,2,2,-6.641121521,0.009532415,0.463402368,-0.326589724,0.517544004,765.9535442,5.950680021,0.638494398,1060,Yes,9.171762943
5,0.5,5,3,2,-6.635337714,0.013581322,0.478485904,-0.324790162,0.523829415,761.5362039,5.945643344,0.635831805,1060,Yes,9.153540373
5,0.5,5,4,2,-6.639417389,0.014278435,0.48518428,-0.175024319,0.508734687,764.6493703,5.959212196,0.78129083,1060,Yes,9.31889987
5,0.5,5,5,2,-6.635509675,0.012537278,0.474849156,-0.362540103,0.527673498,761.66717,5.946656584,0.557166817,1060,Yes,9.309521675
5,1,0.01,1,9,-6.714065875,0.020590846,0.467009076,-0.107602305,0.473519143,823.9137685,5.631036909,0.972564114,1130,Yes,10.20698905
5,1,0.01,2,10,-6.70578104,0.017787009,0.48615683,-0.15035635,0.467731357,817.115977,5.653004554,0.901106795,1110,Yes,10.92241073
5,1,0.01,3,13,-6.714341706,0.004092511,0.455508825,-0.119223408,0.381312486,824.1410613,5.608382624,0.962653423,1390,Yes,13.1542933
5,1,0.01,4,17,-6.721414503,0.017557767,0.445672499,-0.120960168,0.478048051,829.9907059,5.621621441,0.945356793,1110,Yes,12.75293279
5,1,0.01,5,18,-6.728411596,0.00897108,0.47437598,-0.095537074,0.47362284,835.8185938,5.632273873,0.955948157,1410,Yes,14.67277861
5,1,0.05,1,11,-6.662389013,0.019854178,0.484295404,-0.045773204,0.451072734,782.4179131,5.634189003,0.954383958,1110,Yes,10.33639646
5,1,0.05,2,10,-6.669185599,-0.001145209,0.424973011,-0.168672334,0.45464926,787.753796,5.696932964,0.907183159,1100,Yes,10.71573853
5,1,0.05,3,14,-6.629162025,0.011238014,0.475331674,-0.058271273,0.431682027,756.8476855,5.571956011,0.958703848,1140,Yes,11.12099767
5,1,0.05,4,12,-6.662035759,0.008416367,0.469733533,-0.078708276,0.400147034,782.1415692,5.676642959,0.957849848,1580,Yes,14.12615824
5,1,0.05,5,11,-6.658282825,0.01030736,0.477128126,-0.097100029,0.414648557,779.2117449,5.677922652,0.950957513,1080,Yes,10.11098266
5,1,0.1,1,11,-6.637655786,0.017885071,0.4809831,-0.069535965,0.423650052,763.3035473,5.648638957,0.947405623,1380,Yes,12.31195402
5,1,0.1,2,8,-6.63961599,0.011181658,0.457984837,-0.098008077,0.415712852,764.8012454,5.685803939,0.886050368,1090,Yes,10.07536411
5,1,0.1,3,8,-6.645604497,0.00697986,0.46045755,-0.166914474,0.454134851,769.3950039,5.653394283,0.872167041,1150,Yes,10.33537745
5,1,0.1,4,12,-6.646028407,0.005659601,0.4743639,-0.078341258,0.454408191,769.7212272,5.677638414,0.933770808,1100,Yes,10.37091446
5,1,0.1,5,9,-6.63242432,0.00954637,0.485632211,-0.121267991,0.488858619,759.3207773,5.637595578,0.858564013,1070,Yes,9.499126196
5,1,0.5,1,6,-6.596570334,0.014083414,0.442610674,-0.172569793,0.412499923,732.5783768,5.719367361,0.872846124,1120,Yes,8.946603775
5,1,0.5,2,4,-6.590166937,0.012077053,0.47718189,-0.244226328,0.488256856,727.9023739,5.728525136,0.741479019,1070,Yes,9.615988493
5,1,0.5,3,5,-6.583939159,0.012294416,0.479449641,-0.187636055,0.468573365,723.3832458,5.70707109,0.878255809,1080,Yes,9.749574423
5,1,0.5,4,3,-6.593449391,0.015806922,0.443375306,-0.26965332,0.504771174,730.2956053,5.720781986,0.679799693,1070,Yes,9.183804035
5,1,0.5,5,5,-6.601117325,-0.002468471,0.43419617,-0.160812978,0.430158081,735.9169886,5.750481927,0.818000807,1060,Yes,8.990180016
5,1,1,1,4,-6.589622657,0.015269576,0.482913241,-0.199210644,0.501272241,727.5062988,5.76534672,0.803479132,1060,Yes,9.078804016
5,1,1,2,4,-6.604066853,-0.001660895,0.456442148,-0.246843485,0.461324578,738.0908009,5.801781121,0.788646817,1060,Yes,9.230383158
5,1,1,3,4,-6.600297277,0.007499901,0.460974161,-0.198789013,0.445004193,735.3137483,5.75932135,0.863768102,1060,Yes,9.227763176
5,1,1,4,3,-6.599495594,0.010396401,0.461714077,-0.226964951,0.465855975,734.7244963,5.792124773,0.773690541,1110,Yes,9.152930737
5,1,1,5,3,-6.593494346,0.017255397,0.474108059,-0.12877748,0.49849509,730.3284365,5.776708589,0.689932537,1070,Yes,8.338445425
5,1,2,1,3,-6.602123973,0.021013633,0.485648469,-0.348920461,0.50785919,736.6581708,5.796335933,0.600573739,1060,Yes,8.605088472
5,1,2,2,4,-6.607166057,-0.001394131,0.456337578,-0.335162789,0.463923046,740.3818429,5.841228404,0.739103466,1060,Yes,8.979805231
5,1,2,3,3,-6.607790843,0.005822563,0.462737508,-0.279862298,0.498903607,740.8445673,5.81652024,0.814240109,1060,Yes,9.170365334
5,1,2,4,5,-6.606956491,0.01729001,0.442182457,-0.213278453,0.408609712,740.2267,5.841068852,0.897673107,1060,Yes,9.501010656
5,1,2,5,4,-6.60829801,0.010733596,0.453585304,-0.252967734,0.465528749,741.2203946,5.836923923,0.81041009,1060,Yes,9.21747756
5,1,5,1,2,-6.64095085,0.012814866,0.451282937,-0.268424865,0.500037233,765.8228294,5.955782406,0.719493451,1060,Yes,8.471835136
5,1,5,2,3,-6.649880236,0.013149644,0.463314517,-0.146623279,0.428472964,772.6917797,5.993999486,0.872739907,1060,Yes,8.386327744
5,1,5,3,3,-6.640988383,0.009751151,0.463526224,-0.297165011,0.480387114,765.8515735,5.95106197,0.744558049,1080,Yes,9.328236103
5,1,5,4,2,-6.644079438,0.013854379,0.449513577,-0.267990616,0.496778472,768.2225257,5.977487705,0.713953607,1060,Yes,8.51090312
5,1,5,5,2,-6.644433812,0.01538191,0.484615845,-0.268813751,0.520065875,768.4948119,5.954460215,0.720090868,1060,Yes,8.323420286
5,2,0.01,1,14,-6.719610947,0.007598162,0.462329239,-0.194876231,0.451726644,828.4951205,5.635191558,0.917411351,1130,Yes,12.26672554
5,2,0.01,2,13,-6.722675867,0.02127313,0.463881069,-0.145956563,0.456882021,831.0382871,5.602337574,0.934375861,2030,Yes,17.6945889
5,2,0.01,3,12,-6.737290075,0.005119716,0.455037479,-0.128123608,0.434170614,843.2724317,5.672371091,0.963469416,1130,Yes,11.22568464
5,2,0.01,4,16,-6.726878484,0.003542616,0.455710114,-0.121180787,0.389709128,834.5381713,5.587501034,0.972623119,1290,Yes,12.3665812
5,2,0.01,5,13,-6.707053362,0.01518402,0.478786193,-0.163900811,0.438115061,818.1562737,5.586353956,0.929192456,1370,Yes,13.2950964
5,2,0.05,1,11,-6.649319789,0.010140333,0.463993206,-0.059929845,0.427507329,772.2588481,5.646395598,0.959201747,1090,Yes,9.905302048
5,2,0.05,2,9,-6.678836032,0.019656256,0.485244654,-0.196320488,0.453256835,795.3927615,5.632448494,0.895105115,1060,Yes,10.36795211
5,2,0.05,3,9,-6.67436564,0.014092049,0.466930956,-0.099746804,0.448397449,791.8449799,5.690356538,0.940033096,1210,Yes,10.97886658
5,2,0.05,4,15,-6.649188196,0.022598687,0.482074897,-0.118712999,0.443594025,772.1572309,5.570301655,0.919939909,1110,Yes,11.99076986
5,2,0.05,5,11,-6.635515497,0.020428154,0.482655914,-0.089549568,0.414189517,761.6716043,5.609516151,0.922266673,1170,Yes,11.21566415
5,2,0.1,1,12,-6.636819078,0.009027386,0.461472077,-0.048162017,0.437293685,762.665152,5.666558238,0.939516809,1150,Yes,11.11174822
5,2,0.1,2,10,-6.619889361,0.012920887,0.474719348,-0.051714962,0.442478583,749.8621285,5.622198644,0.932774792,1640,Yes,13.39722872
5,2,0.1,3,10,-6.644370882,0.00969372,0.459897854,-0.085359022,0.427319978,768.446452,5.664548737,0.926829136,1130,Yes,10.25950527
5,2,0.1,4,12,-6.643113673,0.004103511,0.455797163,-0.076730223,0.421343826,767.4809613,5.653305794,0.943197649,1260,Yes,11.28356457
5,2,0.1,5,6,-6.640103251,0.018728782,0.487187957,-0.112955899,0.480369843,765.1739942,5.660942718,0.894429441,1440,Yes,11.42680573
5,2,0.5,1,5,-6.591440911,0.008611558,0.463552094,-0.232470194,0.491104336,728.830293,5.726206766,0.821949793,1190,Yes,9.756897688
5,2,0.5,2,5,-6.615751983,0.021882926,0.459601,-0.205910448,0.476817355,746.7660743,5.70084133,0.821174244,1130,Yes,9.297083378
5,2,0.5,3,5,-6.608557119,0.003597137,0.434165436,-0.158006865,0.43946855,741.4124768,5.74582697,0.803688278,1100,Yes,9.806324959
5,2,0.5,4,7,-6.576735166,0.011798375,0.475879551,-0.111955629,0.453498402,718.1907242,5.686752342,0.900077339,1090,Yes,9.59561801
5,2,0.5,5,5,-6.601594217,0.007278107,0.464385388,-0.127311402,0.420327335,736.2680248,5.741247764,0.862929979,1480,Yes,11.35976887
5,2,1,1,4,-6.593877847,0.010590852,0.462287181,0.018907193,0.479760439,730.608572,5.78234819,0.792725042,1060,Yes,8.515955687
5,2,1,2,4,-6.607219431,0.019292869,0.484828503,-0.237039958,0.465500117,740.4213609,5.744078434,0.856928466,1120,Yes,9.198374271
5,2,1,3,5,-6.597827364,0.012019824,0.464606058,-0.186125109,0.448783207,733.4998283,5.794502666,0.868965553,1060,Yes,9.328851223
5,2,1,4,5,-6.606466665,0.005706083,0.457032791,-0.168780342,0.434572974,739.8642068,5.754214257,0.892075164,1070,Yes,9.60293746
5,2,1,5,4,-6.596342703,0.017589397,0.483949297,-0.334822887,0.477745571,732.4116384,5.761946634,0.744458104,1270,Yes,10.32313967
5,2,2,1,3,-6.605798676,0.011760366,0.465109702,-0.336678106,0.489232099,739.3701507,5.84023521,0.665980245,1090,Yes,9.119751215
5,2,2,2,3,-6.608483231,0.020664007,0.484599679,-0.33043929,0.488658454,741.3576968,5.799130747,0.674703155,1060,Yes,9.52644372
5,2,2,3,3,-6.603367083,0.012721839,0.464670005,-0.295203164,0.495357193,737.5744872,5.81631551,0.674118622,1110,Yes,9.65170598
5,2,2,4,4,-6.610726544,0.009218345,0.463048322,-0.226147508,0.493971341,743.0226615,5.804487148,0.819101178,1150,Yes,10.10981059
5,2,2,5,5,-6.602090855,0.020037451,0.485755192,-0.244358029,0.533342958,736.6337745,5.807134109,0.867570515,1060,Yes,9.27014184
5,2,5,1,2,-6.642545049,0.01393296,0.467102842,-0.27011092,0.508858152,767.0446775,5.976603178,0.718617001,1060,Yes,8.730437756
5,2,5,2,2,-6.638568238,0.010627568,0.475748407,-0.363212013,0.527961463,764.0003432,5.940370372,0.557403542,1060,Yes,9.036324739
5,2,5,3,3,-6.639276102,0.01412561,0.465996298,-0.103969003,0.451330508,764.5413427,5.957769057,0.851878421,1060,Yes,8.709746122
5,2,5,4,3,-6.640814918,0.013654893,0.478328153,-0.192267473,0.477982412,765.718737,5.950470521,0.815031223,1060,Yes,8.921381474
5,2,5,5,2,-6.637489695,0.009664968,0.473759555,-0.325993594,0.522008046,763.1767798,5.954777384,0.635101001,1060,Yes,8.970265627
5,5,0.01,1,9,-6.706209018,0.012286914,0.500348013,-0.12858959,0.481949049,817.4657601,5.605174987,0.948304839,1210,Yes,10.60511065
5,5,0.01,2,11,-6.737907258,0.022033692,0.463497234,-0.09247298,0.489874048,843.7930456,5.619330547,0.963898623,1090,Yes,10.15766907
5,5,0.01,3,12,-6.728296717,0.004421245,0.460559602,-0.149953565,0.435301032,835.722581,5.615474522,0.959053941,1590,Yes,13.91372323
5,5,0.01,4,7,-6.721928747,0.011276049,0.484413868,-0.240841487,0.473554714,830.4176337,5.651680265,0.819313339,1540,Yes,12.42668414
5,5,0.01,5,7,-6.723784229,0.019359711,0.484194207,-0.288021255,0.487447206,831.9598888,5.647534133,0.792850828,1160,Yes,10.92054009
5,5,0.05,1,11,-6.658602131,0.006520589,0.460661852,-0.106841021,0.438951003,779.4605913,5.65226641,0.944353557,1270,Yes,12.17242312
5,5,0.05,2,8,-6.664866891,0.019215043,0.481448274,-0.121789941,0.358444782,784.3590531,5.646068307,0.953661228,1280,Yes,10.81367159
5,5,0.05,3,11,-6.670589209,0.008721678,0.462667854,-0.029294939,0.465980943,788.8602712,5.634438109,0.957082312,1300,Yes,11.32400918
5,5,0.05,4,11,-6.679197465,0.018137409,0.481286067,-0.171071904,0.411115467,795.6802941,5.636151277,0.939089495,1220,Yes,11.19975924
5,5,0.05,5,10,-6.664565449,0.022274803,0.48705584,-0.056513495,0.513351434,784.12265,5.63868097,0.928282314,1100,Yes,10.26551461
5,5,0.1,1,8,-6.651122409,0.007642186,0.461557265,-0.090174085,0.443328923,773.6521924,5.668548283,0.925922263,1120,Yes,10.0948112
5,5,0.1,2,9,-6.624425135,0.011343151,0.476986259,-0.168176011,0.469914837,753.2710587,5.629739807,0.918990758,1120,Yes,10.02442789
5,5,0.1,3,7,-6.657432948,0.005531309,0.458929491,-0.10787591,0.414309553,778.5497917,5.657360387,0.918549636,1170,Yes,10.03635406
5,5,0.1,4,9,-6.649341647,0.009375475,0.480799584,-0.103948102,0.382919665,772.2757282,5.646371085,0.925654201,1420,Yes,12.30509973
5,5,0.1,5,8,-6.628980024,0.02126185,0.484931362,-0.151760211,0.456772338,756.7099506,5.639814795,0.896329392,1320,Yes,11.40518403
5,5,0.5,1,5,-6.616881974,0.008867293,0.462294024,-0.182872403,0.451503314,747.6103904,5.725208513,0.855503984,1060,Yes,9.901923656
5,5,0.5,2,6,-6.571762965,0.022935099,0.487665436,-0.174149338,0.491197583,714.6285985,5.690598979,0.840035928,1130,Yes,10.08389759
5,5,0.5,3,6,-6.618612314,0.007022692,0.478315945,-0.123496047,0.443897862,748.9051302,5.717478722,0.905889889,1060,Yes,9.349862814
5,5,0.5,4,6,-6.593225969,0.010458096,0.477685726,-0.184605625,0.462188313,730.1324598,5.710683553,0.888708399,1150,Yes,9.856336832
5,5,0.5,5,6,-6.611274576,0.019513698,0.484583335,-0.160799273,0.42992461,743.4299733,5.714273601,0.936090537,1090,Yes,9.519016027
5,5,1,1,4,-6.59903,0.008094241,0.46156054,-0.226351951,0.443964445,734.3824924,5.768703079,0.859874151,1120,Yes,9.477470636
5,5,1,2,5,-6.603527641,0.0076172,0.459988862,-0.192716135,0.422111918,737.6929206,5.770563432,0.898694235,1070,Yes,9.737401724
5,5,1,3,4,-6.610296836,0.010626843,0.483954979,-0.260810317,0.470901638,742.7034468,5.74942482,0.812487869,1060,Yes,9.368933678
5,5,1,4,5,-6.596470472,0.011606953,0.476580323,-0.163284007,0.418031524,732.5052233,5.76683439,0.940650925,1100,Yes,9.373525143
5,5,1,5,5,-6.603338575,0.018091722,0.483491253,-0.242189462,0.424694559,737.5534609,5.749118497,0.904630185,1080,Yes,9.950533152
5,5,2,1,3,-6.600837476,0.010521151,0.463895151,-0.357283119,0.49078926,735.7110716,5.812946701,0.599190208,1080,Yes,9.101511478
5,5,2,2,3,-6.605561859,0.010448001,0.475069264,-0.165630296,0.45682544,739.1950762,5.796886738,0.883562741,1080,Yes,8.338925123
5,5,2,3,2,-6.607863571,0.009044589,0.464069713,-0.326868704,0.517761436,740.8984497,5.804647736,0.638533314,1120,Yes,9.820126772
5,5,2,4,3,-6.606562931,0.012047918,0.485349862,-0.370385652,0.504085346,739.9354339,5.802533332,0.606241966,1090,Yes,9.156122208
5,5,2,5,3,-6.605926081,0.009720664,0.475946787,-0.23069329,0.574514847,739.4643561,5.794632436,0.826834931,1100,Yes,9.213568211
5,5,5,1,2,-6.641172991,0.01124679,0.464878072,-0.326589724,0.517544004,765.9929688,5.959370891,0.634678616,1060,Yes,8.645864725
5,5,5,2,3,-6.638699687,0.010893001,0.464429351,-0.267334479,0.487922972,764.1007766,5.956416721,0.754707114,1060,Yes,8.930475235
5,5,5,3,2,-6.640369156,0.012732681,0.480974598,-0.269974488,0.517726582,765.3774843,5.95828992,0.724581395,1060,Yes,8.048863649
5,5,5,4,3,-6.648057874,0.009596437,0.463037435,-0.213335945,0.459208833,771.2849378,5.951767969,0.826104049,1060,Yes,8.858916759
5,5,5,5,2,-6.639077944,0.013113475,0.478483388,-0.268442191,0.516271909,764.3898574,5.9461318,0.726183751,1060,Yes,8.065014362
10,0.01,0.01,1,4,-6.670701746,0.015893124,0.486171761,-0.169675367,0.444507093,788.9490524,5.694846115,0.866740423,1060,Yes,8.776222467
10,0.01,0.01,2,3,-6.670245941,0.015926577,0.486232774,-0.318692527,0.492905287,788.5895275,5.695327155,0.66812127,1060,Yes,9.519996405
10,0.01,0.01,3,5,-6.671449466,0.016133546,0.486132931,-0.129170962,0.459796888,789.5391855,5.687637698,0.900076813,1060,Yes,9.820093632
10,0.01,0.01,4,4,-6.671916644,0.015808984,0.472087734,-0.092752598,0.413215025,789.9081275,5.699912564,0.901535236,1060,Yes,9.111366987
10,0.01,0.01,5,5,-6.678126163,0.012513431,0.467262826,-0.063674412,0.464130982,794.8283371,5.697119945,0.911689749,1060,Yes,9.16520071
10,0.01,0.05,1,4,-6.620766629,0.019972872,0.485246581,-0.205153213,0.434573449,750.5202473,5.69763454,0.854049025,1060,Yes,9.260158777
10,0.01,0.05,2,4,-6.619246161,0.020667912,0.486063452,-0.168690004,0.427759122,749.3799726,5.703172383,0.860075619,1060,Yes,9.166258812
10,0.01,0.05,3,4,-6.619750322,0.019726152,0.485895823,-0.144603942,0.42870756,749.757876,5.696154752,0.89388904,1060,Yes,9.420192719
10,0.01,0.05,4,4,-6.620245359,0.017147644,0.467078032,-0.140509116,0.414341953,750.1291253,5.697977425,0.880780441,1060,Yes,9.200268269
10,0.01,0.05,5,4,-6.626073129,0.004816144,0.460440359,-0.145820063,0.424151393,754.5134684,5.698981129,0.881705829,1060,Yes,9.10710144
10,0.01,0.1,1,4,-6.601344263,0.019208275,0.485231918,-0.220944325,0.44974421,736.084015,5.699698829,0.858575161,1060,Yes,9.068769455
10,0.01,0.1,2,5,-6.599504232,0.019721968,0.484645196,-0.09990529,0.410504532,734.7308429,5.696268405,0.902113184,1060,Yes,9.231460333
10,0.01,0.1,3,4,-6.599827051,0.020001387,0.485340976,-0.135588185,0.430809643,734.9680661,5.703681914,0.89600931,1060,Yes,9.317274809
10,0.01,0.1,4,4,-6.607238316,0.004785537,0.460291114,-0.03732526,0.409884976,740.4353444,5.706984805,0.812743518,1060,Yes,8.485505104
10,0.01,0.1,5,4,-6.607814877,0.005459751,0.460880206,-0.12423627,0.454522239,740.8623735,5.704220038,0.888409683,1060,Yes,9.431435585
10,0.01,0.5,1,3,-6.572844111,0.019886322,0.484494876,-0.24540005,0.46499561,715.401634,5.72256513,0.805167934,1060,Yes,9.427819014
10,0.01,0.5,2,3,-6.572835387,0.019859238,0.484890813,-0.2510099,0.467628067,715.3953926,5.726638042,0.808107373,1060,Yes,9.14405179
10,0.01,0.5,3,3,-6.573301313,0.019612884,0.48536608,-0.162737213,0.465192463,715.7287918,5.73249092,0.856148046,1060,Yes,8.62571311
10,0.01,0.5,4,3,-6.556860126,0.01068076,0.468251942,-0.213225167,0.500341205,704.0575682,5.69896848,0.703036885,1060,Yes,8.643514872
10,0.01,0.5,5,3,-6.578794964,0.006315451,0.45923249,-0.241443083,0.474502442,719.6715763,5.734149061,0.803644384,1060,Yes,9.101632357
10,0.01,1,1,3,-6.573635846,0.018766574,0.482202489,-0.141987502,0.445905643,715.9682667,5.749562569,0.84949498,1060,Yes,8.867058754
10,0.01,1,2,3,-6.572937108,0.021621341,0.48563609,-0.189935983,0.477787319,715.4681671,5.748939972,0.804101585,1060,Yes,9.236006737
10,0.01,1,3,3,-6.57387359,0.021067999,0.485584834,-0.213547755,0.47747934,716.1385042,5.756930455,0.808396774,1060,Yes,9.174511194
10,0.01,1,4,3,-6.55138844,0.013813387,0.47376462,-0.266128145,0.499687047,700.2157068,5.732263685,0.706994608,1060,Yes,9.347779036
10,0.01,1,5,3,-6.578729401,0.008832013,0.462229379,-0.218683201,0.468288534,719.6243939,5.763817021,0.808067678,1060,Yes,9.311100006
10,0.01,2,1,2,-6.584985442,0.013097875,0.478483305,-0.324790162,0.523829415,724.1405054,5.801561853,0.635608737,1060,Yes,9.192417145
10,0.01,2,2,3,-6.584783066,0.019249739,0.482633698,-0.099792024,0.461082712,723.9939718,5.800035096,0.858629622,1060,Yes,8.642517328
10,0.01,2,3,3,-6.590911299,0.009261917,0.462988078,-0.164145021,0.434992719,728.4443978,5.814932774,0.867118989,1060,Yes,8.704580545
10,0.01,2,4,2,-6.591469404,0.007674113,0.460468554,-0.327137115,0.516532445,728.8510604,5.818658164,0.634891866,1060,Yes,9.481290102
10,0.01,2,5,2,-6.590698762,0.009517288,0.463389347,-0.326589724,0.517544004,728.2895933,5.814795621,0.637451539,1060,Yes,9.401102781
10,0.01,5,1,2,-6.630449397,0.021139362,0.484720036,-0.264552596,0.519421828,757.8226577,5.947729485,0.72601405,1060,Yes,8.591364145
10,0.01,5,2,2,-6.630105226,0.013354746,0.478484686,-0.268442191,0.516271909,757.5618818,5.946232933,0.726273021,1060,Yes,8.699698925
10,0.01,5,3,2,-6.630057962,0.013297664,0.478484379,-0.268442191,0.516271909,757.5260769,5.944395326,0.726457905,1060,Yes,8.337781668
10,0.01,5,4,2,-6.630597015,0.013515548,0.475097671,-0.268719131,0.514480528,757.9345338,5.947659021,0.730571975,1060,Yes,8.783338547
10,0.01,5,5,2,-6.635264716,0.009907055,0.464760288,-0.177993143,0.493562767,761.4806149,5.958056106,0.792905018,1060,Yes,8.938186169
10,0.05,0.01,1,5,-6.678115223,0.014146263,0.486476091,-0.242842962,0.440439701,794.8196416,5.693301239,0.853645895,1060,Yes,7.993778467
10,0.05,0.01,2,3,-6.677291978,0.016288995,0.487017948,-0.338245409,0.514531072,794.1655799,5.697306577,0.610855051,1100,Yes,9.029105425
10,0.05,0.01,3,5,-6.676399046,0.017858572,0.468170634,-0.187896353,0.506162949,793.4567599,5.686915376,0.8531337,1060,Yes,8.922594309
10,0.05,0.01,4,5,-6.671962165,0.020617432,0.484959999,-0.111142798,0.439753431,789.9440852,5.678065723,0.920988763,1080,Yes,9.019246101
10,0.05,0.01,5,5,-6.648144269,0.011313315,0.496028243,-0.118379515,0.472554377,771.3515758,5.745535311,0.912564676,1060,Yes,9.401644945
10,0.05,0.05,1,4,-6.622680083,0.016109902,0.485525457,-0.209940178,0.453313765,751.9577083,5.695227597,0.850182528,1060,Yes,9.047837019
10,0.05,0.05,2,5,-6.624123064,0.02019875,0.486388118,-0.219252887,0.494832105,753.0435516,5.689551584,0.843810449,1060,Yes,8.928600073
10,0.05,0.05,3,6,-6.622371066,0.019714945,0.48522831,-0.149237717,0.451062938,751.7253765,5.682469056,0.889182725,1060,Yes,9.307653427
10,0.05,0.05,4,5,-6.620098106,0.021096368,0.485314328,-0.068406808,0.438790784,750.0186746,5.6937687,0.908599986,1060,Yes,9.307170868
10,0.05,0.05,5,7,-6.61919236,0.009756973,0.490318319,-0.009038856,0.371101365,749.3396563,5.740353184,0.920742001,1060,Yes,9.586313486
10,0.05,0.1,1,4,-6.605359635,0.014770678,0.484549465,-0.226458233,0.455400364,739.0456084,5.695457851,0.857710469,1060,Yes,9.321092367
10,0.05,0.1,2,5,-6.604835675,0.018828306,0.484090295,-0.128971083,0.419377789,738.6584789,5.691623368,0.888215521,1060,Yes,9.199152231
10,0.05,0.1,3,4,-6.605094627,0.01746319,0.467740988,-0.294005437,0.476221591,738.8497808,5.702225565,0.747068791,1080,Yes,9.263400555
10,0.05,0.1,4,5,-6.605081937,0.01511556,0.484823853,-0.249021388,0.450001984,738.8404048,5.699249718,0.841412826,1060,Yes,9.317749739
10,0.05,0.1,5,5,-6.59969877,0.010042781,0.493974782,-0.156920069,0.476577187,734.8737902,5.749986306,0.908880276,1060,Yes,9.835335732
10,0.05,0.5,1,3,-6.559131259,0.011283172,0.455053456,-0.271845994,0.506050752,705.6583942,5.700389537,0.668442002,1060,Yes,9.06974411
10,0.05,0.5,2,3,-6.564507542,0.015529187,0.48003795,-0.269306957,0.512280237,709.4624297,5.707491562,0.682023253,1060,Yes,9.199365854
10,0.05,0.5,3,3,-6.57743313,0.01952028,0.485305921,-0.29241651,0.49144703,718.6921702,5.728338175,0.743522158,1090,Yes,9.612355471
10,0.05,0.5,4,3,-6.562636932,0.014539206,0.475815468,-0.310838672,0.511753864,708.1365429,5.710000148,0.631949848,1060,Yes,9.424484968
10,0.05,0.5,5,3,-6.559096192,0.017439048,0.451644044,-0.212297731,0.470449508,705.6336488,5.699663602,0.702144999,1080,Yes,9.460597277
10,0.05,1,1,2,-6.574559076,0.01911326,0.482817948,-0.360357605,0.53028079,716.6295756,5.750439235,0.557023069,1060,Yes,9.264010906
10,0.05,1,2,3,-6.576328934,0.02076676,0.485596205,-0.282179222,0.490983335,717.8990314,5.753459632,0.743801625,1060,Yes,9.338250399
10,0.05,1,3,3,-6.576704725,0.010174742,0.474881012,-0.216833477,0.475716216,718.1688618,5.748127496,0.807823848,1070,Yes,9.725051165
10,0.05,1,4,2,-6.574970317,0.021223672,0.486288343,-0.321454278,0.526734811,716.9243432,5.753594409,0.635153828,1060,Yes,9.332426548
10,0.05,1,5,3,-6.559670978,0.010745487,0.456998654,-0.215465753,0.492391253,706.0393538,5.74036014,0.702699651,1060,Yes,8.623902082
10,0.05,2,1,2,-6.589367307,0.019146225,0.482800457,-0.360357605,0.53028079,727.3205533,5.800960275,0.557364127,1060,Yes,9.213306427
10,0.05,2,2,3,-6.58679408,0.010097293,0.475120378,-0.279788087,0.469640111,725.4513988,5.799596926,0.746213874,1060,Yes,9.267618656
10,0.05,2,3,3,-6.586234141,0.018532893,0.48251586,-0.170770548,0.476451185,725.045304,5.801182324,0.845792038,1060,Yes,8.447295427
10,0.05,2,4,2,-6.585933328,0.021387762,0.486073969,-0.321454278,0.526734811,724.8272337,5.802772006,0.635413818,1060,Yes,9.501346827
10,0.05,2,5,2,-6.59211266,0.009762108,0.463600084,-0.270691643,0.508415145,729.3200491,5.819803669,0.724731047,1060,Yes,8.797908306
10,0.05,5,1,2,-6.633015838,0.02108933,0.484771406,-0.264552596,0.519421828,759.7700624,5.946768631,0.726230218,1060,Yes,8.486911535
10,0.05,5,2,2,-6.630213424,0.021076854,0.484784216,-0.264552596,0.519421828,757.643853,5.945254496,0.726346658,1060,Yes,8.20332551
10,0.05,5,3,2,-6.631612794,0.010677344,0.475756878,-0.269726997,0.514912474,758.7048191,5.945018739,0.726369069,1060,Yes,8.441896915
10,0.05,5,4,2,-6.63200462,0.01018662,0.475673359,-0.176241981,0.501863486,759.0021573,5.94909639,0.785200033,1060,Yes,8.622295141
10,0.05,5,5,2,-6.636543497,0.011710693,0.465277391,-0.177528176,0.49320038,762.4550048,5.962583973,0.780097062,1060,Yes,8.571565866
10,0.1,0.01,1,6,-6.677233675,0.020294799,0.485776545,-0.198557402,0.510085545,794.1192788,5.676046885,0.882571717,1090,Yes,10.04076314
10,0.1,0.01,2,8,-6.665171592,0.00978059,0.486243294,-0.084874634,0.501838911,784.5980845,5.725947139,0.944844974,1060,Yes,10.07332778
10,0.1,0.01,3,5,-6.670317467,0.010219751,0.486795173,-0.262053721,0.491395916,788.6459336,5.742655202,0.751527748,1060,Yes,9.727147102
10,0.1,0.01,4,6,-6.678720848,0.016512768,0.46776797,-0.152611221,0.470527014,795.3011504,5.672460793,0.902339658,1070,Yes,9.56329608
10,0.1,0.01,5,7,-6.681729205,0.013134401,0.468747786,-0.18322616,0.51564589,797.6973021,5.680320854,0.859173847,1090,Yes,10.39159918
10,0.1,0.05,1,5,-6.628940725,0.020623084,0.485654206,-0.151125108,0.484423101,756.6802134,5.686665241,0.873959193,1070,Yes,9.682421923
10,0.1,0.05,2,7,-6.600092082,0.022147206,0.486803042,-0.067763795,0.427677579,735.1628811,5.656401887,0.917930292,1060,Yes,9.41886425
10,0.1,0.05,3,7,-6.625592375,0.020299755,0.484727033,-0.115192588,0.428634422,754.1508201,5.68101318,0.91833234,1060,Yes,9.672725677
10,0.1,0.05,4,9,-6.598878421,0.021263056,0.488239067,-0.067025298,0.455457562,734.2711843,5.637205796,0.937747209,1060,Yes,9.817756176
10,0.1,0.05,5,6,-6.633744473,0.003076291,0.454539857,-0.126013639,0.377660514,760.3238595,5.687412302,0.919447433,1060,Yes,9.546628714
10,0.1,0.1,1,6,-6.606964763,0.020510088,0.485033629,-0.073494073,0.470696728,740.2328234,5.686667348,0.887678481,1060,Yes,9.459326982
10,0.1,0.1,2,7,-6.610393791,0.014454506,0.478591098,-0.050975982,0.473347443,742.7754593,5.696754248,0.911893519,1060,Yes,8.990354776
10,0.1,0.1,3,6,-6.607356151,0.016792007,0.484745044,-0.130905683,0.479455637,740.5225982,5.684801596,0.882671624,1060,Yes,9.63741374
10,0.1,0.1,4,5,-6.603852645,0.020859481,0.486293255,-0.152674513,0.478991977,737.9327128,5.690231899,0.874661682,1060,Yes,9.482060671
10,0.1,0.1,5,6,-6.609500871,0.01582271,0.46918484,-0.030419062,0.439192859,742.1125165,5.702092466,0.886251355,1060,Yes,9.327380896
10,0.1,0.5,1,3,-6.578661286,0.020196488,0.485043737,-0.255313686,0.474887101,719.5753788,5.724505345,0.807960818,1060,Yes,9.527569771
10,0.1,0.5,2,4,-6.566823898,-6.61E-05,0.442413151,-0.230941419,0.509460018,711.1077019,5.707100079,0.760444702,1060,Yes,9.356747389
10,0.1,0.5,3,3,-6.565791672,0.014978639,0.470077715,-0.213750893,0.496571284,710.3740567,5.708360994,0.696835006,1060,Yes,9.358937502
10,0.1,0.5,4,3,-6.579696549,0.017541024,0.480373838,-0.281784603,0.488930834,720.3207143,5.718813475,0.730504457,1060,Yes,9.179560423
10,0.1,0.5,5,4,-6.573963282,0.00802506,0.445526492,-0.291270982,0.491971173,716.2027393,5.717820037,0.668239863,1070,Yes,9.892862797
10,0.1,1,1,3,-6.575584294,0.019423937,0.484958727,-0.25430197,0.485030605,717.3646536,5.756592879,0.807282705,1060,Yes,9.405939579
10,0.1,1,2,3,-6.572753004,0.019208599,0.476699366,-0.212622269,0.491869907,715.3364589,5.750457961,0.727917996,1060,Yes,9.514410734
10,0.1,1,3,3,-6.562682698,0.01062839,0.456605019,-0.271845994,0.506050752,708.1689517,5.743157973,0.667018491,1060,Yes,9.241254091
10,0.1,1,4,3,-6.576219683,0.009992,0.474317962,-0.284842547,0.481675717,717.8206046,5.752770562,0.726130317,1060,Yes,9.208557844
10,0.1,1,5,4,-6.571547494,0.008574002,0.45951096,-0.084682277,0.460173072,714.4746332,5.753263658,0.792701671,1060,Yes,9.46262455
10,0.1,2,1,3,-6.588659462,0.010746471,0.475128912,-0.347300008,0.497493891,726.8059057,5.804331669,0.608177942,1060,Yes,9.170137644
10,0.1,2,2,3,-6.596765909,0.014259361,0.478022721,-0.245968206,0.4631566,732.7216646,5.822779635,0.813625472,1060,Yes,9.203692436
10,0.1,2,3,3,-6.588274641,0.018626188,0.482466452,-0.289939636,0.481932317,726.5262695,5.800020031,0.742476712,1060,Yes,9.460259676
10,0.1,2,4,2,-6.593807376,0.008798759,0.46277085,-0.363855111,0.52362991,730.557087,5.808768965,0.557152333,1060,Yes,9.424911976
10,0.1,2,5,2,-6.591942354,0.008533118,0.463660179,-0.326868704,0.517761436,729.1958519,5.812884202,0.637859476,1060,Yes,9.425598145
10,0.1,5,1,2,-6.633132713,0.010913594,0.475797087,-0.269726997,0.514912474,759.8588657,5.946462525,0.726311412,1060,Yes,8.986429691
10,0.1,5,2,2,-6.633414213,0.012980761,0.474961816,-0.325011714,0.52239631,760.0727959,5.948169303,0.635530619,1060,Yes,9.389770031
10,0.1,5,3,2,-6.632641947,0.019073027,0.482839296,-0.265445385,0.518391465,759.4860445,5.947335584,0.720752862,1060,Yes,8.405750513
10,0.1,5,4,2,-6.635755418,0.013202455,0.475018135,-0.268719131,0.514480528,761.8543669,5.944537453,0.726605586,1060,Yes,8.677215338
10,0.1,5,5,2,-6.632827541,0.010931087,0.475800065,-0.269726997,0.514912474,759.6270137,5.947766055,0.726076811,1060,Yes,8.636132002
10,0.5,0.01,1,10,-6.664952717,0.014540704,0.480045645,-0.141830305,0.467894534,784.4263738,5.621853466,0.928628399,1070,Yes,10.13287473
10,0.5,0.01,2,9,-6.702595016,0.003086202,0.455608671,-0.195037803,0.455712556,814.5167694,5.630039241,0.899530385,1110,Yes,10.5631144
10,0.5,0.01,3,11,-6.690550153,0.015838816,0.466560306,-0.131944245,0.468454168,804.7648742,5.640884182,0.952413315,1130,Yes,11.03925896
10,0.5,0.01,4,11,-6.686115126,0.007394813,0.461558461,-0.190906466,0.442918524,801.203623,5.652526054,0.915518699,1090,Yes,10.70106792
10,0.5,0.01,5,10,-6.677845742,0.00871884,0.473020984,-0.132936236,0.460468087,794.605482,5.627441151,0.924901654,1110,Yes,10.54537582
10,0.5,0.05,1,8,-6.607500071,0.013892672,0.478690562,-0.108472304,0.461232234,740.6291824,5.632348508,0.929607772,1100,Yes,10.13690543
10,0.5,0.05,2,9,-6.653232433,0.003951012,0.458210265,-0.142524094,0.366208157,775.2863406,5.663797958,0.966089118,1120,Yes,10.09332061
10,0.5,0.05,3,13,-6.641691617,0.019297013,0.484033114,-0.079708871,0.448032699,766.3903358,5.642668771,0.954122973,1060,Yes,10.99205017
10,0.5,0.05,4,13,-6.602373325,0.01454674,0.479504023,-0.023165637,0.42605818,736.8418807,5.609525904,0.932211086,1180,Yes,11.55876207
10,0.5,0.05,5,10,-6.616742216,0.009804799,0.476372943,-0.124705883,0.428226152,747.5059131,5.620246178,0.936221892,1110,Yes,10.44080114
10,0.5,0.1,1,7,-6.630380053,0.008634544,0.458915908,-0.141141761,0.409969912,757.7701084,5.673392882,0.915471158,1060,Yes,9.969709635
10,0.5,0.1,2,11,-6.630237219,0.006207193,0.457198502,-0.086004011,0.427283842,757.6618808,5.638678853,0.921033028,1060,Yes,10.47916365
10,0.5,0.1,3,10,-6.61912691,0.021113552,0.484125912,-0.042051191,0.454388034,749.2906137,5.653983966,0.943826494,1100,Yes,10.5769341
10,0.5,0.1,4,9,-6.605096594,0.010979751,0.472045304,-0.141069015,0.404192062,738.8512344,5.646772565,0.937897655,1170,Yes,10.76714778
10,0.5,0.1,5,10,-6.622677694,0.017189334,0.479866567,-0.085280488,0.406246896,751.9559114,5.64513957,0.937824663,1220,Yes,11.08300614
10,0.5,0.5,1,5,-6.594800268,0.010167135,0.473159947,-0.254420183,0.449373107,731.2828118,5.732010164,0.827884727,1090,Yes,9.377717495
10,0.5,0.5,2,4,-6.591987918,0.017206823,0.479037686,-0.269746151,0.473835708,729.2290774,5.725652769,0.765353275,1120,Yes,9.976814032
10,0.5,0.5,3,6,-6.590978085,0.018673717,0.478228486,-0.139829004,0.430872412,728.4930496,5.723238857,0.854967046,1080,Yes,9.632020235
10,0.5,0.5,4,6,-6.562456742,0.014871711,0.482285099,-0.113429811,0.538620733,708.0089551,5.694291964,0.870997434,1070,Yes,9.202624559
10,0.5,0.5,5,6,-6.563224484,0.013068112,0.47634802,-0.165167714,0.482623828,708.5527322,5.689450552,0.898867247,1060,Yes,9.428536177
10,0.5,1,1,4,-6.589071927,0.008483313,0.461305361,-0.217120506,0.417109205,727.1057494,5.771567173,0.858717977,1060,Yes,9.249743462
10,0.5,1,2,3,-6.59342016,0.005357979,0.459335414,-0.363782627,0.49592849,730.2742586,5.760600449,0.610110269,1060,Yes,9.505965471
10,0.5,1,3,3,-6.593808473,0.018960383,0.484606769,-0.364436241,0.508229354,730.5578882,5.753390255,0.612856275,1060,Yes,9.090156317
10,0.5,1,4,4,-6.565585378,0.013880883,0.479769784,-0.202119598,0.498494534,710.2275264,5.735638621,0.827350923,1060,Yes,9.128294945
10,0.5,1,5,5,-6.589353153,0.009979128,0.475103944,-0.163519484,0.443637542,727.3102595,5.748519089,0.902032611,1060,Yes,9.117017508
10,0.5,2,1,3,-6.59857048,0.009570308,0.463417307,-0.326211036,0.500280531,734.0451067,5.818762089,0.674980795,1060,Yes,9.518009424
10,0.5,2,2,3,-6.597415349,0.007514942,0.461807383,-0.308918616,0.480131576,733.1976778,5.81503453,0.73662303,1060,Yes,9.051882744
10,0.5,2,3,3,-6.595226018,0.020959079,0.48511161,-0.330808042,0.487156717,731.5942214,5.802687274,0.674966554,1120,Yes,9.964664936
10,0.5,2,4,3,-6.598703309,0.009377047,0.463411758,-0.332977686,0.500694041,734.1426159,5.817291575,0.681367565,1060,Yes,9.315369606
10,0.5,2,5,3,-6.594426089,0.020925791,0.485469576,-0.291781818,0.48994383,731.009232,5.797978907,0.746224138,1060,Yes,8.948878765
10,0.5,5,1,2,-6.637757052,0.015279236,0.478495032,-0.362355476,0.528867753,763.3808481,5.957749066,0.554343791,1060,Yes,9.271163464
10,0.5,5,2,2,-6.640952826,0.013122427,0.485779776,-0.268813751,0.520065875,765.8243427,5.95249851,0.72589379,1060,Yes,8.776889801
10,0.5,5,3,2,-6.632375682,0.012580694,0.474860185,-0.325011714,0.52239631,759.2838464,5.947716672,0.633461388,1060,Yes,9.205307007
10,0.5,5,4,2,-6.639135407,0.012006617,0.465532117,-0.270691643,0.508415145,764.4337832,5.96424261,0.719534905,1060,Yes,8.621363163
10,0.5,5,5,2,-6.635026911,0.01061022,0.475745454,-0.325818007,0.522741867,761.2995527,5.942288582,0.63601711,1070,Yes,9.364101171
10,1,0.01,1,15,-6.713551181,0.01517264,0.468922289,-0.097466558,0.491802773,823.4898146,5.590023074,0.955164199,1350,Yes,12.971349
10,1,0.01,2,17,-6.719481164,0.011335688,0.481388589,-0.049051863,0.467636301,828.3876029,5.657115892,0.974185542,1170,Yes,12.06742859
10,1,0.01,3,14,-6.700922164,0.005507798,0.460241602,-0.095128163,0.456677257,813.1553422,5.620097942,0.967908949,1570,Yes,14.30421996
10,1,0.01,4,23,-6.718185446,0.01159725,0.465711114,-0.095433928,0.420244833,827.314941,5.569281149,0.963263054,1250,Yes,14.9309113
10,1,0.01,5,15,-6.709490094,0.010703208,0.456362625,-0.146523856,0.521313743,820.1523325,5.640648841,0.943423209,1120,Yes,12.24995732
10,1,0.05,1,12,-6.657278096,0.016479016,0.464802139,-0.086070617,0.437795146,778.4292412,5.616513523,0.942816105,1640,Yes,14.80781126
10,1,0.05,2,12,-6.670167012,-0.0002531,0.425472011,-0.062906133,0.368644385,788.5272867,5.667239165,0.938936423,1360,Yes,12.07188916
10,1,0.05,3,13,-6.633944565,0.011153205,0.479956355,-0.102551333,0.468907151,760.4760091,5.609620502,0.958836596,1470,Yes,14.0092864
10,1,0.05,4,13,-6.665845196,0.009435142,0.463615622,-0.16060697,0.482075854,785.1267708,5.656152313,0.918697621,1260,Yes,12.71314478
10,1,0.05,5,11,-6.66711289,0.01375957,0.475118856,-0.132457301,0.432991655,786.1227025,5.665547972,0.947925065,1130,Yes,10.74366283
10,1,0.1,1,10,-6.639649217,0.012135931,0.479147067,-0.166336347,0.42459591,764.826658,5.642806456,0.906380543,1360,Yes,13.09806323
10,1,0.1,2,8,-6.599991777,0.015680203,0.479963808,-0.14708757,0.45012594,735.0891445,5.644743853,0.896747173,1060,Yes,9.628969431
10,1,0.1,3,10,-6.639750592,0.005451713,0.461525504,-0.077185232,0.467585233,764.904196,5.647518381,0.939620436,1260,Yes,11.39476442
10,1,0.1,4,12,-6.64575805,0.007768139,0.460962684,-0.108224892,0.443963769,769.513156,5.681090643,0.925841605,1110,Yes,11.15032959
10,1,0.1,5,14,-6.619551628,0.013456419,0.472876612,-0.075721953,0.442765767,749.6089181,5.632788142,0.935621085,1350,Yes,12.51303864
10,1,0.5,1,7,-6.561420268,0.018180017,0.480116148,-0.051346639,0.44106293,707.2755021,5.690453482,0.861299343,1120,Yes,9.900330305
10,1,0.5,2,5,-6.597308615,0.013829273,0.475527015,-0.14440226,0.399067946,733.1194252,5.73708691,0.854737481,1060,Yes,8.890848875
10,1,0.5,3,5,-6.604823349,0.009896367,0.444802594,-0.069250232,0.506823204,738.6493744,5.722160281,0.832359369,1140,Yes,9.4758811
10,1,0.5,4,5,-6.592441062,0.007445984,0.452036852,-0.294179332,0.478184084,729.5595979,5.726604708,0.699281409,1160,Yes,10.69855046
10,1,0.5,5,6,-6.601229908,0.013836872,0.471203464,-0.208144944,0.462179478,735.9998449,5.726525516,0.804060274,1120,Yes,9.599239826
10,1,1,1,5,-6.593211112,0.015941972,0.476696169,-0.271401831,0.481875492,730.121612,5.754802357,0.78085891,1130,Yes,10.01268482
10,1,1,2,5,-6.60486131,0.015235897,0.482515081,-0.18109341,0.46560231,738.6774152,5.806955052,0.875710437,1070,Yes,9.477784872
10,1,1,3,5,-6.605210938,0.007442699,0.462202948,-0.195322004,0.462690626,738.9357222,5.765609428,0.829521122,1100,Yes,9.441967249
10,1,1,4,4,-6.598423523,0.009511266,0.466879586,-0.285578461,0.53309619,733.9372413,5.79264204,0.795114039,1080,Yes,9.649311304
10,1,1,5,5,-6.593096556,0.002720733,0.440712153,-0.220672063,0.53060579,730.0379769,5.78002513,0.75480317,1060,Yes,10.00392652
10,1,2,1,3,-6.598851443,0.021039789,0.485543502,-0.275301208,0.480352121,734.2513752,5.806679797,0.743134831,1060,Yes,8.937112331
10,1,2,2,5,-6.609983123,0.00296587,0.426039166,-0.106147083,0.437652085,742.4704882,5.851065571,0.939470146,1060,Yes,9.098471642
10,1,2,3,4,-6.598383084,0.00820546,0.462076961,-0.302445903,0.469861392,733.9075627,5.813313691,0.752395959,1060,Yes,9.215166569
10,1,2,4,4,-6.607365245,0.014818931,0.435403261,-0.281900005,0.471485582,740.529333,5.837343138,0.80874077,1060,Yes,9.309653759
10,1,2,5,3,-6.606791649,0.017941204,0.477901153,-0.31166872,0.481694107,740.10469,5.835869412,0.751687347,1070,Yes,9.01450634
10,1,5,1,2,-6.641081076,0.021164741,0.486365333,-0.386805069,0.534541847,765.9225659,5.945716973,0.491720316,1060,Yes,9.415611506
10,1,5,2,3,-6.647445489,0.005477606,0.429265182,-0.201155405,0.466089041,770.8127591,5.988886905,0.827316884,1060,Yes,8.870680094
10,1,5,3,3,-6.638303657,0.013540435,0.48477879,-0.181424862,0.434967667,763.79823,5.960268162,0.849318963,1060,Yes,8.245573759
10,1,5,4,2,-6.646274827,0.006711042,0.441913439,-0.32922706,0.492628091,769.9109257,5.9891927,0.629694853,1060,Yes,9.247140408
10,1,5,5,2,-6.646329776,0.016920612,0.476002494,-0.323871478,0.523319882,769.9532327,5.980847332,0.624514331,1060,Yes,8.995220661
10,2,0.01,1,17,-6.72286826,0.010551624,0.447260429,-0.143896776,0.426526038,831.1981882,5.614345344,0.931653775,1260,Yes,13.30373192
10,2,0.01,2,16,-6.739321062,0.019163871,0.460110281,-0.144098764,0.397556288,844.9868471,5.569993847,0.95479158,1070,Yes,11.3899827
10,2,0.01,3,17,-6.706589778,0.012915833,0.467063173,-0.088925486,0.470732877,817.7770776,5.614526399,0.968615691,1400,Yes,13.94051242
10,2,0.01,4,13,-6.702538565,0.007712337,0.461611742,-0.202038684,0.451885865,814.4707898,5.559014508,0.89067214,1350,Yes,13.90432358
10,2,0.01,5,10,-6.721952521,0.014925028,0.468287708,-0.155311038,0.464463105,830.4373762,5.634594789,0.934934113,1060,Yes,10.24802852
10,2,0.05,1,11,-6.634553231,0.006627187,0.46127225,-0.13607777,0.398179416,760.939026,5.649413231,0.935795785,1170,Yes,11.47218776
10,2,0.05,2,10,-6.675413683,0.018453215,0.482438112,-0.158630452,0.45695885,792.6753021,5.623723238,0.927300047,1110,Yes,10.31140971
10,2,0.05,3,10,-6.676245469,0.013230279,0.465883445,-0.076829965,0.402532816,793.3349129,5.672032391,0.931873863,1100,Yes,10.44026685
10,2,0.05,4,14,-6.636097074,0.010263093,0.473710052,-0.116539399,0.411829733,762.1147038,5.584590086,0.950281988,1210,Yes,12.73424315
10,2,0.05,5,12,-6.666611446,0.017320375,0.486605982,-0.099617593,0.490010684,785.7286048,5.610746244,0.932962598,1170,Yes,11.5088079
10,2,0.1,1,9,-6.640403825,0.00955656,0.461889469,-0.146612837,0.430614301,765.4040201,5.671455348,0.894639022,1300,Yes,11.2752862
10,2,0.1,2,11,-6.659605568,0.020237865,0.460074582,-0.102064616,0.400079651,780.2431234,5.621845551,0.928534429,1190,Yes,11.29664874
10,2,0.1,3,12,-6.666416954,-0.00111528,0.453188228,-0.085682105,0.427060983,785.5758014,5.666663692,0.935958616,1080,Yes,10.48516488
10,2,0.1,4,12,-6.61647684,0.012305656,0.475345987,-0.132333519,0.442687213,747.3075696,5.590439954,0.920737401,1170,Yes,12.05372906
10,2,0.1,5,9,-6.631044266,0.009449514,0.474262821,-0.133526309,0.429402609,758.2735967,5.625429183,0.923422319,1070,Yes,10.33426356
10,2,0.5,1,7,-6.604715979,0.009041905,0.461407568,-0.146258519,0.44653616,738.5700701,5.742147901,0.887247663,1080,Yes,9.382756472
10,2,0.5,2,5,-6.612067392,0.01949289,0.476258765,-0.279466782,0.463806803,744.0196099,5.701965513,0.702438964,1090,Yes,10.33848619
10,2,0.5,3,5,-6.609513527,0.008587887,0.462237127,-0.246898452,0.46765615,742.1219089,5.726552119,0.821771082,1080,Yes,9.247459412
10,2,0.5,4,7,-6.59859227,0.013691544,0.473516886,-0.166646055,0.476314308,734.0611017,5.706962208,0.831445892,1120,Yes,10.31641126
10,2,0.5,5,6,-6.602543514,0.018778991,0.480405099,-0.142025599,0.481947658,736.9672942,5.718720699,0.874887187,1080,Yes,9.700765133
10,2,1,1,4,-6.59689915,0.009459168,0.4630061,-0.261697746,0.465752447,732.8192997,5.77613221,0.802749041,1130,Yes,10.26007032
10,2,1,2,4,-6.597333554,0.020384947,0.481151323,-0.234299293,0.500649872,733.1377083,5.746817079,0.785646167,1210,Yes,10.55889606
10,2,1,3,5,-6.602503042,0.006631189,0.461701239,-0.258052849,0.462682803,736.937468,5.773775848,0.829644896,1120,Yes,9.945129871
10,2,1,4,5,-6.597143346,0.008280129,0.460817688,-0.252721926,0.485641875,732.998273,5.760728265,0.800893575,1060,Yes,9.653259516
10,2,1,5,4,-6.59679198,0.021509677,0.486776306,-0.293783971,0.519397707,732.7407679,5.754603491,0.736677176,1080,Yes,9.498676777
10,2,2,1,3,-6.603386598,0.010752392,0.479741355,-0.266781837,0.467979981,737.5888816,5.818895436,0.81726263,1060,Yes,9.209717751
10,2,2,2,4,-6.605593373,0.01908293,0.482017363,-0.172197937,0.430629379,739.2183712,5.799482696,0.873722291,1070,Yes,9.518373013
10,2,2,3,4,-6.603555103,0.011275165,0.465074899,-0.223120153,0.494894811,737.7131791,5.821723311,0.815727301,1070,Yes,9.778703213
10,2,2,4,3,-6.607040173,0.012716404,0.48464916,-0.29193623,0.476878898,740.2886462,5.80800989,0.748185478,1070,Yes,9.149287939
10,2,2,5,5,-6.599911562,0.011543755,0.475020341,-0.279848511,0.534537428,735.0301817,5.807479973,0.801700767,1060,Yes,9.608669519
10,2,5,1,3,-6.640580678,0.013871454,0.466845029,-0.256526601,0.487450185,765.5393956,5.968030108,0.741774301,1060,Yes,9.351483583
10,2,5,2,2,-6.64248183,0.019179605,0.482782745,-0.360357605,0.53028079,766.996187,5.940358074,0.557368165,1060,Yes,9.290235996
10,2,5,3,2,-6.640081226,0.01198447,0.465513053,-0.326589724,0.517544004,765.1571415,5.960762767,0.628985088,1060,Yes,9.151957035
10,2,5,4,2,-6.639584924,0.01383772,0.478487282,-0.324790162,0.523829415,764.7774863,5.950184519,0.635657915,1060,Yes,9.480724573
10,2,5,5,2,-6.635654184,0.012655099,0.474879087,-0.325011714,0.52239631,761.7772454,5.946454901,0.633586935,1060,Yes,9.149320126
10,5,0.01,1,10,-6.731122837,0.01120207,0.483760229,-0.111595074,0.439274739,838.0877738,5.645519105,0.95758337,1710,Yes,13.56730795
10,5,0.01,2,14,-6.69698813,0.020599141,0.486327534,-0.093213649,0.482924717,809.9626454,5.587178683,0.962622937,1080,Yes,10.99110413
10,5,0.01,3,12,-6.74858344,0.008926173,0.48310797,-0.194586491,0.432721644,852.8497936,5.615577225,0.944419044,1090,Yes,10.8765974
10,5,0.01,4,12,-6.719414592,0.008084653,0.46191281,-0.15121087,0.480938734,828.3324572,5.611662578,0.89603946,1580,Yes,14.16765118
10,5,0.01,5,11,-6.729249773,0.016181129,0.479653076,-0.162585729,0.431674168,836.5194508,5.605950278,0.925309037,1420,Yes,13.13347292
10,5,0.05,1,10,-6.650932546,0.011788839,0.476702672,-0.117026675,0.434899235,773.5053188,5.614542655,0.924501534,1110,Yes,10.00601387
10,5,0.05,2,8,-6.651335472,0.011330733,0.475646182,-0.208934224,0.452915907,773.817047,5.615990636,0.870120046,1260,Yes,11.34812188
10,5,0.05,3,10,-6.641946154,0.020329802,0.486669631,-0.122358058,0.448117597,766.5854354,5.604556383,0.948584182,1100,Yes,9.865082979
10,5,0.05,4,9,-6.642037194,0.011824973,0.47858982,-0.141778683,0.460724352,766.655229,5.600474373,0.944183071,1250,Yes,11.08707952
10,5,0.05,5,10,-6.637566593,0.022092323,0.486626287,-0.116045062,0.487894171,763.2354686,5.610004168,0.904009432,1450,Yes,12.88803601
10,5,0.1,1,10,-6.628452178,0.012323144,0.495770558,-0.082384304,0.450075646,756.3106302,5.639773886,0.939454821,1270,Yes,11.12890959
10,5,0.1,2,10,-6.594571908,0.020938715,0.486289074,-0.114471546,0.444580529,731.1158351,5.632882098,0.93616557,1190,Yes,10.93840337
10,5,0.1,3,11,-6.634589626,0.012192442,0.47551473,-0.05940268,0.466338375,760.9667207,5.621555112,0.951423171,1140,Yes,10.04453301
10,5,0.1,4,11,-6.606301966,0.011339586,0.47348838,-0.081158185,0.422650033,739.7423619,5.610097263,0.926353502,1770,Yes,14.49055481
10,5,0.1,5,10,-6.619753534,0.022225101,0.486431561,-0.081584458,0.476990471,749.7602838,5.637043209,0.921045327,1220,Yes,11.29725385
10,5,0.5,1,7,-6.615531325,0.005142883,0.459128322,-0.122849245,0.454442675,746.6013133,5.724750464,0.890702463,1120,Yes,9.460002422
10,5,0.5,2,4,-6.585642191,0.021680172,0.483639128,-0.167913773,0.49378258,724.6162401,5.699041773,0.808316824,1170,Yes,10.17594957
10,5,0.5,3,5,-6.60229185,0.020079572,0.486122466,-0.177674509,0.499383684,736.781849,5.709381318,0.867659903,1270,Yes,11.06834507
10,5,0.5,4,7,-6.609948757,0.0063452,0.459089426,-0.160950234,0.417141656,742.4449724,5.722823161,0.915369659,1170,Yes,10.25864744
10,5,0.5,5,8,-6.606131058,0.019408152,0.482130222,-0.134125037,0.425819314,739.6159449,5.715218415,0.915205261,1200,Yes,11.05500293
10,5,1,1,5,-6.599906379,0.009624692,0.463300454,-0.151864891,0.479627666,735.0263719,5.764690101,0.890982917,1060,Yes,9.646458387
10,5,1,2,6,-6.598491881,0.012742071,0.475818121,-0.204695714,0.494169649,733.9874135,5.752172989,0.867084302,1140,Yes,10.25105453
10,5,1,3,4,-6.612309324,0.006844312,0.462024823,-0.303730602,0.469565801,744.1996342,5.747320404,0.746887299,1060,Yes,9.378827572
10,5,1,4,6,-6.599101677,0.012019713,0.47586692,-0.221447695,0.459081068,734.4351326,5.764971468,0.8551378,1080,Yes,9.730398655
10,5,1,5,7,-6.603010579,0.018473795,0.484398532,-0.194554071,0.503921183,737.3115859,5.755980853,0.883798701,1220,Yes,11.09061933
10,5,2,1,4,-6.610855249,0.008747295,0.46236176,-0.279199801,0.468441906,743.118298,5.807073967,0.753098722,1070,Yes,9.396513462
10,5,2,2,4,-6.599509639,0.010223535,0.46380501,-0.299196581,0.468006276,734.7348154,5.823554967,0.749820069,1060,Yes,9.03921175
10,5,2,3,3,-6.605094929,0.007994867,0.462768752,-0.352199969,0.498637423,738.8500045,5.810123095,0.674188735,1060,Yes,9.412152529
10,5,2,4,5,-6.607842302,0.009441617,0.463611212,-0.292410399,0.467693011,740.882692,5.820608201,0.784680104,1070,Yes,9.765188456
10,5,2,5,3,-6.608635928,0.014969827,0.481746846,-0.323067238,0.503554409,741.4709089,5.806206148,0.747242874,1060,Yes,8.957714081
10,5,5,1,3,-6.64837301,0.014333845,0.459202922,-0.216820072,0.453802744,771.5280354,5.981119909,0.819368413,1060,Yes,9.3274436
10,5,5,2,2,-6.638283268,0.011289567,0.464914893,-0.410436844,0.531237292,763.7826568,5.956649323,0.440110907,1060,Yes,9.416376829
10,5,5,3,3,-6.642729613,0.009804458,0.463530754,-0.262664605,0.498081936,767.1862593,5.950911371,0.757077306,1060,Yes,9.003561497
10,5,5,4,2,-6.642549142,0.010149046,0.463933153,-0.326589724,0.517544004,767.0478167,5.949999352,0.635825802,1060,Yes,9.353862762
10,5,5,5,3,-6.641053592,0.021151512,0.484640049,-0.249326839,0.492761863,765.9015157,5.948459695,0.744962387,1060,Yes,9.651838541
20,0.01,0.01,1,5,-6.668971638,0.015972772,0.485890123,-0.191680429,0.435481411,787.585265,5.691072208,0.850659926,1060,Yes,9.558022499
20,0.01,0.01,2,4,-6.670852648,0.016242184,0.48606664,-0.171948246,0.439381114,789.0681154,5.693313226,0.862762667,1060,Yes,9.824276924
20,0.01,0.01,3,5,-6.67588166,0.001025985,0.45339676,-0.05769862,0.434855946,793.0463431,5.695920481,0.934007103,1060,Yes,9.584715128
20,0.01,0.01,4,5,-6.670681627,0.009832371,0.466268596,-0.213195873,0.411870991,788.9331794,5.728760434,0.847733508,1060,Yes,9.028622627
20,0.01,0.01,5,4,-6.675194523,0.004806493,0.459899598,-0.168374361,0.434740455,792.5015989,5.696074713,0.864314669,1060,Yes,10.22817016
20,0.01,0.05,1,4,-6.62105836,0.015057091,0.485778237,-0.147745985,0.426459137,750.7392289,5.696840887,0.881322113,1060,Yes,9.073495865
20,0.01,0.05,2,3,-6.619703203,0.016190906,0.48662319,-0.320760293,0.494803511,749.7225483,5.7021357,0.666163824,1060,Yes,9.42037487
20,0.01,0.05,3,5,-6.618887759,0.019953918,0.485352532,-0.100193786,0.418937071,749.1114414,5.693490658,0.891899443,1060,Yes,9.34790206
20,0.01,0.05,4,4,-6.620824915,0.017005603,0.467121803,-0.137833411,0.413621169,750.5639934,5.694777662,0.852878854,1060,Yes,9.21365571
20,0.01,0.05,5,4,-6.62577092,0.004393508,0.460245547,-0.167984284,0.417633101,754.2854825,5.70374798,0.894655501,1060,Yes,9.249193192
20,0.01,0.1,1,4,-6.600740289,0.019664285,0.485352192,-0.145744057,0.427187279,735.6395738,5.701368188,0.891505127,1060,Yes,9.328929901
20,0.01,0.1,2,4,-6.600753512,0.019633513,0.485250254,-0.18809053,0.443590529,735.6493007,5.704204242,0.860910425,1060,Yes,9.252486706
20,0.01,0.1,3,4,-6.60131478,0.019604821,0.48491971,-0.211292801,0.429260272,736.0623133,5.701594147,0.858643079,1060,Yes,9.164961338
20,0.01,0.1,4,4,-6.601965948,0.019588607,0.484676618,-0.145269891,0.445064327,736.5417693,5.694762116,0.89382168,1060,Yes,9.207702398
20,0.01,0.1,5,4,-6.606545868,0.00556949,0.460977697,-0.130853336,0.444610443,739.9228087,5.708632863,0.882448662,1060,Yes,9.396418571
20,0.01,0.5,1,3,-6.572731506,0.020084054,0.484952998,-0.240863403,0.478924548,715.3210809,5.723407861,0.806084362,1060,Yes,9.161828518
20,0.01,0.5,2,3,-6.572693623,0.020029427,0.484668471,-0.336487656,0.492322745,715.293983,5.719836742,0.671810849,1060,Yes,9.702114344
20,0.01,0.5,3,3,-6.54295324,0.01589255,0.483555618,-0.298608831,0.53969345,694.3340887,5.695503018,0.649073294,1060,Yes,9.837435246
20,0.01,0.5,4,4,-6.543132785,0.014443096,0.47799159,-0.153797989,0.474921484,694.4587641,5.694186001,0.820405387,1060,Yes,9.282131195
20,0.01,0.5,5,3,-6.55797259,0.008939142,0.467413148,-0.272302459,0.509468879,704.8412428,5.709150088,0.669371606,1060,Yes,9.679549217
20,0.01,1,1,3,-6.572679065,0.018838858,0.48216331,-0.223626411,0.467536402,715.28357,5.748512679,0.807617449,1060,Yes,9.295370579
20,0.01,1,2,3,-6.573018728,0.021421102,0.485487108,-0.262169947,0.487878951,715.5265664,5.748332971,0.735382458,1060,Yes,9.015953302
20,0.01,1,3,3,-6.574420136,0.021037739,0.485401645,-0.228704582,0.468111582,716.5300139,5.755786753,0.808096605,1060,Yes,9.608082056
20,0.01,1,4,3,-6.549525954,0.013813344,0.473867283,-0.209317365,0.488812569,698.9127787,5.72941314,0.758207176,1060,Yes,9.354026556
20,0.01,1,5,3,-6.579596283,0.008463841,0.46222862,-0.2928345,0.47565639,720.2484941,5.761074993,0.740823345,1060,Yes,9.174711466
20,0.01,2,1,2,-6.584932191,0.019145627,0.482800774,-0.322392717,0.52552506,724.1019451,5.799314074,0.635765727,1060,Yes,9.288624048
20,0.01,2,2,2,-6.584947645,0.01298371,0.478482691,-0.362355476,0.528867753,724.1131359,5.79927657,0.557180045,1060,Yes,9.423154116
20,0.01,2,3,3,-6.585852194,0.021197445,0.485507601,-0.232748798,0.467456551,724.768428,5.805193379,0.815462838,1060,Yes,9.188359022
20,0.01,2,4,2,-6.585038027,0.010321978,0.475696396,-0.325818007,0.522741867,724.1785852,5.799009659,0.635780919,1060,Yes,9.478505373
20,0.01,2,5,2,-6.590755078,0.009366019,0.463259137,-0.363855111,0.52362991,728.3306085,5.816632578,0.556681969,1060,Yes,9.344505072
20,0.01,5,1,2,-6.630106011,0.010829569,0.475782787,-0.269726997,0.514912474,757.5624762,5.945101696,0.722815771,1060,Yes,8.529520512
20,0.01,5,2,2,-6.630098287,0.013554535,0.47848576,-0.174528906,0.503676066,757.5566246,5.94456683,0.786392029,1060,Yes,9.120429754
20,0.01,5,3,2,-6.630182136,0.013525994,0.478485606,-0.174528906,0.503676066,757.6201481,5.945460364,0.78611323,1060,Yes,9.19549036
20,0.01,5,4,2,-6.6354563,0.010727443,0.464431027,-0.177528176,0.49320038,761.6265167,5.957809707,0.781165702,1060,Yes,8.876801729
20,0.01,5,5,2,-6.635380962,0.010462721,0.464203159,-0.270691643,0.508415145,761.5691391,5.957315329,0.725090761,1060,Yes,8.55695343
20,0.05,0.01,1,5,-6.677762014,0.015202017,0.486327544,-0.219486676,0.458990365,794.5389541,5.691204777,0.853002925,1080,Yes,9.435590029
20,0.05,0.01,2,5,-6.674223599,0.01602227,0.485820999,-0.139459023,0.429665993,791.7325136,5.686437954,0.895365397,1060,Yes,9.465545177
20,0.05,0.01,3,3,-6.67596035,0.017227594,0.468326185,-0.288203544,0.485835571,793.10875,5.694418021,0.747382796,1070,Yes,9.086767912
20,0.05,0.01,4,5,-6.673970265,0.016467328,0.485007522,-0.164712266,0.453131632,791.5319656,5.681393376,0.899786436,1090,Yes,10.01365304
20,0.05,0.01,5,5,-6.649951511,0.011338835,0.496481241,-0.13437667,0.50060771,772.7468552,5.742826302,0.907425935,1110,Yes,9.880324602
20,0.05,0.05,1,5,-6.623010909,0.015078366,0.484933557,-0.239372962,0.460832649,752.2065164,5.686194114,0.837437073,1060,Yes,9.529601336
20,0.05,0.05,2,4,-6.626818065,0.019999952,0.485419523,-0.275955652,0.452026192,755.0757419,5.695574931,0.808544547,1060,Yes,9.924127102
20,0.05,0.05,3,4,-6.626449584,0.017054546,0.467539272,-0.300134182,0.459005576,754.7975626,5.698374271,0.747387895,1070,Yes,9.222836971
20,0.05,0.05,4,4,-6.62154764,0.016106699,0.485126245,-0.203718238,0.456190559,751.1066409,5.698064706,0.860158028,1060,Yes,9.474331141
20,0.05,0.05,5,8,-6.611194155,0.013789233,0.463676423,-0.015640145,0.476643636,743.3701883,5.730201451,0.909442724,1060,Yes,9.926543713
20,0.05,0.1,1,4,-6.605586518,0.017499449,0.481448938,-0.255175593,0.460992848,739.2133039,5.696979981,0.795323809,1060,Yes,9.654902697
20,0.05,0.1,2,4,-6.605195942,0.020592499,0.485003818,-0.311537636,0.49299209,738.9246412,5.695987725,0.690487562,1060,Yes,10.02938151
20,0.05,0.1,3,6,-6.602492288,0.021154754,0.487073837,-0.123300352,0.484461135,736.9295434,5.688339737,0.876200699,1060,Yes,9.423203707
20,0.05,0.1,4,4,-6.602227453,0.019846617,0.485220906,-0.256634417,0.491131971,736.7344042,5.698813968,0.795454538,1060,Yes,9.613161087
20,0.05,0.1,5,6,-6.598310851,0.013163325,0.496757435,-0.046618588,0.493856228,733.8545521,5.733488309,0.868611712,1060,Yes,10.10687613
20,0.05,0.5,1,4,-6.559053159,0.010314478,0.476339114,-0.223748798,0.504438523,705.6032842,5.701854625,0.797977032,1100,Yes,9.752636433
20,0.05,0.5,2,3,-6.568411074,0.018976966,0.476102151,-0.339207185,0.515190982,712.2372515,5.71093804,0.57858305,1060,Yes,9.12255168
20,0.05,0.5,3,3,-6.567690621,0.019184915,0.477422377,-0.268882232,0.502234829,711.7243025,5.714987457,0.686131951,1100,Yes,9.65368104
20,0.05,0.5,4,4,-6.559641248,0.016231148,0.465198582,-0.255427319,0.488674153,706.0183634,5.702404435,0.701295655,1060,Yes,9.417895555
20,0.05,0.5,5,3,-6.547517246,0.015197146,0.476685581,-0.20440272,0.500771445,697.510276,5.694446131,0.757586491,1060,Yes,9.354558229
20,0.05,1,1,3,-6.577332268,0.018799204,0.482111678,-0.214796994,0.480591545,718.6196853,5.753760344,0.812098501,1060,Yes,9.644618273
20,0.05,1,2,3,-6.574391022,0.020457477,0.485263569,-0.297105598,0.48083936,716.5091529,5.75485949,0.732795465,1060,Yes,9.569053888
20,0.05,1,3,3,-6.576704719,0.02095128,0.485607473,-0.268755131,0.492100873,718.1688572,5.75710939,0.7422927,1060,Yes,9.293185472
20,0.05,1,4,3,-6.574506655,0.02106994,0.484822035,-0.22032504,0.465610657,716.5920097,5.760807003,0.808871679,1060,Yes,9.408543825
20,0.05,1,5,4,-6.560900312,0.011661338,0.45839445,-0.257064873,0.456749536,706.9078459,5.742794065,0.746911393,1060,Yes,9.843142748
20,0.05,2,1,3,-6.587293794,0.021557419,0.485310136,-0.262169947,0.487878951,725.8140075,5.80610875,0.735080888,1060,Yes,9.294521332
20,0.05,2,2,3,-6.585133833,0.010210028,0.475116866,-0.252605476,0.464206466,724.2479694,5.803359837,0.793110106,1060,Yes,9.389719248
20,0.05,2,3,3,-6.587557485,0.021679831,0.485648873,-0.249139999,0.49308308,726.005423,5.79800789,0.744926873,1060,Yes,9.463292599
20,0.05,2,4,2,-6.58607843,0.021501221,0.485925741,-0.264272336,0.519903653,724.9324149,5.800384527,0.722538059,1060,Yes,9.024573326
20,0.05,2,5,2,-6.593374688,0.00910129,0.464115113,-0.326868704,0.517761436,730.241052,5.82250095,0.636845085,1060,Yes,9.619151115
20,0.05,5,1,2,-6.631501122,0.019299359,0.482719202,-0.322392717,0.52552506,758.6200976,5.946934584,0.638281524,1060,Yes,9.466412067
20,0.05,5,2,2,-6.631161762,0.019218526,0.482762093,-0.265445385,0.518391465,758.3626958,5.944246439,0.726513505,1060,Yes,8.571810007
20,0.05,5,3,2,-6.63036114,0.012832833,0.474924238,-0.362540103,0.527673498,757.7557774,5.946310253,0.557155274,1060,Yes,9.374919891
20,0.05,5,4,2,-6.630798199,0.012921883,0.474946859,-0.325011714,0.52239631,758.0870338,5.946608117,0.635750873,1060,Yes,9.357410431
20,0.05,5,5,2,-6.635558266,0.011256885,0.464886761,-0.326589724,0.517544004,761.7041805,5.960572971,0.631874819,1060,Yes,9.060081244
20,0.1,0.01,1,7,-6.677865911,0.020114833,0.484944667,-0.239916513,0.469540119,794.6215083,5.673043839,0.821894736,1060,Yes,10.05575752
20,0.1,0.01,2,9,-6.688481168,0.017020059,0.461446622,-0.207174626,0.453501886,803.1015492,5.67808468,0.866961949,1070,Yes,10.64596272
20,0.1,0.01,3,5,-6.663720356,0.011072982,0.491067904,-0.247200661,0.468020428,783.4602728,5.731934853,0.800909293,1060,Yes,9.423724413
20,0.1,0.01,4,7,-6.672784314,0.016924543,0.466633357,-0.21124166,0.446034272,790.5938042,5.670804374,0.862595092,1060,Yes,10.15060449
20,0.1,0.01,5,6,-6.681087045,0.00489569,0.457654802,-0.14239968,0.487820425,797.1852176,5.688637189,0.916601144,1060,Yes,9.050542593
20,0.1,0.05,1,10,-6.627056423,0.020063981,0.484866671,-0.048292436,0.488451722,755.2557421,5.662778818,0.944919474,1060,Yes,9.895286322
20,0.1,0.05,2,9,-6.638310583,0.012484083,0.46841247,-0.165331129,0.414508273,763.8035199,5.702848469,0.911641901,1080,Yes,10.30233169
20,0.1,0.05,3,7,-6.632076664,0.007310855,0.4656993,-0.088066789,0.408825246,759.0568409,5.722031,0.922913867,1060,Yes,9.174900532
20,0.1,0.05,4,6,-6.623146072,0.018862804,0.484887603,-0.167541388,0.435463806,752.3081935,5.686014089,0.898341937,1110,Yes,9.884526014
20,0.1,0.05,5,9,-6.593118335,0.013013076,0.48107841,-0.056425511,0.483233723,730.0538766,5.657456625,0.919799623,1130,Yes,10.54699492
20,0.1,0.1,1,7,-6.607422886,0.018964806,0.48428876,-0.102179457,0.466979013,740.5720188,5.680241824,0.935694368,1060,Yes,9.590200424
20,0.1,0.1,2,7,-6.611556195,0.007916916,0.457853363,-0.077780103,0.400965385,743.6393667,5.690491518,0.886325548,1060,Yes,9.181623459
20,0.1,0.1,3,6,-6.607161551,0.019890703,0.485364999,-0.076003026,0.435435137,740.3785065,5.696703005,0.928563722,1060,Yes,9.738323689
20,0.1,0.1,4,6,-6.60710517,0.021166975,0.465992779,-0.196309329,0.483223186,740.3367644,5.694782097,0.86926892,1060,Yes,9.719730616
20,0.1,0.1,5,9,-6.60680851,0.012370686,0.466732452,-0.109559389,0.402396659,740.1171688,5.686866926,0.91200001,1070,Yes,9.948459625
20,0.1,0.5,1,3,-6.569441449,0.015658208,0.480590953,-0.339525729,0.522725037,712.9715006,5.707227119,0.577298296,1060,Yes,9.298955441
20,0.1,0.5,2,5,-6.548884817,0.019109426,0.4654219,-0.14574373,0.493714332,698.4648231,5.68835911,0.813924745,1140,Yes,10.13292527
20,0.1,0.5,3,3,-6.564447222,0.014435373,0.451901064,-0.269900907,0.502288986,709.419636,5.703161714,0.667137978,1060,Yes,9.350936413
20,0.1,0.5,4,4,-6.57594362,0.019868432,0.477433501,-0.301569092,0.475324013,717.6224679,5.715215728,0.669743348,1070,Yes,9.921519995
20,0.1,0.5,5,5,-6.570550453,0.007525561,0.44670692,-0.249316496,0.47664769,713.7626281,5.717892957,0.741196328,1110,Yes,9.736786842
20,0.1,1,1,3,-6.577728634,0.019716807,0.484872525,-0.332629482,0.501680504,718.9045781,5.756039978,0.667841992,1060,Yes,9.656781435
20,0.1,1,2,4,-6.577891908,0.02068975,0.484601737,-0.317145582,0.477714649,719.0219663,5.754724348,0.697051744,1060,Yes,9.69607091
20,0.1,1,3,3,-6.562356073,0.01165791,0.437758729,-0.26963639,0.495422532,707.937684,5.739688284,0.673447031,1060,Yes,9.191234589
20,0.1,1,4,4,-6.577499744,0.021647134,0.485360365,-0.157171227,0.462687973,718.7400471,5.747655853,0.848469758,1060,Yes,9.402374268
20,0.1,1,5,3,-6.571782508,0.013272679,0.466864325,-0.311212135,0.513493525,714.6425646,5.755081327,0.631006633,1060,Yes,9.734229326
20,0.1,2,1,3,-6.589819401,0.021319098,0.484933104,-0.284569349,0.479764554,727.6494449,5.806297614,0.745956804,1060,Yes,9.162452936
20,0.1,2,2,3,-6.590672616,0.021411062,0.48544104,-0.267012307,0.47468163,728.2705517,5.809006172,0.744500856,1060,Yes,9.322504997
20,0.1,2,3,3,-6.590935426,0.020967559,0.485793349,-0.329360105,0.498680745,728.4619735,5.801736763,0.673926519,1060,Yes,9.823822737
20,0.1,2,4,2,-6.595639024,0.013212567,0.478483921,-0.362355476,0.528867753,731.896437,5.808599539,0.555322124,1060,Yes,9.059850216
20,0.1,2,5,2,-6.593478015,0.009308767,0.463209856,-0.363855111,0.52362991,730.3165097,5.814824831,0.557872884,1060,Yes,9.328900814
20,0.1,5,1,2,-6.632280175,0.021114282,0.484745787,-0.264552596,0.519421828,759.2113331,5.94612994,0.72626716,1060,Yes,8.238913774
20,0.1,5,2,2,-6.638977168,0.010522171,0.48893233,-0.262713316,0.505043288,764.3128294,5.950577124,0.765654783,1060,Yes,8.484486341
20,0.1,5,3,2,-6.63922241,0.021348349,0.48612546,-0.321454278,0.526734811,764.5002939,5.95361524,0.629775679,1060,Yes,9.009885311
20,0.1,5,4,2,-6.630970185,0.013497452,0.478485453,-0.268442191,0.516271909,758.2174251,5.947771893,0.726145261,1060,Yes,8.406389713
20,0.1,5,5,2,-6.631463652,0.013367131,0.475059968,-0.362540103,0.527673498,758.5916727,5.949302655,0.558766293,1060,Yes,9.304188967
20,0.5,0.01,1,9,-6.691295747,0.012330119,0.476586992,-0.186409364,0.464434418,805.3651259,5.657385224,0.897673609,1100,Yes,10.74103951
20,0.5,0.01,2,13,-6.673449949,0.018026326,0.484236456,-0.130951857,0.4510024,791.120226,5.605729481,0.957573931,1060,Yes,11.12949371
20,0.5,0.01,3,13,-6.699189965,0.016609252,0.464024567,-0.147309911,0.422557021,811.7480145,5.618908007,0.931663368,1090,Yes,11.5173974
20,0.5,0.01,4,10,-6.690795472,0.004840875,0.457539968,-0.166328639,0.471064098,804.9623225,5.649594204,0.902526669,1200,Yes,11.68626595
20,0.5,0.01,5,13,-6.669425698,0.02052239,0.484569394,-0.128094739,0.443589881,787.9429569,5.575137104,0.940058328,1250,Yes,12.24975181
20,0.5,0.05,1,10,-6.642042413,0.006636423,0.457798146,-0.14134057,0.408549079,766.6592301,5.663479682,0.930271628,1220,Yes,11.5789597
20,0.5,0.05,2,11,-6.617459167,0.02085662,0.485721936,-0.126850785,0.455583373,748.0420304,5.614681385,0.928130573,1070,Yes,11.01457191
20,0.5,0.05,3,12,-6.605748521,0.012882271,0.474274624,-0.09312082,0.402887381,739.3330688,5.614403363,0.919786963,1180,Yes,11.86602426
20,0.5,0.05,4,12,-6.621660753,0.012481007,0.475376341,-0.079686028,0.469230154,751.1916056,5.60577122,0.948366542,1080,Yes,10.76568723
20,0.5,0.05,5,11,-6.612345968,0.021627159,0.487159676,-0.070417237,0.447908715,744.2269045,5.627857947,0.9212251,1060,Yes,10.36351895
20,0.5,0.1,1,12,-6.587157233,0.013354609,0.47882568,-0.109877942,0.44314169,725.7148961,5.608554517,0.944034858,1090,Yes,10.97537041
20,0.5,0.1,2,9,-6.63552703,0.00819933,0.460649338,-0.145323693,0.448018805,761.6803884,5.660041245,0.893084285,1080,Yes,10.45490336
20,0.5,0.1,3,8,-6.595035899,0.011213071,0.477595073,-0.038567322,0.516729212,731.4551447,5.623463789,0.911736183,1160,Yes,10.47492337
20,0.5,0.1,4,7,-6.621237754,0.009799063,0.46128457,-0.155416974,0.462416651,750.8739193,5.660841983,0.868751678,1130,Yes,10.24559236
20,0.5,0.1,5,10,-6.587125548,0.021418857,0.485338616,-0.12961093,0.453283225,725.6919027,5.62287934,0.905692594,1130,Yes,10.93584108
20,0.5,0.5,1,5,-6.583334329,0.007461411,0.446701095,-0.232495306,0.49004508,722.9458541,5.723491848,0.807198123,1060,Yes,9.235310078
20,0.5,0.5,2,5,-6.59357433,0.008284243,0.462954551,-0.204338042,0.524737684,730.3868536,5.729488596,0.819232124,1090,Yes,9.2980299
20,0.5,0.5,3,6,-6.593006257,0.020319408,0.484444199,-0.214099897,0.500069765,729.972058,5.723227814,0.825270689,1060,Yes,9.856111526
20,0.5,0.5,4,6,-6.561094255,0.021592743,0.482403825,-0.094651045,0.453190804,707.044959,5.701517221,0.834272875,1060,Yes,9.386611223
20,0.5,0.5,5,5,-6.589346091,0.018925781,0.481183933,-0.21256789,0.516467804,727.3051231,5.704883633,0.806517703,1080,Yes,9.32557106
20,0.5,1,1,4,-6.592950303,0.007158251,0.46181075,-0.300005005,0.466421382,729.9312146,5.764334253,0.749717695,1060,Yes,9.13450408
20,0.5,1,2,3,-6.588503115,0.006722625,0.460476413,-0.275804097,0.50596749,726.6922802,5.764315543,0.69564118,1060,Yes,9.275231123
20,0.5,1,3,4,-6.585213853,0.020640584,0.483842972,-0.317333631,0.48032893,724.3059261,5.756130643,0.688759286,1060,Yes,9.983292341
20,0.5,1,4,5,-6.588144891,0.006761551,0.460661028,-0.239725712,0.441250589,726.4320085,5.771901413,0.841490482,1060,Yes,9.628560066
20,0.5,1,5,4,-6.590109627,0.008131748,0.473294426,-0.344961098,0.466268704,727.8606583,5.745877152,0.688962677,1090,Yes,9.606553316
20,0.5,2,1,4,-6.598077749,0.009817283,0.463310537,-0.310957675,0.474625524,733.6835094,5.819442671,0.693333578,1060,Yes,9.884631395
20,0.5,2,2,3,-6.602121898,0.007641647,0.461276986,-0.33198398,0.486547536,736.6566423,5.815224941,0.664307718,1060,Yes,9.783910513
20,0.5,2,3,3,-6.589714825,0.008770681,0.475395237,-0.387190287,0.515734425,727.5733543,5.804450941,0.616871902,1090,Yes,9.204708576
20,0.5,2,4,3,-6.596358689,0.009054686,0.46308136,-0.341646879,0.491375165,732.4233463,5.817217263,0.665186981,1060,Yes,9.405992508
20,0.5,2,5,4,-6.593599575,0.009714585,0.474966663,-0.353682519,0.499299988,730.4052919,5.802199764,0.642077068,1060,Yes,9.569197178
20,0.5,5,1,3,-6.63708016,0.012761197,0.480826071,-0.295404378,0.500549948,762.8642963,5.959934426,0.673028233,1060,Yes,9.446638584
20,0.5,5,2,2,-6.636428067,0.009857644,0.46368232,-0.326589724,0.517544004,762.367,5.958166277,0.635050234,1060,Yes,8.877380133
20,0.5,5,3,2,-6.634045102,0.013852502,0.478487362,-0.324790162,0.523829415,760.5524687,5.945647539,0.63840357,1060,Yes,9.177444458
20,0.5,5,4,2,-6.636945974,0.013440797,0.485615773,-0.389400163,0.534634545,762.7619371,5.951590532,0.494478496,1060,Yes,9.301432133
20,0.5,5,5,2,-6.63324511,0.013261638,0.475033169,-0.362540103,0.527673498,759.9442765,5.945311251,0.557261203,1060,Yes,9.295783281
20,1,0.01,1,13,-6.713585938,0.019287408,0.465177639,-0.156116562,0.429029935,823.5184372,5.599019321,0.951388477,1300,Yes,12.13986635
20,1,0.01,2,15,-6.723911272,0.001708044,0.431831454,-0.107183534,0.431715889,832.0655901,5.647073828,0.966412719,1060,Yes,10.8634274
20,1,0.01,3,13,-6.690780324,0.018858751,0.485499794,-0.11472278,0.438413344,804.9501289,5.571124783,0.957571138,1800,Yes,16.59911299
20,1,0.01,4,20,-6.699492157,0.010559702,0.471520748,-0.116923255,0.424991621,811.9933553,5.586319157,0.961616818,1090,Yes,12.53778315
20,1,0.01,5,20,-6.704370583,0.015155104,0.487707845,-0.077233079,0.4545472,815.9642831,5.602859966,0.962911469,1250,Yes,14.25079393
20,1,0.05,1,14,-6.656670068,0.017155566,0.484122592,-0.086740845,0.470765933,777.9560785,5.589371624,0.935866727,1250,Yes,12.59410739
20,1,0.05,2,15,-6.666251585,0.00582471,0.472973953,-0.106193469,0.448088404,785.4459025,5.630913445,0.92933823,1060,Yes,11.05856442
20,1,0.05,3,15,-6.661464044,0.007269027,0.458781294,-0.10776314,0.402754246,781.6945346,5.6114209,0.960399944,1250,Yes,12.40589309
20,1,0.05,4,16,-6.671273439,0.007650758,0.462272877,-0.09503987,0.454206553,789.4002179,5.634660074,0.939084948,1360,Yes,13.02319932
20,1,0.05,5,13,-6.672683319,0.009801836,0.468186632,-0.133652511,0.384049044,790.5139624,5.651465246,0.952680065,1080,Yes,10.84706187
20,1,0.1,1,14,-6.642191582,0.012902473,0.476148295,-0.098235239,0.406327548,766.7736,5.617997341,0.924803302,1110,Yes,10.96781445
20,1,0.1,2,12,-6.616081691,0.0075939,0.474908291,-0.157469813,0.463713023,747.0123298,5.64440429,0.888120886,1300,Yes,12.7920866
20,1,0.1,3,13,-6.644385977,0.003182811,0.456169779,-0.101235719,0.376224249,768.4580517,5.633065574,0.950474344,1510,Yes,13.71734285
20,1,0.1,4,14,-6.65438377,0.001233282,0.443918722,-0.035778819,0.371977091,776.1794703,5.655723304,0.923037507,1070,Yes,10.76820874
20,1,0.1,5,10,-6.640093576,0.013890814,0.458418707,-0.059294433,0.421610669,765.1665913,5.678287083,0.929795806,1580,Yes,13.43203831
20,1,0.5,1,7,-6.602798271,0.012173105,0.478790852,-0.216979338,0.43883629,737.1550658,5.718967249,0.875075704,1130,Yes,10.47905636
20,1,0.5,2,6,-6.593789031,0.007665577,0.427531943,-0.236170649,0.450817012,730.5436851,5.728675559,0.763125031,1070,Yes,9.913223743
20,1,0.5,3,5,-6.606638858,0.004048271,0.454441352,-0.312845947,0.462275176,739.9916171,5.730194631,0.73989562,1090,Yes,9.897639036
20,1,0.5,4,6,-6.594693533,0.010587756,0.42477186,-0.237543926,0.460170004,731.2047622,5.721290075,0.830731018,1060,Yes,9.774784803
20,1,0.5,5,5,-6.58996693,0.014617211,0.485215025,-0.260102653,0.496855683,727.7568027,5.719054644,0.758213274,1070,Yes,9.614850044
20,1,1,1,6,-6.591952097,0.0143034,0.485117999,-0.267130446,0.489515607,729.2029565,5.763060305,0.807249927,1080,Yes,9.592632532
20,1,1,2,7,-6.599408897,0.001961693,0.442518714,-0.19396886,0.46961201,734.6608005,5.799193896,0.905721257,1080,Yes,10.07402945
20,1,1,3,4,-6.576374215,0.014812036,0.48147935,-0.290583309,0.527862797,717.9315392,5.737175303,0.665731371,1110,Yes,10.06533051
20,1,1,4,5,-6.596879361,0.010879365,0.463082879,-0.26987118,0.464061072,732.8047984,5.792079511,0.793142372,1060,Yes,9.704012394
20,1,1,5,4,-6.594485718,0.016302224,0.46615525,-0.309344124,0.498744443,731.0528228,5.772309749,0.662576846,1070,Yes,9.741429329
20,1,2,1,3,-6.599962502,0.021260564,0.48525581,-0.316257707,0.493121377,735.0676248,5.801694533,0.675968029,1060,Yes,9.455355406
20,1,2,2,5,-6.609027271,0.00989501,0.453292922,-0.323072024,0.486926698,741.7611349,5.82849057,0.660102371,1060,Yes,9.808184624
20,1,2,3,4,-6.598159926,0.008603335,0.462448289,-0.318845255,0.47775402,733.7438031,5.812016593,0.6974807,1060,Yes,9.851670504
20,1,2,4,3,-6.605781904,0.011370145,0.460429405,-0.281395167,0.473403304,739.3577503,5.838034633,0.746081405,1060,Yes,9.206385136
20,1,2,5,4,-6.605194165,0.008677885,0.463435978,-0.277333926,0.53325217,738.9233281,5.8394259,0.814629934,1060,Yes,9.500957251
20,1,5,1,2,-6.633558929,0.021309017,0.486176844,-0.359575573,0.531288915,760.1827989,5.947825557,0.555525345,1090,Yes,9.24243927
20,1,5,2,2,-6.649000943,0.000551186,0.429999598,-0.395676843,0.503244303,772.0126555,5.982357287,0.490946273,1060,Yes,9.347714663
20,1,5,3,3,-6.639973682,0.009406284,0.46322533,-0.275903422,0.492803015,765.0748578,5.951720327,0.753110581,1080,Yes,9.08502388
20,1,5,4,2,-6.639794238,0.015734087,0.468665144,-0.363467962,0.523925248,764.9375817,5.976531514,0.550681533,1060,Yes,9.353699446
20,1,5,5,2,-6.640663488,0.014745393,0.475304466,-0.32590251,0.52211335,765.6027926,5.96140111,0.631373647,1060,Yes,8.995608568
20,2,0.01,1,24,-6.735714266,0.015261454,0.468777623,-0.016431138,0.472429475,841.9446418,5.578751526,0.974704062,1130,Yes,12.96911216
20,2,0.01,2,17,-6.728178483,0.019827731,0.483981797,-0.097189857,0.444217442,835.623776,5.587456021,0.959677428,1410,Yes,13.97574806
20,2,0.01,3,18,-6.724776355,0.010935126,0.463694433,-0.147901165,0.465172939,832.7857075,5.598796381,0.936306673,1100,Yes,13.25313711
20,2,0.01,4,15,-6.718524234,0.006581404,0.460229674,-0.084531731,0.428680274,827.5952726,5.595056073,0.957916526,1300,Yes,13.30586982
20,2,0.01,5,16,-6.696650596,0.018070592,0.483487182,-0.030995791,0.431950882,809.6893016,5.592374598,0.968727994,1710,Yes,15.20063686
20,2,0.05,1,10,-6.650634141,0.0090643,0.464205763,-0.158694383,0.506346989,773.274535,5.629296596,0.889860976,1620,Yes,14.87575459
20,2,0.05,2,11,-6.648932203,0.0183279,0.481939281,-0.144501187,0.394733399,771.9595894,5.611688978,0.93618659,1280,Yes,11.9252305
20,2,0.05,3,15,-6.667341114,0.008792583,0.460567992,-0.095610949,0.405539677,786.3021346,5.637133643,0.95957551,1370,Yes,13.48589945
20,2,0.05,4,15,-6.668216282,0.003970965,0.459613913,-0.10872858,0.421201298,786.9905822,5.586279159,0.945731817,1530,Yes,14.02031326
20,2,0.05,5,13,-6.670840305,0.013455862,0.481143265,-0.118318657,0.416701138,789.0583759,5.614571885,0.938632701,1060,Yes,11.01047516
20,2,0.1,1,10,-6.618583447,0.006965434,0.463043183,-0.097324286,0.430396072,748.8835122,5.647875004,0.930823924,1070,Yes,10.06975603
20,2,0.1,2,9,-6.66253102,0.019598153,0.482887354,-0.152670982,0.460444564,782.5290291,5.640688044,0.912650952,1260,Yes,11.43875146
20,2,0.1,3,11,-6.648972285,0.01190379,0.462540747,-0.143471497,0.421158042,771.9905315,5.656374294,0.900794911,1460,Yes,13.55516195
20,2,0.1,4,12,-6.651695133,0.006925821,0.458380942,-0.118113776,0.416195644,774.0954086,5.634741464,0.924586695,1060,Yes,10.96513176
20,2,0.1,5,10,-6.650316846,0.014567822,0.478388982,-0.115972276,0.38278242,773.0292177,5.637733067,0.945539618,1240,Yes,11.97167373
20,2,0.5,1,7,-6.611815736,0.009047294,0.460346772,-0.142485782,0.423482753,743.8323962,5.737966853,0.909174343,1120,Yes,9.933641672
20,2,0.5,2,6,-6.607017843,0.017898229,0.479351672,-0.171171844,0.453691203,740.2721162,5.702991304,0.851020156,1140,Yes,9.465739727
20,2,0.5,3,8,-6.580449104,0.013196372,0.477729611,-0.176464913,0.430793684,720.8629987,5.681189583,0.88602298,1120,Yes,10.58880758
20,2,0.5,4,8,-6.575074691,0.020042684,0.481938399,-0.065296543,0.45468142,716.9991761,5.68125525,0.91802245,1160,Yes,10.13846636
20,2,0.5,5,8,-6.611662195,0.018985722,0.481429358,-0.14232436,0.42705232,743.7181965,5.710444061,0.915928186,1180,Yes,10.37093663
20,2,1,1,5,-6.597533695,0.008589869,0.463372537,-0.304995114,0.472942842,733.2844542,5.7848353,0.794468558,1130,Yes,10.07588148
20,2,1,2,7,-6.603794179,0.019672301,0.459618117,-0.192882638,0.448212989,737.8895695,5.750072658,0.920116444,1090,Yes,9.917270184
20,2,1,3,5,-6.603159083,0.004116951,0.428264812,-0.28887529,0.486189494,737.4210882,5.782539874,0.729962825,1090,Yes,10.26279855
20,2,1,4,4,-6.604116916,0.008292874,0.461485618,-0.283527224,0.477790572,738.1277524,5.756198858,0.734295554,1060,Yes,9.22358036
20,2,1,5,5,-6.602924133,0.018037558,0.483356467,-0.262969359,0.453011021,737.2478513,5.759696243,0.838960484,1060,Yes,9.185059309
20,2,2,1,5,-6.606051254,0.010399319,0.46418642,-0.284251354,0.446097842,739.5569227,5.834352694,0.7863945,1140,Yes,10.17455411
20,2,2,2,4,-6.607380079,0.019813613,0.484498861,-0.33711941,0.486677605,740.5403179,5.800095421,0.698754872,1070,Yes,10.04265475
20,2,2,3,4,-6.599607776,0.011025835,0.463922902,-0.255628784,0.447766392,734.8069235,5.827514789,0.8082102,1090,Yes,9.596634865
20,2,2,4,5,-6.604787705,0.008317782,0.462475311,-0.267657834,0.478491362,738.6230467,5.807747592,0.794318955,1120,Yes,10.31603146
20,2,2,5,3,-6.603523585,0.010063276,0.476826688,-0.375257742,0.505142445,737.6899282,5.804610078,0.615537825,1070,Yes,9.264649868
20,2,5,1,2,-6.644789333,0.01656788,0.469388379,-0.363467962,0.523925248,768.7680768,5.976635849,0.553104061,1060,Yes,9.296687365
20,2,5,2,2,-6.637834679,0.021384436,0.486078314,-0.359575573,0.531288915,763.4401094,5.94124918,0.557359023,1060,Yes,9.250357389
20,2,5,3,2,-6.640908658,0.012527298,0.46598031,-0.363855111,0.52362991,765.7905185,5.959063763,0.552779969,1060,Yes,9.149238825
20,2,5,4,3,-6.638640486,0.01411085,0.485044065,-0.329291877,0.50970636,764.0555427,5.952740651,0.613380133,1060,Yes,9.163070679
20,2,5,5,3,-6.640307874,0.012238116,0.474323737,-0.295703177,0.470848,765.3305823,5.945458835,0.757123482,1080,Yes,9.437604904
20,5,0.01,1,14,-6.689986586,0.012834159,0.475913026,-0.133991339,0.430793205,804.3114632,5.597044348,0.946556036,1520,Yes,13.77821827
20,5,0.01,2,11,-6.704999716,0.018350991,0.486221205,-0.153307257,0.434431305,816.4777944,5.578965066,0.958508008,1450,Yes,12.81612706
20,5,0.01,3,15,-6.740874123,0.005832891,0.458800343,-0.065352146,0.435709166,846.3001834,5.593420981,0.969230629,1100,Yes,11.0345757
20,5,0.01,4,11,-6.731147232,0.010027597,0.474045428,-0.203159264,0.408710716,838.1082195,5.620463563,0.913198602,1170,Yes,11.68024635
20,5,0.01,5,15,-6.731928531,0.018660292,0.463145521,-0.136506071,0.396185455,838.763288,5.588745776,0.960216462,1550,Yes,14.12987661
20,5,0.05,1,12,-6.629157385,0.010897215,0.465304697,-0.073852593,0.442854049,756.8441734,5.631549561,0.935019353,1220,Yes,11.12439251
20,5,0.05,2,15,-6.659358991,0.00413225,0.459136865,-0.129183823,0.396816304,780.0507573,5.636843863,0.966914998,1630,Yes,14.48930669
20,5,0.05,3,12,-6.674743815,0.003970545,0.455958648,-0.163668298,0.417675652,792.1444922,5.62688168,0.941162102,1270,Yes,11.89134812
20,5,0.05,4,14,-6.691006786,0.007515618,0.478185692,-0.115712816,0.423348133,805.1324406,5.619487198,0.951019549,1170,Yes,11.57807946
20,5,0.05,5,15,-6.679067822,0.017601028,0.459029129,-0.074040112,0.397537122,795.5771466,5.598243635,0.96664765,1350,Yes,12.65779877
20,5,0.1,1,9,-6.616897156,0.01115998,0.473545928,-0.147344724,0.448331629,747.6217411,5.625152871,0.929279903,1100,Yes,9.809096575
20,5,0.1,2,12,-6.613131689,0.00932132,0.474363661,-0.089819601,0.457005709,744.811889,5.594677472,0.939374918,1300,Yes,12.02146673
20,5,0.1,3,12,-6.64215224,0.017247287,0.480567023,-0.066215381,0.430548741,766.743434,5.61058041,0.922174911,1110,Yes,10.71087575
20,5,0.1,4,11,-6.654461333,0.005573145,0.458622583,-0.086881192,0.410045504,776.2396755,5.64895067,0.923378325,1090,Yes,10.36717725
20,5,0.1,5,11,-6.641801153,0.017850988,0.477999405,-0.07955485,0.420950845,766.4742878,5.645134056,0.927499925,1140,Yes,10.90697861
20,5,0.5,1,8,-6.588987979,0.015326855,0.476847782,-0.102751845,0.463477545,727.0447133,5.67770727,0.913517801,1180,Yes,10.4583807
20,5,0.5,2,7,-6.604237359,0.007937738,0.459996403,-0.22416462,0.440999468,738.2166603,5.720572129,0.836766074,1160,Yes,10.77224708
20,5,0.5,3,8,-6.578521331,0.013724564,0.475492361,-0.131040684,0.432429165,719.4746776,5.681142097,0.920172474,1210,Yes,10.74638867
20,5,0.5,4,6,-6.615769404,0.006073986,0.457174645,-0.264830007,0.441579606,746.7790843,5.72421663,0.812680803,1250,Yes,10.91783261
20,5,0.5,5,7,-6.607004645,0.018783172,0.48163991,-0.228436922,0.47472568,740.2623461,5.711886335,0.835391502,1150,Yes,10.5327487
20,5,1,1,5,-6.58463449,0.007562805,0.464672768,-0.288589259,0.492595536,723.8864116,5.758248658,0.776571497,1100,Yes,10.14239192
20,5,1,2,4,-6.605029466,0.004917165,0.461615684,-0.341974833,0.486152948,738.8016388,5.756709851,0.740570589,1080,Yes,9.085731506
20,5,1,3,4,-6.603283551,0.004424833,0.462167754,-0.314812412,0.476366812,737.5128786,5.755770053,0.809655495,1100,Yes,9.764719725
20,5,1,4,7,-6.597845486,0.013052569,0.495556586,-0.162950057,0.506239388,733.5131211,5.753680443,0.870854194,1090,Yes,9.669544458
20,5,1,5,8,-6.606487977,0.01643541,0.479937194,-0.170066701,0.398210695,739.8799751,5.760535385,0.940405035,1100,Yes,10.15269351
20,5,2,1,4,-6.598582854,0.009492967,0.463381443,-0.315376074,0.470381299,734.0541902,5.828296586,0.74579563,1060,Yes,8.909077168
20,5,2,2,3,-6.600981637,0.008649018,0.463356368,-0.377266248,0.510201989,735.8171405,5.820222656,0.610308424,1060,Yes,8.915303469
20,5,2,3,4,-6.610118624,0.012631429,0.485334296,-0.351452576,0.495767476,742.5711001,5.801597984,0.592427905,1060,Yes,9.674671173
20,5,2,4,4,-6.61675083,0.006412351,0.462899015,-0.395495064,0.506721915,747.5123524,5.812849428,0.605048152,1110,Yes,10.32611847
20,5,2,5,4,-6.604173237,0.019870462,0.483804348,-0.38080636,0.498796943,738.1693254,5.799389199,0.592101005,1060,Yes,9.456664324
20,5,5,1,3,-6.636320661,0.011420449,0.464793377,-0.253419537,0.485424074,762.2851219,5.960318833,0.742524222,1060,Yes,8.917675495
20,5,5,2,3,-6.639629994,0.012878285,0.480882597,-0.295708598,0.511144779,764.811956,5.957946329,0.678416114,1060,Yes,9.580229998
20,5,5,3,3,-6.640588545,0.010136474,0.481311562,-0.194236729,0.479290414,765.5454181,5.950545421,0.819700514,1060,Yes,8.853825092
20,5,5,4,2,-6.639324213,0.013992141,0.485331759,-0.389400163,0.534634545,764.5781263,5.952500071,0.493141251,1060,Yes,9.008667707
20,5,5,5,3,-6.639649134,0.021404174,0.485937497,-0.276642873,0.517296013,764.8265943,5.945829329,0.753174143,1090,Yes,9.443801403
