Gamma,Alpha,Eta,Run_Index,Live_Topics,LL_per_word,Weighted_NPMI,Weighted_Cv,Unweighted_NPMI,Unweighted_Cv,Perplexity,Weighted_Renyi_Entropy,JSD_Diversity,Iterations,Converged,Time_sec
0.1,0.01,0.01,3,5,-6.670682086877783,0.0161941236477658,0.4865506304201564,-0.1202861216726054,0.4742821062736498,788.9335421982178,5.69240089309964,0.9032759938925964,1060,Yes,9.705595254898071
0.1,0.01,0.01,1,4,-6.671353785894127,0.0159803853848291,0.4861040783534274,-0.0935740310399776,0.4225966231570414,789.4636460976753,5.694133522658012,0.905775849039306,1060,Yes,9.800537824630736
0.1,0.01,0.01,2,4,-6.671463397683786,0.0157889011060594,0.486169339493942,-0.1102288046150569,0.4109447412971709,789.5501853635701,5.695741414651424,0.8942972260546718,1060,Yes,9.096899509429932
0.1,0.01,0.05,4,4,-6.620951825758261,0.0209287318562846,0.4855676115438956,-0.09951255590694,0.4766059876240798,750.659253995136,5.697614892287199,0.8840604113076196,1060,Yes,9.482642650604248
0.1,0.01,0.05,2,4,-6.619200298990428,0.0203774353561965,0.4854558486054517,-0.1025202938151309,0.4118636691561271,749.3456049997712,5.698238056716324,0.8952040174018265,1060,Yes,9.405578374862673
0.1,0.01,0.05,1,4,-6.619392376106028,0.0154123166236918,0.4854724983881457,-0.1402189457327757,0.420522616797054,749.4895509660871,5.697518201873643,0.8946180942470671,1060,Yes,9.470954179763794
0.1,0.01,0.1,2,4,-6.601133664656545,0.0202298536298366,0.4860010905195768,0.0102557585254938,0.4151742633844187,735.9290132263009,5.70385234167075,0.8358553256488251,1060,Yes,8.893333673477173
0.1,0.01,0.1,1,4,-6.601133804884955,0.0201622107740803,0.4852650237874305,-0.1350269290122658,0.4213685642377724,735.9291164244636,5.70326593817846,0.8926086421925291,1060,Yes,9.140281677246094
0.1,0.01,0.1,3,4,-6.600455454874847,0.0199180652178935,0.4854524520276564,-0.0319397197486781,0.3999971943210235,735.4300681847245,5.701151855125967,0.8396143406234722,1060,Yes,8.895070552825928
0.1,0.01,0.5,4,3,-6.574861006143229,0.0213905002487021,0.4850698195385532,-0.1408144540018109,0.4474178307300989,716.8459802397357,5.724292013472733,0.8408628007992084,1060,Yes,8.883567333221436
0.1,0.01,0.5,1,3,-6.573532746002547,0.0213376925707416,0.48600666062125,-0.1899359830798474,0.4777873186360679,715.8944543740112,5.720556219162823,0.8040956672998684,1060,Yes,9.352822065353394
0.1,0.01,0.5,2,2,-6.574001509200644,0.0211268051182291,0.4864148937861773,-0.2642723362694149,0.5199036533419998,716.2301180151782,5.725194416734432,0.7217377924132672,1060,Yes,8.883092641830444
0.1,0.01,1.0,2,2,-6.573356362986128,0.0214104538754697,0.4860443233780951,-0.2642723362694149,0.5199036533419998,715.7681938861411,5.746398555491807,0.7261759978337605,1060,Yes,8.534859418869019
0.1,0.01,1.0,3,2,-6.573758709597616,0.021342378173732,0.4861332602760346,-0.2642723362694149,0.5199036533419997,716.0562387366112,5.753600796741509,0.7217018573369253,1060,Yes,8.911317110061646
0.1,0.01,1.0,4,2,-6.573826630350519,0.0211381510685187,0.4864000709698538,-0.1689690998858558,0.5085183912452096,716.10487546717,5.754414731347208,0.7838720210228319,1060,Yes,9.0990891456604
0.1,0.01,2.0,1,2,-6.584924650200326,0.0191618097979997,0.4827921869810166,-0.1705331645352927,0.5065021405872225,724.0964850863302,5.799669089481898,0.78586782984359,1060,Yes,9.161702156066896
0.1,0.01,2.0,3,2,-6.58506681492377,0.0133262050879416,0.4784845320955101,-0.1745289058991491,0.5036760656421779,724.1994333805138,5.801535619839888,0.7856192575309766,1060,Yes,9.203552961349487
0.1,0.01,2.0,2,2,-6.585010808580698,0.0131834989548446,0.4784837648533683,-0.1745289058991491,0.5036760656421779,724.1588747543764,5.799402640765069,0.7787518780022259,1060,Yes,9.210912942886353
0.1,0.01,5.0,2,2,-6.63001431099377,0.0211268604062373,0.4847328719486886,-0.1693427792953485,0.5078759569260703,757.493011042003,5.945374995622724,0.7859799446057792,1060,Yes,9.004462242126465
0.1,0.01,5.0,1,2,-6.630064273859977,0.0211143587464338,0.4847457078547464,-0.1693427792953485,0.5078759569260702,757.5308585094424,5.946577458722946,0.7856213509530536,1060,Yes,9.060763120651243
0.1,0.01,5.0,3,2,-6.630052229970215,0.0193236424343836,0.4827063170855566,-0.1705331645352927,0.5065021405872225,757.5217349462323,5.946727540468874,0.7855615736631368,1060,Yes,9.279948711395264
0.1,0.05,0.01,3,4,-6.674270487309412,0.0180280834974864,0.46851716045096,-0.1420052780957182,0.4922598819894976,791.7696371404506,5.693007157589757,0.8640539359284868,1060,Yes,9.45215129852295
0.1,0.05,0.01,2,4,-6.676768351984552,0.0175390298265917,0.4673056139874518,-0.1775065290030054,0.4313861186523248,793.7498426610256,5.693345435311032,0.8592827810789629,1060,Yes,8.564957618713379
0.1,0.05,0.01,4,3,-6.676140317931258,0.0157337249185395,0.4856832423454256,-0.2550463874991918,0.4570262540546187,793.2514972353671,5.694881297701666,0.831344586442245,1060,Yes,9.327426671981812
0.1,0.05,0.05,4,3,-6.621666228199106,0.0215977306552,0.4861140705295024,-0.1922354917712787,0.5089616442362341,751.1957184013577,5.69822671780853,0.7917300095213401,1060,Yes,9.52208375930786
0.1,0.05,0.05,2,6,-6.624866135727146,0.0204335473930901,0.4847967677832019,-0.0787175082848132,0.3880984886785982,753.6033252409546,5.687137241746237,0.9368313374894236,1190,Yes,11.093788385391235
0.1,0.05,0.05,3,4,-6.621180137710264,0.0182384342591966,0.4682176434368822,-0.1373256646693646,0.4751380381542455,750.8306580407569,5.698298382556067,0.8523225975435292,1060,Yes,9.26091766357422
0.1,0.05,0.1,2,4,-6.603904436171001,0.0216502311474628,0.4657954546460893,-0.1376224702911139,0.4102602665052766,737.9709319115267,5.69882772489495,0.8897946072048913,1060,Yes,9.254425287246704
0.1,0.05,0.1,3,6,-6.602240354317411,0.021056991392261,0.4861051201879464,-0.052735803358422,0.4543801150281613,736.7439090916132,5.693456646881427,0.902714045499184,1060,Yes,9.685406684875488
0.1,0.05,0.1,5,4,-6.6165646578311605,0.0208162082924253,0.4652096016255327,0.0055858635181688,0.5249090958569829,747.3731992993344,5.745062459439319,0.7923982042650431,1060,Yes,8.618481159210205
0.1,0.05,0.5,2,2,-6.576575558680418,0.0212358335202928,0.4862724545954036,-0.2642723362694149,0.5199036533419998,718.076104588993,5.725501571413751,0.7254192987569977,1060,Yes,8.756516933441162
0.1,0.05,0.5,3,3,-6.577227664225156,0.0208104121271149,0.4858872512092336,-0.1335894670057504,0.4806306111719101,718.5445187094627,5.7276459797965344,0.8470445490085678,1060,Yes,8.55592131614685
0.1,0.05,0.5,5,3,-6.554558407850258,0.0156035003720888,0.4763244530924047,-0.2620326079560182,0.5096527776064818,702.4388898243839,5.696036335948521,0.7030084156114235,1060,Yes,8.967201709747314
0.1,0.05,1.0,4,2,-6.574318926011297,0.0213764160246008,0.4860887918270647,-0.1689690998858558,0.5085183912452095,716.4574975800708,5.753716983549778,0.7763860505820152,1060,Yes,9.1271710395813
0.1,0.05,1.0,1,3,-6.577013855914176,0.0213633615270377,0.48606241103826,-0.1889315896661295,0.4808878077612691,718.3909043421527,5.747917244279189,0.8149630776740124,1060,Yes,9.257017612457275
0.1,0.05,1.0,2,2,-6.576235835247164,0.021292388359866,0.4861985690258579,-0.2642723362694149,0.5199036533419998,717.832198742016,5.750295090355452,0.7222065807066635,1060,Yes,8.757799625396729
0.1,0.05,2.0,4,2,-6.587797261125875,0.0214558376766282,0.4859850321128017,-0.1689690998858558,0.5085183912452095,726.1795230068683,5.811012587921194,0.7754487803515309,1060,Yes,9.20596432685852
0.1,0.05,2.0,2,2,-6.588676663319903,0.0130418477336145,0.4784830032828317,-0.1745289058991491,0.5036760656421779,726.8184077498082,5.798936043594882,0.778882917271952,1070,Yes,9.13677740097046
0.1,0.05,2.0,3,2,-6.585956246584945,0.0129982896150621,0.4784827690979131,-0.1745289058991491,0.5036760656421779,724.8438458235,5.798150580820484,0.7862072111718591,1060,Yes,9.281356811523438
0.1,0.05,5.0,4,2,-6.630530935849804,0.0215692971795244,0.4858368039495689,-0.1689690998858558,0.5085183912452096,757.8844518651022,5.944143998337922,0.7790849717117174,1060,Yes,8.902000665664673
0.1,0.05,5.0,1,2,-6.631428745688669,0.0214390232353648,0.4860069991907515,-0.1689690998858558,0.5085183912452096,758.5651935252625,5.946092312507011,0.7784265696922429,1060,Yes,9.004714488983154
0.1,0.05,5.0,2,2,-6.63150132849973,0.0210331430203364,0.4848290949766964,-0.1693427792953485,0.5078759569260703,758.620254317591,5.946801076124652,0.7855645616532595,1060,Yes,9.303326606750488
0.1,0.1,0.01,1,5,-6.680175886249416,0.0209150977823663,0.4856252415195186,-0.0617930361634099,0.4747653081538592,796.4591859160319,5.681893649494613,0.9294922975951334,1060,Yes,9.35008978843689
0.1,0.1,0.01,4,4,-6.675859544527885,0.0175362533121494,0.4673920896518957,-0.2234467259287287,0.4534562861084193,793.0288045773079,5.690267258195327,0.8061100453827609,1060,Yes,9.624653100967407
0.1,0.1,0.01,3,5,-6.657527471951307,0.0103831213728502,0.4933404261446986,-0.0859246494251934,0.4652568064519958,778.6233869842107,5.744568621460281,0.9563633709173184,1060,Yes,9.355126142501833
0.1,0.1,0.05,1,4,-6.627362537959901,0.0207854749337504,0.4863859327643333,-0.0930802372961669,0.5428094084289619,755.4869724570116,5.686756997705652,0.8954339451950675,1060,Yes,9.555421352386476
0.1,0.1,0.05,3,5,-6.624093743918287,0.0201624734962712,0.4854130790414299,-0.0972448534834215,0.4366422356064621,753.0214729433114,5.690954305662598,0.8779414836564975,1060,Yes,9.211572408676147
0.1,0.1,0.05,4,6,-6.623065166277987,0.0168819000437053,0.4677275346878901,-0.0236362130010746,0.4822837241021413,752.2473300948402,5.687418987194746,0.8931852695399872,1060,Yes,9.640970706939695
0.1,0.1,0.1,4,7,-6.577093069574962,0.0229634563898051,0.4892592693147585,-0.0497167546944345,0.5040428772856185,718.4478129695018,5.661536177808008,0.9132107686990808,1100,Yes,9.970991849899292
0.1,0.1,0.1,1,5,-6.610864062248685,0.0203578035626234,0.484592803444679,-0.0106060316167625,0.3593158754283759,743.1248475134695,5.69814641720316,0.8930556011766443,1060,Yes,8.716663122177124
0.1,0.1,0.1,3,4,-6.607007994895984,0.0201860753108932,0.4850656137949061,-0.1294950179907588,0.436598895004332,740.2648258120125,5.699473745496575,0.8903554966606864,1090,Yes,8.923570156097412
0.1,0.1,0.5,4,3,-6.578780355731398,0.020629098346667,0.484263869278011,-0.1482092533780733,0.4522575621824843,719.6610632808372,5.725626760215264,0.8455505245722329,1060,Yes,8.596718311309814
0.1,0.1,0.5,1,4,-6.576603577153898,0.0205838862893951,0.4840822687196501,-0.1387261736270049,0.4175256593448819,718.096224267146,5.726226562008036,0.8729124696548192,1080,Yes,9.400022268295288
0.1,0.1,0.5,2,3,-6.5663678528498295,0.0181450033025823,0.4764268569478825,-0.1294734337272534,0.4799748538366933,710.7834787614879,5.708887206280307,0.7226979407484807,1060,Yes,8.692198276519775
0.1,0.1,1.0,4,3,-6.581125472281342,0.021189963120894,0.4853399941327343,-0.2226879722854672,0.4687461525105531,721.3507328123069,5.74883692820974,0.809802622415518,1060,Yes,9.133197546005247
0.1,0.1,1.0,1,3,-6.576739464964804,0.0193030022867426,0.482456949919758,-0.1010475159818638,0.457207100393502,718.1938114213837,5.749860753813376,0.850300515235222,1060,Yes,9.231219291687012
0.1,0.1,1.0,3,3,-6.5673004516364815,0.0134511253474717,0.4382696081961447,-0.1303049351977691,0.4665154751175197,711.4466637660519,5.74406717648687,0.6669325359720224,1060,Yes,8.926868438720703
0.1,0.1,2.0,1,2,-6.5897413873828885,0.0215978657005101,0.4857994808582113,-0.1689690998858558,0.5085183912452096,727.5926809184515,5.801734341153296,0.7853438837374576,1070,Yes,8.974149942398071
0.1,0.1,2.0,2,2,-6.5865226088961375,0.0215637001556431,0.4858441161318747,-0.1689690998858558,0.5085183912452097,725.2544863339521,5.80232392404784,0.7850564463949646,1060,Yes,9.15665054321289
0.1,0.1,2.0,3,3,-6.590551459162185,0.0187217994940531,0.482298040789528,-0.147137362139142,0.4249183026829986,728.182322009646,5.808523646073,0.8533033904567785,1060,Yes,8.671428203582764
0.1,0.1,5.0,3,2,-6.634741783780339,0.0190730268470195,0.4828392960369503,-0.1705331645352927,0.5065021405872225,761.0825165974834,5.951664445244069,0.7739114882871899,1060,Yes,8.9927499294281
0.1,0.1,5.0,1,2,-6.632274168658907,0.0128622719467636,0.4749317161015599,-0.1748981596337509,0.501287557084675,759.2067731291457,5.945429676108066,0.7945632366066331,1060,Yes,8.843161344528198
0.1,0.1,5.0,2,2,-6.63861451617055,0.0109921637513278,0.4646588938694346,-0.1775281756230381,0.4932003800505331,764.0357002651555,5.961437371498704,0.7700952310171006,1060,Yes,8.65229344367981
0.1,0.5,0.01,3,9,-6.690031533763272,0.0158051853387416,0.4858834687024929,-0.1137377572564878,0.4979984110599563,804.3476158513798,5.643442153595318,0.9449899806102252,1090,Yes,9.995192527770996
0.1,0.5,0.01,5,11,-6.664681270969608,0.0106260581513063,0.4765432819033192,-0.1157476928105275,0.4067100128156239,784.2134735432861,5.603186276934718,0.9421095925859364,1400,Yes,13.140020608901978
0.1,0.5,0.01,1,3,-6.698235708500043,0.0063026564952929,0.4588207214266616,-0.2807428298766357,0.4775821348007086,810.9737681301802,5.695203009995697,0.747328875419755,1140,Yes,9.385796785354614
0.1,0.5,0.05,3,7,-6.641037167892126,0.0206461104637141,0.4846720283444967,-0.1238687847312623,0.4695744193048989,765.8889366364666,5.672784347460957,0.9110201737919104,1080,Yes,9.53966236114502
0.1,0.5,0.05,5,7,-6.650815313889359,0.018612159142081,0.4844969127126252,-0.0989255791481806,0.491878471295067,773.4146442481216,5.650343362382646,0.9482590601332074,1060,Yes,9.060824871063232
0.1,0.5,0.05,1,5,-6.642735386344408,0.0088140291219551,0.4630703167898938,-0.1746283202780554,0.4861851781180406,767.1906883776265,5.695364460832887,0.882478588824712,1210,Yes,10.33376431465149
0.1,0.5,0.1,3,5,-6.619100848674241,0.0198660275674111,0.4843102547469571,-0.0991063515641355,0.49155529787968,749.2710860479484,5.682897450354695,0.9172028626653804,1080,Yes,9.224928617477415
0.1,0.5,0.1,5,6,-6.625853739796922,0.0193839869754802,0.487098923030062,-0.1093177611742158,0.4640714778598306,754.3479545909239,5.667588462293286,0.9215876755047616,1100,Yes,9.99848699569702
0.1,0.5,0.1,1,4,-6.626945709692025,0.0091164963342808,0.4628587712784612,-0.1265009444543996,0.4877552349834861,755.1721297531074,5.704787317188158,0.911561572978522,1060,Yes,8.83651614189148
0.1,0.5,0.5,2,3,-6.596468018643163,0.0204880496701878,0.4821118786981095,-0.126514232188635,0.4730435539457358,732.5034264613107,5.729064354653164,0.7987094291900815,1060,Yes,8.900909900665283
0.1,0.5,0.5,3,4,-6.57749680446334,0.0161630731843524,0.4807918499719225,-0.1514467550921295,0.4630040421412905,718.7379339791217,5.711996381412374,0.7794780206352062,1100,Yes,9.176313877105711
0.1,0.5,0.5,4,4,-6.5696794518706,0.0138343150810152,0.4817587099442635,-0.1198691084013363,0.4975349618391398,713.1412104099351,5.700073061803912,0.854223629359716,1120,Yes,9.426897287368774
0.1,0.5,1.0,3,3,-6.581451031397013,0.0215165231979404,0.4858625361662613,-0.0986189757276389,0.4625948997934938,721.5856133506456,5.747843222237562,0.861622422507145,1070,Yes,8.734556674957275
0.1,0.5,1.0,4,3,-6.588615820616268,0.0125577580152491,0.4856666780563157,-0.1333086118048917,0.4946724973352577,726.7741874980823,5.753168758559414,0.8101097906841254,1060,Yes,8.538022994995117
0.1,0.5,1.0,1,3,-6.592300233759057,0.0091481480268095,0.462650750536356,-0.1618478811943387,0.4244139633305956,729.4568628737926,5.767238886222655,0.8319956147839803,1060,Yes,8.30925178527832
0.1,0.5,2.0,3,3,-6.595986460417121,0.0213198441234895,0.4854433439117276,-0.1424894647560892,0.4420049497593583,732.1507683302215,5.801838969161347,0.8846184657428563,1080,Yes,8.462167501449585
0.1,0.5,2.0,5,3,-6.593820504893367,0.0107379346024538,0.4754480069741752,-0.1488013673198313,0.4528740669674032,730.5666784827084,5.798805917972856,0.8645669187084959,1060,Yes,7.92602801322937
0.1,0.5,2.0,4,2,-6.595560140189162,0.0098156335802085,0.4636461575976657,-0.2706916430723016,0.5084151449459924,731.8387041721246,5.816789839310986,0.7251025702628265,1060,Yes,8.032473802566528
0.1,0.5,5.0,5,2,-6.634698682434747,0.0191945750915263,0.4827748014128598,-0.1705331645352927,0.5065021405872224,761.0497136238426,5.944535999050958,0.7862184282409119,1060,Yes,8.799534797668457
0.1,0.5,5.0,2,2,-6.640981126691766,0.0138661441451172,0.4784874350120819,-0.1745289058991491,0.503676065642178,765.8460165037745,5.952384534093946,0.7848499572829768,1060,Yes,8.91055679321289
0.1,0.5,5.0,4,2,-6.637241607719374,0.0136949833378031,0.485484833941092,-0.1750243189066279,0.5087346865028244,762.9874689227444,5.9512406262854745,0.7853303109997789,1060,Yes,8.606559991836548
0.1,1.0,0.01,1,8,-6.716981252699642,0.0168919689838555,0.4675956348507916,-0.0945125191236345,0.4246352056821398,826.3192934977467,5.665508272427799,0.9689612289225822,1060,Yes,9.914529085159302
0.1,1.0,0.01,2,10,-6.699517949263764,0.0146934667436049,0.486858200542243,-0.1170669208397895,0.4502923963690117,812.014298716787,5.671322730526778,0.9358538811892556,1280,Yes,11.458583116531372
0.1,1.0,0.01,4,12,-6.7133416942107775,0.0115033239691153,0.4651015054069594,-0.1354620720300345,0.5254896633868167,823.3173223371664,5.6782164825408525,0.9206024502595512,1550,Yes,14.14970874786377
0.1,1.0,0.05,5,6,-6.661872112335008,0.0161313506336717,0.4630349864796655,-0.1181048299418887,0.4801286206140018,782.0135848575391,5.69942207809037,0.8961249825870726,1360,Yes,10.636273860931396
0.1,1.0,0.05,1,6,-6.6554174342442325,0.0153060378191443,0.4855499813978344,-0.1575173618574579,0.4168833863687294,776.9821943761253,5.6905530808682325,0.906132989335186,1130,Yes,9.748127460479736
0.1,1.0,0.05,4,12,-6.671272453914546,0.0113375439323945,0.4669752168520582,-0.1019565779577516,0.4312650398684635,789.3994400675685,5.673435290704546,0.9456345373545936,1340,Yes,12.686156034469604
0.1,1.0,0.1,1,7,-6.639414926344578,0.0155218534904186,0.4805718494957181,-0.1102156186632997,0.4188434058463732,764.6474870204779,5.673842209850534,0.9362461843252612,1120,Yes,9.723443269729614
0.1,1.0,0.1,2,9,-6.6363816691763695,0.0149419824484992,0.4840134736181842,-0.0570440820537656,0.4460317545472819,762.3316286219805,5.71448486704266,0.9279181862973914,1120,Yes,9.799661874771118
0.1,1.0,0.1,3,10,-6.614332183895312,0.0129446119238549,0.4770076206962709,-0.0606647235023024,0.4658190198950226,745.7065691579215,5.626355669941682,0.918325540555484,1080,Yes,9.9334979057312
0.1,1.0,0.5,1,3,-6.592656426898245,0.0155238580023367,0.4767272336395282,-0.1293345368428114,0.4748835654963437,729.7167366835679,5.708604802351881,0.706182096317353,1060,Yes,8.411086797714233
0.1,1.0,0.5,5,4,-6.571441666198416,0.0142795983659098,0.475851628345841,-0.0906006439751447,0.5054673183259342,714.3990260135126,5.701182079365583,0.7155904682304722,1060,Yes,9.08789610862732
0.1,1.0,0.5,2,3,-6.600449795465615,0.0137504783289402,0.4606451716541613,-0.2172382243271674,0.490977296421409,735.4259060967847,5.731714429442492,0.7756136330537289,1100,Yes,9.471529960632324
0.1,1.0,1.0,1,3,-6.592017074318377,0.0202057847833562,0.484688626001075,-0.1607714736333492,0.4332829772387237,729.2503395173995,5.752616806464541,0.8515188744724155,1060,Yes,8.74348497390747
0.1,1.0,1.0,2,3,-6.596171062868828,0.0164146112225349,0.4842452993075594,-0.2192074133739956,0.4818734551221103,732.285937632983,5.799542233152836,0.7748397250588456,1060,Yes,8.873342037200928
0.1,1.0,1.0,5,2,-6.594806442059983,0.0129544349124563,0.4748342371871523,-0.17638282005578,0.50081595764545,731.2873265221816,5.772571922762459,0.7689103867921222,1060,Yes,8.487130880355835
0.1,1.0,2.0,1,2,-6.600372232953404,0.0212227026614103,0.4862896092897585,-0.1689690998858558,0.5085183912452097,735.3688668280457,5.805062845996733,0.7733113068012312,1090,Yes,9.245086431503296
0.1,1.0,2.0,4,3,-6.603117590867788,0.0137400474537508,0.4676942323010374,-0.136039115879578,0.5431101400404514,737.390491338261,5.835399788480425,0.8755671910546236,1110,Yes,8.716965913772583
0.1,1.0,2.0,5,3,-6.607289249519514,0.0116231724621433,0.4546928013327883,-0.1948665152998991,0.436988598928658,740.4730579986691,5.8382152554944655,0.8447794282648701,1060,Yes,8.590675354003906
0.1,1.0,5.0,1,2,-6.637410605436937,0.0189052652744205,0.482928311880869,-0.1705331645352927,0.5065021405872225,763.1164229596836,5.94889084532034,0.7743776457256081,1060,Yes,8.916866064071655
0.1,1.0,5.0,4,2,-6.641034173557955,0.013520208490256,0.4673228432272521,-0.1778957871239354,0.4933350947975728,765.8866433124861,5.978406144145197,0.7705182179280742,1060,Yes,8.88463568687439
0.1,1.0,5.0,3,2,-6.638586955735789,0.0105347765117585,0.4642651830585036,-0.1775281756230381,0.4932003800505331,764.0146433992528,5.960432629369863,0.7921568554767969,1060,Yes,8.871145963668823
0.1,2.0,0.01,2,8,-6.730047691959265,0.0181774715182057,0.4816750549088083,-0.138319223637484,0.4695383188054503,837.18719209952,5.639656588585526,0.9207798641414884,1250,Yes,11.15048336982727
0.1,2.0,0.01,5,9,-6.722879181635853,0.0165492844833438,0.4669988848944977,-0.1684751904137577,0.4147364781653355,831.2072662581745,5.64454544594548,0.925179324108346,1110,Yes,10.18572449684143
0.1,2.0,0.01,1,10,-6.717512218705922,0.0106326249487821,0.4640170957691311,-0.1336215901482773,0.4193948612267509,826.7581574535375,5.6744453120633445,0.9588029088769552,1520,Yes,13.184018850326538
0.1,2.0,0.05,5,6,-6.660723149656671,0.0193591853554736,0.4841211584487178,-0.1453239343028895,0.4736004511206569,781.1155964109781,5.661276948352774,0.8992799232418062,1400,Yes,11.49083399772644
0.1,2.0,0.05,2,8,-6.67288235298651,0.0191658685060181,0.4830591460710781,-0.142531673471496,0.4263369046457133,790.6713170155996,5.648146899925799,0.9320194112440422,1140,Yes,10.32283878326416
0.1,2.0,0.05,4,11,-6.640236376034336,0.0124767171292482,0.4777751345045532,-0.0883448749304692,0.4511058595882665,765.2758645163797,5.579299642886127,0.9398585304318726,1100,Yes,11.06885051727295
0.1,2.0,0.1,2,5,-6.659065129618986,0.0219124238559907,0.4631717301451657,-0.1828366352417056,0.4620067931765372,779.8215641625235,5.666279385835602,0.8906994127998192,1290,Yes,10.581300497055054
0.1,2.0,0.1,5,6,-6.64290491814877,0.0202882067974309,0.485356268963315,-0.1584964577439641,0.4657449816154424,767.3207626248662,5.680357596702523,0.9028654536270672,1060,Yes,9.169354438781738
0.1,2.0,0.1,4,7,-6.629948460809775,0.012502778706499,0.4768826941205907,-0.0647992656193064,0.4795672366459979,757.4431316301528,5.6609461457010894,0.8890138459998919,1160,Yes,10.059494733810425
0.1,2.0,0.5,5,3,-6.599978172543978,0.0193323000942587,0.4822241742583373,-0.1418120553026078,0.4659459886725241,735.0791441591703,5.71846837930442,0.797726952981732,1220,Yes,9.308210849761965
0.1,2.0,0.5,2,4,-6.610267030273235,0.0181447067483285,0.4813835199421533,-0.1605088160922505,0.438343327710507,742.6813106337772,5.713641066171996,0.8785630677580126,1080,Yes,9.24690556526184
0.1,2.0,0.5,1,3,-6.603616468776534,0.0108071884084597,0.4467225838246688,-0.1341663008696865,0.4597793339228403,737.758450940336,5.747422843178441,0.7387003792071546,1060,Yes,8.471627473831177
0.1,2.0,1.0,2,3,-6.596807579079143,0.0190245833926584,0.484987385938695,-0.1928857159668348,0.4652377433398319,732.7521978782316,5.746797186119077,0.8442431225618275,1220,Yes,9.168018817901611
0.1,2.0,1.0,5,3,-6.596567754740115,0.0185893510096168,0.4837066825322476,-0.1820401225682625,0.4560446097440642,732.5764871374026,5.744614143071453,0.8561128489535355,1100,Yes,8.565028667449951
0.1,2.0,1.0,1,3,-6.590655653800049,0.0099290515881523,0.4647036166677586,-0.2186936276647803,0.4689114086330721,728.2581986558876,5.774158711075094,0.8663465948986215,1060,Yes,8.074909687042236
0.1,2.0,2.0,3,2,-6.60495710233178,0.0126245726673426,0.4660640424667155,-0.1775281756230381,0.4932003800505331,738.748177957722,5.829408901001615,0.7519852949839195,1070,Yes,9.07880401611328
0.1,2.0,2.0,2,3,-6.60085936212942,0.0099605864328062,0.4754391400241546,-0.1226934656679899,0.4480007211028857,735.7271737219967,5.796405271635115,0.8872851153255272,1080,Yes,8.810474395751953
0.1,2.0,2.0,5,3,-6.598179537311418,0.0095998487166026,0.4753537973794747,-0.1974878961303691,0.465734311680364,733.7581932223288,5.802390284245409,0.8659681732471389,1060,Yes,8.405282258987427
0.1,2.0,5.0,2,2,-6.6406411474000935,0.0214859200585887,0.4859457312511741,-0.1689690998858558,0.5085183912452096,765.5856889730453,5.942028562851264,0.7793695809558082,1060,Yes,9.20553469657898
0.1,2.0,5.0,1,2,-6.6460841671807245,0.0157220978214246,0.4686547449388311,0.0099602059529838,0.4636568647288111,769.7641484245406,5.981433700293072,0.2536672371453328,1060,Yes,8.597777843475342
0.1,2.0,5.0,3,3,-6.640844760539296,0.0148297358941539,0.4668579098280375,-0.1435034381242723,0.4612857685069919,765.7415881495274,5.960518813602106,0.8842246283290617,1060,Yes,8.337560176849365
0.1,5.0,0.01,5,8,-6.725700001817765,0.0207016977086393,0.4854774793273529,-0.0952595688728984,0.4045955205879107,833.5552625709587,5.65582244500798,0.9627149102864788,2720,Yes,19.0435848236084
0.1,5.0,0.01,3,8,-6.7421727369488655,0.0125202304082638,0.4860434298417447,-0.0494754855001684,0.4731615745459619,847.3999142061833,5.650999184352497,0.9564835290889177,1120,Yes,9.66547918319702
0.1,5.0,0.01,2,7,-6.717142344567487,0.0101225359210828,0.4745305199509979,-0.1670453534545562,0.4655978290533221,826.4524175384843,5.634934136073451,0.93450904979698,1520,Yes,12.585692644119264
0.1,5.0,0.05,5,6,-6.661376074271141,0.0195991702326618,0.4861423388604091,-0.1299013310962325,0.4644632139811612,781.6257725457749,5.669666601710146,0.9500421517291288,1680,Yes,12.931168794631958
0.1,5.0,0.05,2,7,-6.64260474777653,0.0130330579382708,0.4749067394770159,-0.0832032430349803,0.4444973803211478,767.0904702311276,5.640779920872896,0.9259954214145738,1140,Yes,9.720109462738035
0.1,5.0,0.05,1,5,-6.669632200165807,0.0116850320686879,0.4846338867109893,-0.1239969327518004,0.4605785658257081,788.10568600928,5.682852209924789,0.9256556179301856,1130,Yes,9.499480485916138
0.1,5.0,0.1,5,3,-6.644175190739667,0.0206652850131019,0.4857545711665956,-0.1372921677791488,0.4825999472359324,768.2960884917649,5.682448480034307,0.8619564508708489,1060,Yes,8.607480525970459
0.1,5.0,0.1,2,6,-6.648933318030889,0.0198737196041765,0.4841007552259945,-0.2149112426537877,0.4430054722170267,771.9604499138428,5.677115746471884,0.8755419446340527,1130,Yes,9.982059478759766
0.1,5.0,0.1,1,4,-6.652899096267437,0.0116187813049021,0.4850160219591291,-0.171196844747434,0.4126019624134276,775.0279523624946,5.687695082620498,0.8996778318055811,1110,Yes,9.567988872528076
0.1,5.0,0.5,5,3,-6.607491224575059,0.02064998205313,0.4851464272318359,-0.1726055914546217,0.4498444731752872,740.6226301901056,5.710672581786183,0.8360070211211176,1060,Yes,8.866206884384155
0.1,5.0,0.5,2,3,-6.598807574281819,0.0202765189484963,0.4843756211759374,-0.1800807998449362,0.4478164963693059,734.2191652335886,5.72001870280913,0.8877167649738604,1130,Yes,9.188565015792848
0.1,5.0,0.5,4,3,-6.582877431844606,0.0154357857431086,0.481516144244474,-0.1028154126551508,0.5395433403365348,722.6156178172829,5.710281575486263,0.7655532863823341,1060,Yes,8.417147397994995
0.1,5.0,1.0,2,3,-6.59402129254325,0.0131326879610401,0.4778158078291777,-0.1352568564496569,0.4557317790192124,730.7133819767956,5.744169086930507,0.8530862947093923,1120,Yes,8.67117714881897
0.1,5.0,1.0,4,3,-6.605870229308727,0.0126251787043787,0.4856487025853138,-0.1320185749556151,0.4564277388767921,739.4230569263889,5.751487957645564,0.8682292512531653,1060,Yes,8.785445928573608
0.1,5.0,1.0,5,3,-6.601988236982567,0.0109647542468971,0.4736356318572041,-0.1856028338751984,0.4506327734856888,736.5581865937049,5.741843399897991,0.8658966333037785,1060,Yes,8.683350801467896
0.1,5.0,2.0,5,3,-6.601486615255501,0.0211140101285764,0.4846792347040395,-0.0988992352847584,0.4621130740541393,736.1888056565584,5.794425812706763,0.8628679962479042,1120,Yes,8.867344379425049
0.1,5.0,2.0,4,2,-6.602746427862084,0.0140854481245161,0.4784886140732141,0.0132976638613222,0.4784843786470819,737.1168500530212,5.810993299825774,0.35100428205092,1130,Yes,9.247838258743286
0.1,5.0,2.0,2,2,-6.603240189843327,0.0107952290070226,0.4644893759398266,0.0087987592754888,0.4627708502596145,737.4809001989753,5.813372288900916,0.3433895123366579,1070,Yes,9.126623630523682
0.1,5.0,5.0,5,3,-6.642789185200403,0.0217576045411383,0.4855477971622011,0.0519020475031787,0.4321067198472016,767.2319634692577,5.944981217362205,0.7239367853048946,1060,Yes,9.23055648803711
0.1,5.0,5.0,2,2,-6.640519920582086,0.0216654197002757,0.485711225533195,-0.1689690998858558,0.5085183912452097,765.4928850813333,5.943107554942709,0.7863959501227966,1060,Yes,8.623510122299194
0.1,5.0,5.0,4,2,-6.642405475103906,0.0137178142119515,0.4854730730396353,-0.1750243189066279,0.5087346865028244,766.9376252923955,5.95090626855362,0.7862164552703309,1210,Yes,9.72124481201172
0.5,0.01,0.01,2,4,-6.6698113315215215,0.0204701382080305,0.4858391874110015,-0.1684368946441734,0.4444738738993566,788.2468730944009,5.691202609608371,0.8654566085028297,1060,Yes,9.590146780014038
0.5,0.01,0.01,1,5,-6.671147054308989,0.0160879621462609,0.4856580252022826,0.0081839931786624,0.3483403845110885,789.3004558955747,5.689139488793699,0.8797235633641171,1060,Yes,9.3031587600708
0.5,0.01,0.01,3,6,-6.670927688340309,0.0159583506245663,0.4858644517480651,-0.0827274087367585,0.4452203553018932,789.1273292262318,5.681946131415844,0.937364116089428,1060,Yes,9.583375453948976
0.5,0.01,0.05,1,4,-6.619623740798972,0.0189751704481312,0.4853091930214331,-0.1643442558807943,0.4202857919332715,749.6629764474046,5.69578748530077,0.8900793448288316,1060,Yes,9.28336501121521
0.5,0.01,0.05,4,4,-6.619619863637005,0.0168523269516036,0.4672601164307464,-0.0327706368026702,0.3883200242536302,749.6600698882585,5.695826838181206,0.8256183279495252,1060,Yes,8.678544998168945
0.5,0.01,0.05,2,4,-6.620996805356622,0.0159968444546733,0.4856969617579104,-0.1040064603661189,0.4119035315604149,750.693019106252,5.6989802016573,0.8952196708220346,1060,Yes,9.239333152770996
0.5,0.01,0.1,2,4,-6.600796113609965,0.0203887813064861,0.4854410257891285,-0.1025202938151309,0.4118636691561271,735.6806415390976,5.704917182439102,0.8953133923719652,1060,Yes,8.93245792388916
0.5,0.01,0.1,3,4,-6.600193302856591,0.0200864659346314,0.4856414616040673,-0.0192531270017968,0.4284649116947359,735.2372989765862,5.701790010264344,0.8230175805210131,1060,Yes,8.872290849685669
0.5,0.01,0.1,1,4,-6.601021135150168,0.0190477270737205,0.4845333917789508,-0.0537487691191179,0.378248618948641,735.8462041570331,5.698958014284699,0.8240084442909043,1060,Yes,9.125096559524536
0.5,0.01,0.5,3,3,-6.573724608623969,0.0195830512672525,0.4852073961786031,-0.1635337422571607,0.4601408248851503,716.0318209380223,5.730978870364747,0.8460473405005055,1060,Yes,7.804895639419556
0.5,0.01,0.5,2,3,-6.573378905661906,0.0189260736365465,0.4828054377248271,-0.0997920242147166,0.4610827118000035,715.7843293983366,5.721413904130179,0.8576782670599443,1060,Yes,9.045109987258911
0.5,0.01,0.5,5,3,-6.571419372834832,0.01457133339179,0.4628715509838182,-0.2150905805880255,0.4855951314871362,714.3830998338066,5.72515625077106,0.7247163841183035,1070,Yes,9.027223587036133
0.5,0.01,1.0,1,3,-6.57275928902864,0.0212203109943577,0.4852921617834024,-0.2226879722854672,0.4687461525105531,715.3409548973028,5.748441863264172,0.8097977366145704,1060,Yes,9.215015888214111
0.5,0.01,1.0,3,3,-6.573743155479773,0.0208458946348002,0.4857813147220708,-0.140814454001811,0.4474178307300988,716.0451012001095,5.7580664539228,0.8532602945797741,1060,Yes,8.812194347381592
0.5,0.01,1.0,2,2,-6.57315957922635,0.0189514273707005,0.4829038178451148,-0.3223927168892125,0.5255250602052817,715.6273561875593,5.746128889903353,0.6357536856202551,1060,Yes,9.022615671157835
0.5,0.01,2.0,2,2,-6.584902010398285,0.0190808934798077,0.4828351219287467,-0.2654453847564926,0.5183914653485096,724.0800918708201,5.801000581789338,0.7260506947447064,1060,Yes,9.154178619384766
0.5,0.01,2.0,1,2,-6.585010037582529,0.0131834989548446,0.4784837648533683,-0.1745289058991491,0.5036760656421779,724.1583164294249,5.79998357041007,0.7860609928389574,1070,Yes,9.19474744796753
0.5,0.01,2.0,4,2,-6.584995318779567,0.0104911749799878,0.4757251929045023,-0.1762419812962689,0.5018634855232934,724.1476577642941,5.801581823556851,0.7868899526258218,1060,Yes,8.951698780059814
0.5,0.01,5.0,1,2,-6.6300890452432615,0.0212518770042725,0.4846045128881095,-0.1693427792953485,0.5078759569260702,757.5496238291087,5.945912586160151,0.7858243738104201,1060,Yes,9.886392593383787
0.5,0.01,5.0,2,2,-6.630046764643218,0.0132976638613222,0.4784843786470818,-0.1745289058991491,0.503676065642178,757.5175948535575,5.946878336687306,0.7856616895244987,1060,Yes,9.989449739456177
0.5,0.01,5.0,3,2,-6.630032767208207,0.0127437832594195,0.4749016158108273,-0.1748981596337509,0.501287557084675,757.506991624463,5.945006298060389,0.785971539592559,1060,Yes,10.444609880447388
0.5,0.05,0.01,4,3,-6.673317642661372,0.016498253617769,0.4859548594710695,-0.2288241740573806,0.4622924513928616,791.0155629940307,5.697012120017448,0.8176253817094556,1060,Yes,9.247669458389282
0.5,0.05,0.01,2,4,-6.673421393945729,0.0163232646687825,0.4868375414147123,-0.181338536325979,0.4717825379314512,791.0976361321606,5.69523563331097,0.8706035440106572,1060,Yes,9.467662811279297
0.5,0.05,0.01,1,4,-6.67461695295044,0.0155099558236699,0.4867996875237269,-0.165100812051534,0.4422514862801225,792.0440056422134,5.699318066810775,0.8636226805711639,1080,Yes,9.882855653762816
0.5,0.05,0.05,3,5,-6.624136849131064,0.0175067180328352,0.4670015105688416,-0.1592707544267673,0.4461068221883204,753.0539327937176,5.693618631418849,0.8790994529751007,1060,Yes,9.974276781082152
0.5,0.05,0.05,4,5,-6.619986110192594,0.0168478429473802,0.4857241501321631,-0.0654270359237713,0.4513422792633642,749.9346805912601,5.696735086421029,0.9105033061873028,1060,Yes,10.560646295547484
0.5,0.05,0.05,2,4,-6.621864899531048,0.0161958235813293,0.4851606068363319,-0.1273304136593152,0.4104549679063254,751.344974281223,5.695556604758648,0.8983393412082622,1060,Yes,9.61596941947937
0.5,0.05,0.1,4,4,-6.60302227356715,0.0215034520424327,0.4859303259392958,-0.0902726870480843,0.4872835631229429,737.3202086167439,5.700365872187652,0.8646891096336858,1060,Yes,9.055066347122192
0.5,0.05,0.1,2,3,-6.60499643044491,0.0209096730259194,0.4852336382996942,-0.2209083951206134,0.4833683201206084,738.7772321009577,5.6987608714702604,0.803811914690101,1060,Yes,9.141419887542725
0.5,0.05,0.1,5,4,-6.615606244174561,0.0199288911931035,0.4622810399872274,-0.1975197565563365,0.4623624209421288,746.6572497612601,5.741747255358323,0.840512677642961,1060,Yes,9.54219675064087
0.5,0.05,0.5,4,3,-6.576918240986908,0.0211574320392178,0.4857264452143842,-0.1363558477202961,0.4436064351471448,718.322218731821,5.728836974164693,0.8492526524662959,1060,Yes,8.88203239440918
0.5,0.05,0.5,3,3,-6.574950666581443,0.0200596359269436,0.4854350878733886,-0.1506179802253833,0.4770071464187319,716.910255845902,5.72961085945174,0.851191516570449,1060,Yes,8.43363356590271
0.5,0.05,0.5,2,3,-6.567772447343423,0.0193249778364789,0.4783962867663495,-0.1282323250471392,0.4763225241219883,711.7825427975619,5.716287425274585,0.7124358446683635,1060,Yes,8.035325527191162
0.5,0.05,1.0,1,3,-6.575689939235431,0.0214080881365185,0.4860038889813041,-0.0986189757276389,0.4625948997934938,717.440443946048,5.748272634562602,0.857441105972832,1060,Yes,8.660669565200806
0.5,0.05,1.0,4,2,-6.575482702350449,0.0211278556691819,0.4864135213031841,-0.2642723362694149,0.5199036533419997,717.2917792282229,5.753341639488964,0.7253294559888381,1060,Yes,9.63702630996704
0.5,0.05,1.0,2,3,-6.57497956716629,0.0206617577807862,0.484984156410353,-0.1647655896128969,0.435761774228496,716.9309752709792,5.754579363309065,0.8192472198301267,1060,Yes,9.047450065612791
0.5,0.05,2.0,4,2,-6.585475205330244,0.0213991079251801,0.4860591461944182,-0.2642723362694149,0.5199036533419998,724.4952498816798,5.804457841672776,0.7255119887884741,1060,Yes,8.682002782821655
0.5,0.05,2.0,3,3,-6.588250861526375,0.0211131803478014,0.4856649751903916,-0.2256852162831286,0.4875661927846142,726.5089930475614,5.803960674970912,0.8061742056234463,1060,Yes,8.70531964302063
0.5,0.05,2.0,2,2,-6.585336385700368,0.0191294432707229,0.4828093609601088,-0.1705331645352927,0.5065021405872225,724.3946826997554,5.799775628576683,0.7855133043632613,1060,Yes,8.919677734375
0.5,0.05,5.0,3,2,-6.630125241757336,0.0134689112210386,0.4784852993376519,-0.1745289058991491,0.5036760656421779,757.5770449810014,5.945841594172895,0.7858517378828692,1060,Yes,9.615078687667848
0.5,0.05,5.0,2,2,-6.632423000316746,0.0132406988616909,0.4784840723817,-0.1745289058991491,0.5036760656421779,759.3197755407926,5.943424971846395,0.7863269644286804,1060,Yes,9.110889196395874
0.5,0.05,5.0,1,2,-6.631765419921464,0.012966178349723,0.4749581119795812,-0.1748981596337509,0.501287557084675,758.8206258761502,5.945528610473188,0.7859717379291183,1060,Yes,9.202783823013306
0.5,0.1,0.01,1,6,-6.675938118071776,0.020533192206798,0.4859416723104393,-0.051473584580538,0.474253574008364,793.0911181089566,5.682015996624286,0.9470696153637264,1060,Yes,9.587441444396973
0.5,0.1,0.01,4,6,-6.678296311515273,0.0169995999846782,0.4667850858094408,-0.0990669017036402,0.3673069780866785,794.9635873383614,5.682326544910892,0.939271814789954,1060,Yes,9.42278528213501
0.5,0.1,0.01,2,6,-6.683456329802322,0.01433502584398,0.4685314217616483,-0.1168664523497832,0.4671196472572391,799.076215479614,5.6981118811781775,0.9246464484710594,1100,Yes,9.56040096282959
0.5,0.1,0.05,4,5,-6.625211360097894,0.0217962236981967,0.4658458106863163,-0.1039820489014413,0.4237318857122026,753.8635323870444,5.68228597557263,0.9046385116668068,1060,Yes,9.36774206161499
0.5,0.1,0.05,3,6,-6.627737793121802,0.0203908628430111,0.4855455122854002,-0.0775606459046315,0.4513774758985533,755.7705260423205,5.687709404710438,0.923241899123349,1060,Yes,9.8314790725708
0.5,0.1,0.05,1,5,-6.629225580887986,0.0202710102730935,0.4848764412251806,-0.0827868961351692,0.4434117979592128,756.8957890537143,5.675454631016738,0.9228576388139696,1060,Yes,9.50980257987976
0.5,0.1,0.1,1,5,-6.607739335854283,0.0209388026093505,0.4851591001316355,-0.1563435850249524,0.4738632416391701,740.8064098162599,5.690294412117687,0.8708470882989348,1060,Yes,9.403403997421265
0.5,0.1,0.1,4,6,-6.605791013956215,0.0204228558965135,0.4845351030355684,-0.0802256856401408,0.3900714094106294,739.364485588184,5.694657407244413,0.9087183241551045,1060,Yes,9.703044652938845
0.5,0.1,0.1,3,4,-6.606338327717492,0.0159713969631453,0.4853641679751436,-0.1370743514339489,0.4308495057875806,739.7692607051379,5.702316957667689,0.889820059545953,1060,Yes,8.419989347457886
0.5,0.1,0.5,1,3,-6.581450699209183,0.0206423800171181,0.4850406070501281,-0.1705673746056571,0.4442293200316892,721.5853736487263,5.724666421716012,0.8314616951341769,1060,Yes,9.535465240478516
0.5,0.1,0.5,4,3,-6.569601220511388,0.0145311227472384,0.47027378210951,-0.1323072281251177,0.4635613860370126,713.0854225859417,5.711887901071,0.7081368552442462,1060,Yes,8.36555528640747
0.5,0.1,0.5,2,2,-6.584999040555941,0.0138957963574509,0.4784875944335895,-0.2684421907793849,0.5162719091397261,724.1503528849529,5.740474559322888,0.7174004524124261,1060,Yes,8.69874882698059
0.5,0.1,1.0,1,3,-6.579166696629877,0.0210576101370591,0.4854333026311089,-0.1666706220864619,0.4311601504756004,719.9391514975922,5.751786651443849,0.8465938821131281,1060,Yes,8.90396523475647
0.5,0.1,1.0,4,3,-6.576906656643274,0.020767086797795,0.4848673918541346,-0.1705673746056571,0.4442293200316892,718.3138974885976,5.749885204511267,0.8315856769358726,1060,Yes,8.928503036499023
0.5,0.1,1.0,3,3,-6.57786664961997,0.0207272006680095,0.4857714067735853,-0.1497843624331463,0.4692091019612727,719.003804885393,5.752872374720845,0.85120562678052,1060,Yes,8.546923160552979
0.5,0.1,2.0,1,2,-6.589184621479372,0.0216656503010487,0.4857109242668564,-0.2642723362694149,0.5199036533419998,727.1876948737398,5.804295850422678,0.7257864314494151,1060,Yes,8.396093606948853
0.5,0.1,2.0,4,2,-6.588362668911358,0.02143356599643,0.4860141287522513,-0.2642723362694149,0.5199036533419998,726.5902266594152,5.798200817497946,0.7228889595532562,1060,Yes,8.448999166488647
0.5,0.1,2.0,3,2,-6.59059074908283,0.0188485184121794,0.4829584222914586,-0.2654453847564926,0.5183914653485094,728.2109327973469,5.799753145709597,0.720925399621864,1060,Yes,8.655206441879272
0.5,0.1,5.0,2,2,-6.632082327350791,0.0214390232353648,0.4860069991907516,-0.1689690998858558,0.5085183912452096,759.061139878341,5.945793630270853,0.7858363398992158,1060,Yes,9.271186590194702
0.5,0.1,5.0,1,2,-6.631766115040231,0.0211455420832455,0.4847136907955577,-0.1693427792953485,0.5078759569260702,758.821153346792,5.946408037643068,0.7855531693871173,1060,Yes,8.995585918426514
0.5,0.1,5.0,3,2,-6.64106534126045,0.0188875267885563,0.4829377240857295,-0.1705331645352927,0.5065021405872224,765.9105146115347,5.957055255113916,0.7717703067956524,1060,Yes,9.893418550491331
0.5,0.5,0.01,5,10,-6.696223654210347,0.0198448190059858,0.4859666278748559,-0.1069780438400267,0.5030417194749857,809.3436853386502,5.6380831306450885,0.9462136251741572,1370,Yes,12.539587497711182
0.5,0.5,0.01,3,11,-6.69067889470894,0.0154726869476346,0.4850776333938057,-0.1289975804802566,0.4210628767205413,804.8684876624667,5.657245131795882,0.957803925151352,1320,Yes,12.407124280929564
0.5,0.5,0.01,1,6,-6.68998879447063,0.0081917249398391,0.4624440729073476,-0.164308679962523,0.4622718868539452,804.3132393378593,5.677348908201801,0.9252849777718752,1110,Yes,9.68360471725464
0.5,0.5,0.05,5,9,-6.620390287030212,0.0138765085660348,0.4791058277460385,-0.0081070145251787,0.528495944317696,750.237848081393,5.635328646223998,0.92637727494339,1080,Yes,9.676939249038696
0.5,0.5,0.05,3,8,-6.609912284032102,0.0105729103269572,0.4770673075882145,-0.1063784009866784,0.4745967347656226,742.417893956271,5.628347611608024,0.909494801270588,1120,Yes,10.270995616912842
0.5,0.5,0.05,1,6,-6.6423357693845295,0.008569161968461,0.4602233558443417,-0.1130762916267734,0.4736070518596219,766.8841672166963,5.680935344483016,0.912410282878894,1080,Yes,9.878655195236206
0.5,0.5,0.1,4,9,-6.608244532679267,0.0189344152863712,0.4849489321193753,-0.0519706156049621,0.4631366124938111,741.1807574140743,5.645278565902776,0.9176101801828612,1060,Yes,9.623432636260986
0.5,0.5,0.1,3,9,-6.618992585781716,0.0186717126079728,0.4830896424391099,-0.089948848466298,0.3972275020911541,749.1899721837777,5.675770065538933,0.939506975967891,1060,Yes,9.129619598388672
0.5,0.5,0.1,5,4,-6.62192477711951,0.010180821929066,0.4748665705092646,-0.1156837751349325,0.4689188191395506,751.3899643533209,5.676101959831298,0.9058241611140636,1070,Yes,9.59353756904602
0.5,0.5,0.5,5,3,-6.591772220194863,0.0192151165675391,0.4828595187422329,-0.1705607977497093,0.4297312830772829,729.0718014234812,5.719419670580866,0.8599505790265892,1060,Yes,8.528976202011108
0.5,0.5,0.5,3,3,-6.581126344010612,0.0183000940326421,0.4763376665827464,-0.127847969000357,0.4735948437315531,721.3513616351288,5.71046397881507,0.721495436623775,1060,Yes,8.786064624786377
0.5,0.5,0.5,2,4,-6.587893692117056,0.0148529895409036,0.4676775648044005,-0.1005553821581727,0.4598868339894938,726.2495525945039,5.711958752891819,0.7742890164616709,1140,Yes,9.444299697875977
0.5,0.5,1.0,3,4,-6.584244195609025,0.0204837934122712,0.4853966194932707,-0.1439537676954644,0.5336357854609528,723.6039379055087,5.751693105847367,0.908954419440056,1190,Yes,9.502901554107666
0.5,0.5,1.0,1,3,-6.590267414633295,0.0132478700027937,0.4779957478664459,-0.1720293033470585,0.457093354291981,727.9755151776094,5.764872580945761,0.8454732660555083,1060,Yes,8.756723165512085
0.5,0.5,1.0,5,3,-6.589805210122056,0.0096789247856098,0.4744860438258788,-0.1740301490352198,0.4195037992339462,727.6391193582443,5.747102053253382,0.8694744029700644,1060,Yes,8.801451206207275
0.5,0.5,2.0,3,3,-6.592582092101182,0.0194669452515144,0.482519247497684,-0.0997920242147166,0.4610827118000035,729.6624953540673,5.804923567517948,0.8619728229819584,1060,Yes,10.272167921066284
0.5,0.5,2.0,5,3,-6.592502117436585,0.0104988184818663,0.4751945050320016,-0.1308820984980306,0.4300015462693636,729.6041431741119,5.798723111567105,0.865577909471928,1070,Yes,8.620885133743286
0.5,0.5,2.0,1,3,-6.598776427502545,0.0093030103466566,0.463164028053187,-0.1746387327837264,0.4429765597829225,734.1962970274476,5.816318943593757,0.8626980031346146,1060,Yes,8.461939334869385
0.5,0.5,5.0,3,2,-6.63330274192794,0.0211891371930363,0.484668930120363,-0.1693427792953485,0.5078759569260702,759.9880746657107,5.946952647326068,0.7854777421183948,1060,Yes,8.853421688079834
0.5,0.5,5.0,1,2,-6.638831659533743,0.0140666913563448,0.4784885132297347,-0.2684421907793849,0.5162719091397261,764.2016235606295,5.955026129696745,0.7193030530074015,1060,Yes,8.792414903640747
0.5,0.5,5.0,5,2,-6.635984470709171,0.013112165437319,0.4749951978303771,-0.1748981596337509,0.501287557084675,762.0288917948768,5.9443124817937285,0.7863804387296884,1060,Yes,8.93530535697937
0.5,1.0,0.01,1,11,-6.71309003863821,0.0165664411599912,0.4686514926958733,-0.1567512707895839,0.467914510901196,823.1101560133823,5.621913233170488,0.9165807465715934,1300,Yes,11.466280221939089
0.5,1.0,0.01,4,18,-6.71326900849872,0.0120300149129578,0.453203436708279,-0.1061075178324759,0.4282668297304949,823.2574811061709,5.580700705379618,0.9538770687228284,1380,Yes,14.106375455856323
0.5,1.0,0.01,5,7,-6.714222591845903,0.0100511033815496,0.4839673730738459,-0.1950595643694921,0.4361338704312761,824.0429001523424,5.681926858561268,0.906036147643301,1290,Yes,11.320773124694824
0.5,1.0,0.05,2,10,-6.655438958799266,0.016873069441443,0.485867229766578,-0.1520139744928964,0.4884166979982688,776.99891875212,5.680515447565665,0.919590744601178,1230,Yes,11.50644040107727
0.5,1.0,0.05,5,11,-6.650991010460064,0.0129364008777715,0.4576433849808889,-0.0816174078223061,0.4914529880740009,773.5505424869272,5.662813231531647,0.9440144971148188,1140,Yes,10.439998865127563
0.5,1.0,0.05,4,10,-6.647028918844482,0.0128630892263627,0.4757369478361645,-0.0340454825555976,0.4851221902261287,770.4917280213658,5.686345466850126,0.9412232831638214,1240,Yes,10.50545620918274
0.5,1.0,0.1,1,5,-6.640057733787869,0.0200429226837631,0.4854068023588662,-0.1634852097021626,0.4515453654713087,765.1391661271929,5.684357010933721,0.8863404743434189,1060,Yes,9.43744421005249
0.5,1.0,0.1,5,10,-6.6473192646884485,0.0171080535171115,0.4964822757647656,-0.0793106356383186,0.4995766376565049,770.7154695720502,5.670848132017918,0.9025625655470936,1400,Yes,12.221179723739624
0.5,1.0,0.1,4,6,-6.639578702503722,0.0132946732133661,0.4659881684972713,-0.2273586667199676,0.4653359315951165,764.7727283044893,5.714087937518359,0.8117781196319361,1210,Yes,10.47818684577942
0.5,1.0,0.5,1,3,-6.592952216365644,0.0164271820972962,0.4829960779932651,-0.129522466059677,0.4846876799869203,729.9326111335843,5.711433198535151,0.7624317558754378,1100,Yes,8.623135328292847
0.5,1.0,0.5,5,3,-6.59574870924457,0.0163115361473608,0.4694434271488318,-0.1306485860309921,0.4919585382471408,731.976719317565,5.732601609580833,0.6803222745342395,1060,Yes,11.8035888671875
0.5,1.0,0.5,4,3,-6.598334904398586,0.0112458357033962,0.4640452309400824,-0.2910877563330011,0.475620254667114,733.8722039520237,5.756805213836667,0.7216554174052104,1060,Yes,9.195252656936646
0.5,1.0,1.0,1,3,-6.595620068717633,0.0150887464558757,0.4810804096786618,-0.1347618299262805,0.4733205075412356,731.8825635029427,5.758822757324719,0.7507695636131952,1120,Yes,9.326422929763794
0.5,1.0,1.0,5,3,-6.602886377620994,0.0130748141338303,0.4746333249921134,-0.199575276007537,0.4643284220846238,737.2200165973724,5.787186307533401,0.8614260269712268,1070,Yes,8.668282270431519
0.5,1.0,1.0,2,4,-6.589860321199268,0.0090937470895082,0.4237818820185972,-0.0218506118586647,0.5046084665451888,727.679221438958,5.784658417710867,0.69131442387421,1120,Yes,8.510525226593018
0.5,1.0,2.0,1,3,-6.601062775647405,0.0212215924632431,0.4862481526062084,-0.1889315896661295,0.4808878077612691,735.8768457968263,5.804740505726736,0.8137792503074625,1130,Yes,9.54653549194336
0.5,1.0,2.0,5,3,-6.609442358850918,0.0155743239460907,0.4318909668966717,-0.1279859706797231,0.4466856986530533,742.0690950540518,5.8563108466593565,0.7882744898667218,1060,Yes,8.683486938476562
0.5,1.0,2.0,2,2,-6.605039255709438,0.015257424215722,0.4770763712049251,-0.2681670103291369,0.5133315475569833,738.8088711088195,5.837968359118266,0.7111653900834501,1060,Yes,8.59328031539917
0.5,1.0,5.0,1,2,-6.638756291272357,0.0189696003798682,0.4828941750781655,-0.2654453847564926,0.5183914653485094,764.144029183335,5.951293897421813,0.7243583444675501,1060,Yes,8.58580231666565
0.5,1.0,5.0,5,2,-6.646120689624892,0.0124081324732128,0.4551683191614635,-0.2709266267811738,0.5013754334019161,769.7922626060698,5.976207660463771,0.7116336071206701,1060,Yes,8.221696138381958
0.5,1.0,5.0,2,2,-6.643895012025143,0.0116800393960555,0.4551180216051652,-0.178217299296004,0.4841412222845047,768.0808584341656,5.969838131022298,0.7685847375012367,1060,Yes,8.610637664794922
0.5,2.0,0.01,2,7,-6.733166195538027,0.0183765845846953,0.48187809678563,-0.1091762526901165,0.4735935992001106,839.8020384388813,5.647268465257601,0.9406863632218112,1210,Yes,10.633297681808472
0.5,2.0,0.01,5,10,-6.72615145846712,0.0169065519988568,0.4685851458567061,-0.1136002038894894,0.4561037410130194,833.931661594379,5.640419032334619,0.9245212577193856,1060,Yes,10.00416350364685
0.5,2.0,0.01,1,15,-6.716069046727608,0.0123993797585647,0.4806945067218597,-0.0493386604330203,0.4769066567613514,825.5658637971922,5.622553882297214,0.9655955937872162,1320,Yes,12.700103521347046
0.5,2.0,0.05,5,6,-6.6779645291188166,0.0207627433666651,0.4851389314753135,-0.1394868083466331,0.4575012805427584,794.6998761640407,5.656084620597659,0.9207685078630332,1560,Yes,12.182341814041138
0.5,2.0,0.05,2,10,-6.678575334841112,0.0187336338479167,0.4806780478971426,-0.1141541067758085,0.4121339754622855,795.1854316708539,5.624039922626622,0.9455870837090868,1230,Yes,10.578596830368042
0.5,2.0,0.05,1,10,-6.655751707081139,0.0112734648795286,0.4654036564658921,-0.1117617608394225,0.4819780966912955,777.2419618326487,5.66632892939104,0.9146960503863152,1290,Yes,11.31991720199585
0.5,2.0,0.1,2,5,-6.643833733089052,0.0190686096909242,0.483061032247805,-0.1357236947514083,0.4259864459542624,768.0337926984123,5.671951477866277,0.9076956786931208,1540,Yes,12.151608228683472
0.5,2.0,0.1,5,8,-6.645328448725623,0.0145211730931721,0.4856372467265129,-0.1270371220301499,0.4814897400630647,769.1826432062886,5.659817280054951,0.9279962483646892,1180,Yes,10.49650740623474
0.5,2.0,0.1,4,8,-6.621308655122591,0.0143231768807355,0.4761613025490835,-0.0390611317801075,0.4527683737450386,750.9271590549212,5.633197776678321,0.9207861466169396,1530,Yes,12.767176389694214
0.5,2.0,0.5,5,6,-6.598248886587606,0.0195118604284756,0.4885139167368558,-0.0692366262862249,0.4748954088290174,733.8090805864066,5.713286501726238,0.8561707668526766,1080,Yes,9.785375356674194
0.5,2.0,0.5,2,4,-6.608392753437872,0.0192420330962529,0.4807312078782619,-0.2241276237505659,0.4489291056529037,741.2906239302499,5.709365122549244,0.8248588826007156,1210,Yes,10.072201490402222
0.5,2.0,0.5,4,4,-6.6085020356012185,0.0110922985219933,0.4834961734281343,-0.1631225315787822,0.4450218186895148,741.3716381999279,5.717949982598888,0.8723875775160099,1110,Yes,9.117088556289673
0.5,2.0,1.0,3,3,-6.601463723727237,0.0119223585475082,0.4654516699631953,-0.2350434137064699,0.4814651640806663,736.1719533625941,5.783781747877604,0.8001940254906345,1060,Yes,9.22580337524414
0.5,2.0,1.0,5,3,-6.594682902053098,0.0100603201893022,0.4727807473806837,-0.1826934565785442,0.4508110782485556,731.1969888611007,5.756240095871902,0.853185176890581,1070,Yes,8.41480803489685
0.5,2.0,1.0,2,3,-6.600799775830035,0.0098355310828337,0.4730880813237719,-0.1907850363902689,0.4485860128301668,735.6833357684417,5.743682583533321,0.8627913565500608,1090,Yes,8.463155746459961
0.5,2.0,2.0,5,3,-6.600242021952108,0.0200924091351126,0.4852899747445909,-0.1849050350184844,0.4636939232358459,735.2731199453582,5.804874340414588,0.8636970177334288,1070,Yes,8.683497428894043
0.5,2.0,2.0,2,3,-6.602885327483915,0.0121132247583459,0.4746269604074782,-0.1379517839853911,0.4779367681891283,737.2192424157043,5.798396880366299,0.8674064866250388,1060,Yes,8.305921792984009
0.5,2.0,2.0,1,3,-6.603929422861133,0.0096751947223977,0.464104303016806,-0.2026799950185129,0.4713749628997157,737.9893715929012,5.818798683710837,0.8732244362912679,1060,Yes,8.220956563949585
0.5,2.0,5.0,3,2,-6.642084100264242,0.0147578929824486,0.4678183911173513,-0.1767538778380414,0.4937910563633308,766.691190437137,5.966030073154103,0.7656780398238001,1060,Yes,8.808053970336914
0.5,2.0,5.0,2,2,-6.637592680604109,0.0129349506564165,0.4749501790480205,-0.2687191310803362,0.5144805277215989,763.2553801599094,5.945873913188787,0.7262581934568669,1090,Yes,8.41926121711731
0.5,2.0,5.0,1,2,-6.638034989758418,0.0125577072669943,0.4660064859178727,-0.1775281756230381,0.4932003800505331,763.593049673283,5.968747369214593,0.7718391727827892,1060,Yes,8.65310025215149
0.5,5.0,0.01,5,8,-6.72415025018881,0.0216745085920144,0.4636108227861829,-0.2112926040417676,0.4330916260660911,832.2644594154582,5.644916444695892,0.8807391456654065,1380,Yes,11.549164772033691
0.5,5.0,0.01,4,6,-6.735005050778771,0.0110772152891278,0.4847916995769616,-0.242688146800116,0.4599320226203177,841.3477335376684,5.659876515626071,0.8273141101118078,1710,Yes,13.636501789093018
0.5,5.0,0.01,2,6,-6.717313383800225,0.0096162604368669,0.4639452952671483,-0.0811966852409775,0.4990259247399113,826.5937854152571,5.672087728364351,0.9321065744672192,1370,Yes,11.279892444610596
0.5,5.0,0.05,5,6,-6.674605168092773,0.0207063604033394,0.4853061287413488,-0.2149721017966087,0.471227287315526,792.0346715713417,5.659651172705852,0.8381733378587439,1060,Yes,9.717264652252195
0.5,5.0,0.05,2,5,-6.6710564355718605,0.0194397850659282,0.4849472796908433,-0.2067093206050455,0.4497982996400099,789.2289337257199,5.669975698844035,0.899924961850598,1190,Yes,9.97325325012207
0.5,5.0,0.05,1,8,-6.680416137093135,0.0102659901508326,0.4836280291768575,-0.0868351107508381,0.4521674224065211,796.6505588952753,5.646757158325954,0.954036350503887,1100,Yes,9.778947830200195
0.5,5.0,0.1,2,8,-6.628708532831623,0.0217048128871795,0.4852822019170587,-0.1014772250662423,0.481291265462904,756.5045387134453,5.647967611917004,0.9032703085051588,1120,Yes,9.952783346176147
0.5,5.0,0.1,5,6,-6.64902492963132,0.0200045643325941,0.4831099889801248,-0.1068925263943777,0.4176794044135831,772.0311736856384,5.657277055566172,0.900703304334656,1080,Yes,9.501233339309692
0.5,5.0,0.1,1,5,-6.6362536682012525,0.0120580378049808,0.4826195071285872,-0.1285280374203576,0.5008706089699546,762.2340556750038,5.664709265168744,0.870527395591453,1280,Yes,10.679757356643677
0.5,5.0,0.5,5,4,-6.611501564748696,0.0187478157474993,0.4836919456587766,-0.1608384614278389,0.4494325353213824,743.5987425001498,5.713835962151426,0.8263945780288786,1130,Yes,9.644719362258911
0.5,5.0,0.5,3,4,-6.598744792071745,0.0096049122689902,0.4617769952761621,-0.1371855046645385,0.4394366158489509,734.1730707786874,5.707192942368183,0.8611565713507453,1090,Yes,9.171183824539185
0.5,5.0,0.5,1,3,-6.6020950847371305,0.0089819771406967,0.4633880931316232,-0.195176500478054,0.4589682243840651,736.6368903866345,5.73864018832584,0.8646765632222057,1110,Yes,8.825273990631104
0.5,5.0,1.0,5,3,-6.596391760740786,0.019647225585534,0.4841859314830684,-0.2458911626448773,0.4713682175654551,732.4475694163219,5.751448566709729,0.8058352981193371,1180,Yes,9.804481744766235
0.5,5.0,1.0,4,3,-6.600804503982578,0.0123641946774571,0.4851333723058992,-0.1731157172381171,0.44008604169677,735.6868141996994,5.752628442513538,0.8617240029312224,1110,Yes,9.03000283241272
0.5,5.0,1.0,3,3,-6.610214402224127,0.0105073422247358,0.4853846589645182,-0.2002570209339535,0.4770683861705952,742.642225793778,5.74707066222534,0.8688668168272832,1090,Yes,8.464488983154297
0.5,5.0,2.0,5,3,-6.60926530148358,0.0195916761687689,0.484209047932288,-0.1923526382090643,0.4691830866432878,741.9377178846895,5.794392409743138,0.8891761435785589,1060,Yes,8.62421727180481
0.5,5.0,2.0,4,3,-6.60396192417245,0.0122078786704822,0.4853773344325349,-0.1768409026396863,0.4743290558402183,738.0133576050023,5.80983588976735,0.881824715449234,1100,Yes,8.653719902038574
0.5,5.0,2.0,2,4,-6.604458464665531,0.0117640925355135,0.4743716392694957,-0.134039120975893,0.4725303991507829,738.3799021160532,5.795867498542475,0.8946822612701073,1060,Yes,8.824365139007568
0.5,5.0,5.0,5,2,-6.639604658002235,0.0209467930876578,0.4849177535741457,-0.1693427792953485,0.5078759569260702,764.792578619513,5.942856853128054,0.7762020839287382,1100,Yes,8.58649754524231
0.5,5.0,5.0,4,3,-6.641076148428712,0.0150302669838453,0.4783357092135601,0.0463422414898854,0.4272643942441701,765.9187919800669,5.955090596058111,0.7115111312927409,1060,Yes,8.821890830993652
0.5,5.0,5.0,1,2,-6.6387941662149474,0.0124792228176399,0.481017097160424,-0.1765719685253234,0.5056156295182945,764.1729716426645,5.95998082918369,0.7734699021114858,1060,Yes,8.84992265701294
1.0,0.01,0.01,1,4,-6.670133529475669,0.0163717817135267,0.486436437675234,-0.0697456147707365,0.4403778342096044,788.5008855432237,5.691893237695743,0.9045189858258942,1060,Yes,8.77408242225647
1.0,0.01,0.01,2,4,-6.669751988558103,0.015688901959903,0.48640008126812,-0.110272207111265,0.4209793686697358,788.2000975769586,5.695686226062839,0.9092983830515642,1060,Yes,8.97252607345581
1.0,0.01,0.01,3,5,-6.675192932665655,0.0127750512405857,0.4673955444291366,-0.1347817561926376,0.467884936886266,792.5003383295909,5.694329609721214,0.902189885964722,1060,Yes,10.121478796005247
1.0,0.01,0.05,1,4,-6.618908327138637,0.0199520680143331,0.4854080293752355,-0.1355881848829609,0.430809643383293,749.1268491126829,5.695631025343552,0.887144535677678,1060,Yes,9.455702781677246
1.0,0.01,0.05,2,4,-6.61960442890254,0.0198388717287006,0.4851924834020264,-0.0573868504745053,0.3508787813170114,749.6484991734367,5.697148783394016,0.8138724864160959,1060,Yes,8.94625735282898
1.0,0.01,0.05,4,4,-6.621429417814023,0.0168000602515334,0.4677097844531232,-0.1410703714390748,0.4237830318778409,751.0178485155599,5.698309010583369,0.8755920735720517,1060,Yes,9.033321142196655
1.0,0.01,0.1,2,3,-6.600793016476618,0.0203449361956847,0.4854906664735305,-0.1441054632386954,0.4382308042622544,735.6783630415782,5.703804005583753,0.8508097748482358,1060,Yes,8.468491315841675
1.0,0.01,0.1,1,4,-6.599718580333916,0.0200354252138074,0.4852965079046908,-0.1355881848829609,0.430809643383293,734.8883481052236,5.701713798488088,0.8899805875326615,1060,Yes,9.299433708190918
1.0,0.01,0.1,4,5,-6.600700226560502,0.0160009417974804,0.4863927819657905,0.0315239659754927,0.4307988471895628,735.610102674969,5.703683960957468,0.877538618448636,1060,Yes,9.34130883216858
1.0,0.01,0.5,2,3,-6.573358525072736,0.021417114222769,0.4859029009069871,-0.0998744674947862,0.4587192883869923,715.7697414406408,5.722212907935327,0.8501670414884505,1060,Yes,8.697673559188843
1.0,0.01,0.5,1,3,-6.572754667797788,0.0204228419103787,0.4854843290091605,-0.1506179802253833,0.4770071464187319,715.3376491492511,5.723141615069589,0.8267166780776068,1060,Yes,8.74763298034668
1.0,0.01,0.5,4,3,-6.545047342411928,0.0143309408574035,0.4783446053566983,-0.2633965683341722,0.5157110611078676,695.7896185285931,5.692446713234783,0.7071934843300942,1060,Yes,9.295703649520874
1.0,0.01,1.0,3,3,-6.573375690018315,0.0207374631576534,0.4851333970225945,-0.1385394328968393,0.4633093456162418,715.7820276947457,5.760543035055938,0.8585287666506615,1060,Yes,8.844084024429321
1.0,0.01,1.0,2,2,-6.573187867551627,0.0190970767434461,0.4828265349392007,-0.2654453847564926,0.5183914653485096,715.6476003733238,5.746615535247354,0.7261787912046153,1060,Yes,8.648316621780396
1.0,0.01,1.0,1,3,-6.572870342397509,0.0187903083696812,0.4821890712110859,-0.1419875024888886,0.4459056427366085,715.420400331494,5.74999330234694,0.845850443190708,1060,Yes,8.582830905914307
1.0,0.01,2.0,1,2,-6.584899218438184,0.0192427261161917,0.4827492520332866,-0.1705331645352927,0.5065021405872225,724.0780702709155,5.801762623244723,0.7852420678951096,1060,Yes,9.313720226287842
1.0,0.01,2.0,2,2,-6.585030974773566,0.0190970767434461,0.4828265349392007,-0.1705331645352927,0.5065021405872225,724.1734784291612,5.8016764624364185,0.7782005393805184,1060,Yes,9.187843322753906
1.0,0.01,2.0,4,2,-6.584970426799968,0.0190323436888925,0.4828608828973847,-0.1705331645352927,0.5065021405872225,724.1296325199131,5.800705856893892,0.7853414454522106,1060,Yes,9.190025329589844
1.0,0.01,5.0,3,2,-6.630349602991701,0.0210893554268268,0.4847713796668623,-0.1693427792953485,0.5078759569260702,757.7470349708091,5.9473792046984775,0.793870789779994,1060,Yes,9.125863075256348
1.0,0.01,5.0,2,2,-6.630102750453622,0.0136116173541356,0.4784860665797937,-0.1745289058991491,0.503676065642178,757.5600062772083,5.945964627839214,0.7858974803914895,1060,Yes,9.28538417816162
1.0,0.01,5.0,1,2,-6.629987699556787,0.0133262050879416,0.4784845320955101,-0.1745289058991491,0.5036760656421779,757.4728533326879,5.946174131684171,0.7858398120517979,1060,Yes,8.79598879814148
1.0,0.05,0.01,3,4,-6.672838723033719,0.0171641492707755,0.4690678923483428,-0.2386890219562346,0.4831631680335121,790.6368208159042,5.688025538958556,0.8049509427125793,1060,Yes,9.629144668579102
1.0,0.05,0.01,2,4,-6.676126338265947,0.0170961171517319,0.4687067515534149,-0.1791263069677295,0.4463405208271583,793.2404079224405,5.694155876712991,0.8687182866155858,1080,Yes,9.306957244873049
1.0,0.05,0.01,4,5,-6.671775379290352,0.0159331737445478,0.4860990892039959,-0.0708100789023599,0.4266176245492043,789.7965489273168,5.6887430541965935,0.9168826607850528,1060,Yes,9.62661600112915
1.0,0.05,0.05,4,4,-6.621989917394205,0.020878509189629,0.4856343624171043,-0.1746241374924654,0.4895148962921281,751.4389116962064,5.697100972941087,0.8471812228666492,1100,Yes,9.415800333023071
1.0,0.05,0.05,2,3,-6.622041451237708,0.0207046142554194,0.4862613046769893,-0.1468362701429613,0.450311736415677,751.4776372293129,5.69828589337413,0.8336051024654578,1060,Yes,8.726279020309448
1.0,0.05,0.05,3,4,-6.625307089543095,0.019520659800699,0.4853562666211585,-0.1346498733320238,0.4487369990070645,753.9357027791178,5.687862773160653,0.9001717933683441,1060,Yes,9.14765214920044
1.0,0.05,0.1,2,4,-6.6035967088026055,0.0191360721238048,0.4841629325983005,-0.245880618906445,0.4385101796616849,737.7438729966104,5.69805372736001,0.8619957968007441,1060,Yes,9.352599143981934
1.0,0.05,0.1,4,6,-6.600481074027116,0.0180334822263484,0.4856159801476727,-0.0439362491450534,0.4360890336170611,735.448909520973,5.695359394251324,0.8915829048122499,1060,Yes,9.624929189682009
1.0,0.05,0.1,1,7,-6.603644492486779,0.0170453888257536,0.4844074762703368,-0.1115288814232032,0.4540131911272074,737.7791259590905,5.681910688465458,0.8866112710860855,1060,Yes,9.907421588897703
1.0,0.05,0.5,3,3,-6.5774719839067135,0.0201349679804763,0.4852412203831289,-0.14250330656687,0.4552627312002656,718.7200947249231,5.728681680394932,0.8487132007302564,1060,Yes,8.370686531066895
1.0,0.05,0.5,2,3,-6.575789578047466,0.0185553758924811,0.4830023634896945,-0.1898700284557917,0.4796780573664769,717.5119324210428,5.72728000537099,0.8163573151556456,1060,Yes,9.29718255996704
1.0,0.05,0.5,5,4,-6.5548002063136686,0.0156468263300719,0.4749703658354051,-0.0740696498776943,0.4509541302384802,702.6087590048093,5.695282442364849,0.8343653031725671,1100,Yes,9.268984079360962
1.0,0.05,1.0,3,3,-6.576720168246575,0.0211657975525363,0.4854598596992229,-0.1293891827410082,0.4583343154310938,718.1799527714841,5.75129682338353,0.8445348664647216,1060,Yes,8.817724704742432
1.0,0.05,1.0,2,3,-6.575894436992049,0.0207151432279224,0.4849299227262441,-0.238246013830759,0.4552659426456817,717.5871739098045,5.753505019428983,0.8099680880035726,1060,Yes,8.997174263000488
1.0,0.05,1.0,1,3,-6.575200386303161,0.0191138578425145,0.4846617124439206,-0.1896219699462195,0.4587916144710824,717.0893048305895,5.754469571244954,0.8412584952585767,1060,Yes,8.675824642181396
1.0,0.05,2.0,4,2,-6.585945850909357,0.0215523658901633,0.4858589236826816,-0.2642723362694149,0.5199036533419998,724.8363106211938,5.79997449951271,0.7263003411561332,1060,Yes,8.933307647705078
1.0,0.05,2.0,2,2,-6.586373065997426,0.0210581205898717,0.48480344960311,-0.1693427792953485,0.5078759569260703,725.1460377848197,5.800080875191147,0.7859505384776705,1060,Yes,8.91191554069519
1.0,0.05,2.0,3,3,-6.58704010839531,0.0206765412206277,0.4846891693926592,-0.2287935321584648,0.4851926099868539,725.6299022978106,5.7998275213388535,0.8186554892346848,1060,Yes,9.422739505767822
1.0,0.05,5.0,4,2,-6.631833073923192,0.0215012214777867,0.4859257408475086,-0.1689690998858558,0.5085183912452096,758.8719648647095,5.947440928672389,0.7852835133813825,1060,Yes,8.676256895065308
1.0,0.05,5.0,2,2,-6.631324133036999,0.0211580308680131,0.4847008681087646,-0.1693427792953485,0.5078759569260703,758.485842159554,5.946818580018645,0.7942572797712385,1060,Yes,9.470815896987917
1.0,0.05,5.0,3,2,-6.632176242639282,0.013247360180632,0.4750295420464407,-0.1748981596337509,0.501287557084675,759.1324306718709,5.94570166240373,0.786203148103407,1060,Yes,8.468475580215454
1.0,0.1,0.01,1,4,-6.678427733919253,0.0177299299286806,0.4827047481220646,-0.2351243138071717,0.5313561157440841,795.0680702296319,5.682041266117443,0.806372905229909,1060,Yes,9.429672002792358
1.0,0.1,0.01,3,4,-6.676922411107818,0.0167256230053516,0.4671000656610607,-0.1569242162750799,0.407879505195504,793.8721364858767,5.6824592555847575,0.913094812428676,1060,Yes,9.362038850784302
1.0,0.1,0.01,4,7,-6.675245437924307,0.0166163698431486,0.4673642893122754,-0.0992798942737358,0.3939217433023159,792.5419498572392,5.6740506092936505,0.9373318452666952,1060,Yes,9.240054845809937
1.0,0.1,0.05,4,6,-6.620348789098386,0.0204728991416483,0.4853211329508011,-0.0792706595617584,0.4321804709464732,750.2067154082954,5.684035383962676,0.8813298648767471,1060,Yes,9.58073091506958
1.0,0.1,0.05,1,5,-6.623658506215016,0.0201403945558397,0.4849235071290092,-0.1098131794866835,0.4638095176286052,752.6938009196961,5.685864544847287,0.9061460586665504,1060,Yes,9.474441766738892
1.0,0.1,0.05,3,4,-6.624481098133114,0.0152968658897045,0.4859225073730751,-0.200574645749181,0.4596036026804178,753.3132154849151,5.694656624358166,0.8568671308495337,1060,Yes,9.1298987865448
1.0,0.1,0.1,3,5,-6.608542860231253,0.0208749282587574,0.4859980014200905,0.0105873801286532,0.4747381957155768,741.4019050405878,5.6889018591841625,0.8750516216396644,1080,Yes,9.712414979934692
1.0,0.1,0.1,1,6,-6.604583529393469,0.0198982427244771,0.4859638412207175,-0.1037917079383018,0.4757453439518445,738.4722531724359,5.683430838654488,0.8920526458687403,1060,Yes,9.336703538894652
1.0,0.1,0.1,4,7,-6.607461717694631,0.0177958525066366,0.4685344048444638,-0.0757258985503034,0.4256614763319583,740.6007770491243,5.679674294566401,0.8953338397115989,1060,Yes,9.49480366706848
1.0,0.1,0.5,3,3,-6.580664987659547,0.0215936677124196,0.4859860124665176,-0.1180435792371153,0.5008831551047168,721.0186383609881,5.717394077156011,0.8118308686739288,1090,Yes,9.0009286403656
1.0,0.1,0.5,1,4,-6.569317808418877,0.0190169837933487,0.4895633893487852,-0.0877117506002858,0.5251863030900615,712.8833541898531,5.711859180460305,0.7725898717086338,1060,Yes,9.036251544952393
1.0,0.1,0.5,4,4,-6.572294592281058,0.0188167116393793,0.4713691361189774,-0.1259449451030259,0.4111620233177248,715.0086155066477,5.710598295022818,0.7280082025301134,1060,Yes,9.509441137313845
1.0,0.1,1.0,1,2,-6.578143116056026,0.0217163062854287,0.485644745204462,-0.1689690998858558,0.5085183912452096,719.2026127854302,5.751125222356893,0.7860941864291839,1060,Yes,8.938623189926147
1.0,0.1,1.0,4,3,-6.577315740245927,0.0189339728815499,0.4836009580319187,-0.1741551999659517,0.4458903065492064,718.6078080385126,5.759564112418291,0.8395579176057932,1060,Yes,8.839095830917358
1.0,0.1,1.0,2,4,-6.568346427908128,0.0166095974452657,0.4723672798775575,-0.0856684920997648,0.5039713438964774,712.1912094155524,5.753108865027084,0.7544308254904362,1060,Yes,9.41250705718994
1.0,0.1,2.0,1,2,-6.59112534097113,0.0217220311257309,0.4856372660375246,-0.1689690998858558,0.5085183912452096,728.6003325306874,5.803965794649451,0.7861552409489133,1060,Yes,9.179739236831663
1.0,0.1,2.0,4,3,-6.589238712225704,0.0213819141237311,0.4851094084016723,-0.1634251572044119,0.4394715513981428,727.2270300627048,5.802399321736737,0.8645695765956315,1060,Yes,8.847421407699585
1.0,0.1,2.0,3,2,-6.589464225885627,0.0212410817163108,0.4862655981361721,-0.2642723362694149,0.5199036533419998,727.3910481853176,5.800571259565997,0.7208684059493516,1060,Yes,8.957550764083862
1.0,0.1,5.0,5,2,-6.632359251642931,0.0216090372175625,0.4857848859286467,-0.1689690998858558,0.5085183912452096,759.2713714549647,5.948219590873413,0.7851644203999045,1060,Yes,8.982773065567017
1.0,0.1,5.0,2,2,-6.631891402039122,0.0192265428525533,0.4827578390228327,-0.1705331645352927,0.5065021405872225,758.9162297275827,5.949099613829902,0.7853802805149327,1060,Yes,8.652504682540894
1.0,0.1,5.0,3,2,-6.640165353956992,0.0186688619209319,0.4830537496893609,-0.1705331645352927,0.5065021405872224,765.2215149647726,5.95532914644474,0.7811619567228414,1060,Yes,8.63205361366272
1.0,0.5,0.01,5,9,-6.701869954624295,0.0205248570924796,0.4846631433040511,-0.1081897971625711,0.4321405367342086,813.9264084649142,5.627528882183694,0.9484941965420184,1280,Yes,12.072875261306764
1.0,0.5,0.01,3,11,-6.6994055973150655,0.0196763715063842,0.4654452461973243,-0.0975913905601871,0.3806208918172297,811.9230724527756,5.640368851167316,0.9583624074019076,1190,Yes,11.203104496002195
1.0,0.5,0.01,4,9,-6.664509517610966,0.0122199180322326,0.4756104331405919,-0.1283471713029438,0.4662737442455986,784.0787938114927,5.631907759809721,0.9444606900366816,1110,Yes,10.628063678741457
1.0,0.5,0.05,3,7,-6.62160908937547,0.0218209465588639,0.4881336124787164,-0.0641704307732562,0.4977319152866885,751.1527971879333,5.647416688123188,0.930971425578519,1120,Yes,9.831156015396118
1.0,0.5,0.05,4,7,-6.616561051003746,0.0125662719155684,0.4765103427268292,-0.1766136701949003,0.4765317442899617,747.3705036580516,5.639563314896671,0.8958802732183054,1070,Yes,9.93653416633606
1.0,0.5,0.05,2,10,-6.625421414641807,0.0108814219645027,0.4743907760097637,-0.0770096111630333,0.4410123457650809,754.0219014800044,5.63809352819288,0.9350988930100496,1180,Yes,11.029065608978271
1.0,0.5,0.1,3,7,-6.62131717881129,0.0211273886439618,0.4643799635428111,-0.1415011817339557,0.4137792568698302,750.9335597515392,5.672222779801146,0.9092231445347032,1200,Yes,11.0240375995636
1.0,0.5,0.1,5,7,-6.596251242415238,0.0130612698454547,0.475359565858767,-0.0867360383712512,0.4476197282998051,732.3446543412124,5.640951512543157,0.8937548256534792,1110,Yes,9.924715518951416
1.0,0.5,0.1,4,4,-6.6240020033083375,0.0080206106601484,0.4618221245341112,-0.1886222283998419,0.4752092834432191,752.9523934628237,5.692168234011798,0.8567522399736017,1110,Yes,9.857182264328005
1.0,0.5,0.5,5,6,-6.590671720122907,0.0182337901306714,0.483647487071586,-0.0831801622473786,0.4794216790379196,728.269899181223,5.716825208028798,0.9248410367793234,1060,Yes,9.426013469696043
1.0,0.5,0.5,3,3,-6.581438683835911,0.0166096449288511,0.4783481535220916,-0.129682883987348,0.4907615470574388,721.5767035832013,5.703932425767744,0.6861952281284287,1060,Yes,8.50154161453247
1.0,0.5,0.5,2,4,-6.599315905885334,0.0053792766169202,0.4576149968005168,-0.1591571775083533,0.3898295920467163,734.5924869167487,5.728840987488323,0.8673456624847857,1060,Yes,9.739122152328491
1.0,0.5,1.0,5,3,-6.586463844720708,0.0209691126164315,0.4852306522917626,-0.1722104874139502,0.4548499455302056,725.2118686042961,5.746320685448126,0.8539377627559186,1130,Yes,9.742233753204346
1.0,0.5,1.0,3,3,-6.583689206519505,0.020150259106476,0.4851465333762629,-0.2619229559919894,0.4848751604758068,723.2024570338945,5.753951411513101,0.8172936272057475,1060,Yes,9.200931072235107
1.0,0.5,1.0,4,3,-6.562671017908079,0.0160760588845978,0.4790699080911224,-0.1978891818701119,0.5284167957778113,708.160680574233,5.7347459106658745,0.7611252009693649,1060,Yes,9.351734161376951
1.0,0.5,2.0,3,3,-6.595286304808075,0.0134778312627563,0.4779630836510308,-0.145276408725596,0.4332403803503604,731.6383282779302,5.807245229678506,0.8519022276414158,1060,Yes,8.547289848327637
1.0,0.5,2.0,5,3,-6.59906552330439,0.0118346367409181,0.4773131801579668,-0.1854931307639341,0.4491762098394621,734.4085807783399,5.804213756070079,0.8618921600009363,1060,Yes,8.33897590637207
1.0,0.5,2.0,4,3,-6.598115366216543,0.0116976715511107,0.4851062915742885,-0.2061378872686344,0.4570491079867855,733.7111086664466,5.808563010154716,0.8517163726185215,1070,Yes,8.396005153656006
1.0,0.5,5.0,3,2,-6.635218243401207,0.021164005995017,0.4846947332298678,-0.2645525958265344,0.5194218276026454,761.4452280866179,5.948205146788717,0.7261018065349472,1100,Yes,8.724174976348877
1.0,0.5,5.0,2,2,-6.639367256071281,0.0131691488632455,0.4857557078199301,-0.1750243189066279,0.5087346865028243,764.611036934595,5.952725657340789,0.7848732852724112,1150,Yes,9.837164163589478
1.0,0.5,5.0,5,2,-6.635359534862945,0.0130387909543439,0.4749765581330405,-0.2687191310803362,0.5144805277215989,761.552821396757,5.944439080898929,0.7265217404214347,1060,Yes,8.672351598739624
1.0,1.0,0.01,1,12,-6.70214793840636,0.0155640542061316,0.4692594985392331,-0.0801668171121509,0.460498771077764,814.152698257251,5.63416982246141,0.954340907584574,1130,Yes,10.764594554901125
1.0,1.0,0.01,2,14,-6.710838804084094,0.0143117266123073,0.4823898363466356,-0.1192122450490949,0.4016314226792373,821.2592262086062,5.659573333725801,0.9652422579782484,1160,Yes,11.512036085128784
1.0,1.0,0.01,4,12,-6.700132436330201,0.0077580203970605,0.4630738476559146,-0.0957734362511689,0.5098432058637404,812.5134243385248,5.655596286327616,0.965538376652592,1370,Yes,12.90061640739441
1.0,1.0,0.05,1,11,-6.663945514901118,0.0205955965662973,0.4845097085130023,-0.0879435925717428,0.4453448724691879,783.636695930969,5.647591974986145,0.9462014963640392,1280,Yes,12.01947569847107
1.0,1.0,0.05,2,11,-6.655099720414439,0.0156995196741117,0.4810985904774422,-0.0609656264204846,0.4102496999074739,776.7353755984145,5.682547657792294,0.921739588294738,1060,Yes,9.940888404846191
1.0,1.0,0.05,4,11,-6.660198988764831,0.0099048528149603,0.4517717019889025,-0.1273913322591104,0.4351505705299884,780.7062734482496,5.655900960639459,0.9236466879105606,1320,Yes,11.711822509765623
1.0,1.0,0.1,1,13,-6.642740435466664,0.0106537719012428,0.420577649908067,-0.0406938442601698,0.4212595585706407,767.1945620269853,5.648923894767921,0.929433861491646,1100,Yes,10.76890778541565
1.0,1.0,0.1,5,8,-6.638467264766514,0.0105141756392988,0.4450229374227578,-0.0932481305290877,0.4759303012680072,763.9232032184349,5.691661870714004,0.912884228566234,1300,Yes,11.257412195205688
1.0,1.0,0.1,3,6,-6.631840946505197,0.0083950604826983,0.4606487620431616,-0.0134552662631786,0.3850797630991295,758.8779391700007,5.692887299074068,0.8646462301374513,1100,Yes,9.651151895523071
1.0,1.0,0.5,1,5,-6.599512123877736,0.0158296544711837,0.4811319166995662,-0.0970095428232455,0.4540767825666736,734.7366413221465,5.719816231498756,0.8959187486474289,1060,Yes,9.270938396453856
1.0,1.0,0.5,5,4,-6.598063526820832,0.0125684147690339,0.4741005320697434,-0.1008550022322379,0.486879416764448,733.6730745117891,5.733136591249075,0.7755857226578369,1070,Yes,9.185452461242676
1.0,1.0,0.5,3,3,-6.606095178167693,0.0074705515937553,0.4589752252753727,-0.137403540169885,0.4560218064933063,739.5894080088791,5.727510703632945,0.8028883337786131,1060,Yes,8.158374786376953
1.0,1.0,1.0,5,4,-6.594699789652394,0.0169567963697639,0.4659015229604633,-0.1058467825065359,0.5368523694443195,731.209337127121,5.77998659140797,0.7996615981545865,1060,Yes,9.224118947982788
1.0,1.0,1.0,2,3,-6.590769808015942,0.0160653588945657,0.4853035123126788,-0.12853949329926,0.4975870935903361,728.3413371447372,5.7893275813234935,0.7138652179792325,1060,Yes,8.194494247436523
1.0,1.0,1.0,1,3,-6.590910080130894,0.0152093193408076,0.4839357969167647,-0.2150547070982253,0.5075052126740057,728.4435102903595,5.74732328925537,0.7201782447503622,1080,Yes,9.090364456176758
1.0,1.0,2.0,1,4,-6.598161105021044,0.0186006984305334,0.4826349213596085,-0.1692910544511786,0.4763568991210813,733.7446685028932,5.81281652931266,0.8458236204424074,1060,Yes,8.95473861694336
1.0,1.0,2.0,5,3,-6.609237878406757,0.0138267220198376,0.47488353979081,-0.104179265855082,0.4568180745936741,741.9173719486297,5.833396820824526,0.8526163005744886,1060,Yes,8.508895635604858
1.0,1.0,2.0,3,3,-6.598846229503451,0.0093917204852679,0.4630492366722135,-0.1050382825305256,0.4511063913974865,734.2475471866986,5.812216177338106,0.8615731403029976,1060,Yes,8.499428033828735
1.0,1.0,5.0,1,3,-6.641010462780327,0.0215507160897604,0.486226195180044,0.0245119410366645,0.6012636821386185,765.8684837598872,5.946167888013704,0.7543785297682059,1070,Yes,8.815126180648804
1.0,1.0,5.0,5,2,-6.6396391726856105,0.0194448585790202,0.4826419986767326,-0.1705331645352927,0.5065021405872225,764.8189756487518,5.9583294139261485,0.7827020170332922,1060,Yes,8.935828924179077
1.0,1.0,5.0,3,3,-6.638702323286485,0.0094707784146036,0.4631158575581092,-0.1050382825305256,0.4511063913974865,764.102790981945,5.952958496036437,0.8584062080741989,1060,Yes,8.45609450340271
1.0,2.0,0.01,2,12,-6.727781749966302,0.0207569080399183,0.4849762873955165,-0.026564673046719,0.486641660189675,835.2923221284565,5.630549913894148,0.9767951988825356,1370,Yes,12.132280826568604
1.0,2.0,0.01,5,11,-6.727462370097781,0.02066144880833,0.462338858302172,-0.1946100440950297,0.420250735413945,835.025589173274,5.606904629201361,0.9149613243395966,1380,Yes,13.13612151145935
1.0,2.0,0.01,1,10,-6.721338280882335,0.0112013258712823,0.4644777945778772,-0.1988928801052146,0.4368716537501771,829.9274446475415,5.648342218513946,0.9037910870879962,1520,Yes,13.416479110717772
1.0,2.0,0.05,2,10,-6.672102101323937,0.0175004111099651,0.4801956162730209,-0.0972600387980394,0.4638124270885349,790.0546350208117,5.633237037750356,0.9467651497748758,1330,Yes,11.679587364196776
1.0,2.0,0.05,4,6,-6.663305965299582,0.0136821664035665,0.4757252357220095,-0.1082431367697412,0.5009129281804685,783.1356816231648,5.648167153928182,0.8877183735824354,1060,Yes,9.262039422988892
1.0,2.0,0.05,1,10,-6.653804965279832,0.0114650261649255,0.4661617990696085,-0.0391140696095312,0.4650809008378639,775.730344257774,5.654101854578445,0.9243692179057074,1240,Yes,11.016043424606323
1.0,2.0,0.1,5,11,-6.617647145544974,0.019990569283493,0.4832785403276317,-0.0334857282759135,0.4542262086789634,748.1826596416047,5.624861370167361,0.9204294887440664,1250,Yes,11.445716857910156
1.0,2.0,0.1,2,9,-6.641850654694507,0.0159486581151335,0.4789207815693518,-0.166568792284931,0.4269333713883558,766.5122306648707,5.647662372315489,0.8939363750347467,1560,Yes,13.134143352508543
1.0,2.0,0.1,1,7,-6.637874336334622,0.0148791792935076,0.451269753976936,-0.1533192464890507,0.4325827288364474,763.470385688925,5.700239186957237,0.903253320087999,1130,Yes,10.116641283035278
1.0,2.0,0.5,2,4,-6.608837346734061,0.0199659392195518,0.4786148855325918,-0.1095021724031595,0.4544925111939574,741.6202700459737,5.704534141932119,0.8240289633342547,1210,Yes,9.447808980941772
1.0,2.0,0.5,5,4,-6.601107733979741,0.0191271777658577,0.4823157567945191,-0.1286083644577698,0.4485221602862427,735.9099303363254,5.717426860255706,0.8620161277113976,1070,Yes,9.725472450256348
1.0,2.0,0.5,1,5,-6.581384545867117,0.0124799794539309,0.4670626739221661,-0.1420864239710058,0.4817877117650443,721.5376399435627,5.714385290918839,0.8373698220728879,1070,Yes,9.510953187942505
1.0,2.0,1.0,2,4,-6.600860545492365,0.0195886734129759,0.4827006642562768,-0.1777170195357066,0.4017819307731953,735.7280443547871,5.750926992894742,0.9036438700782832,1120,Yes,9.242496967315674
1.0,2.0,1.0,5,3,-6.589169507811549,0.0191190439745629,0.4851861323155577,-0.1966913722014435,0.4649716981388666,727.1767044835279,5.751134141685496,0.8554527644370697,1100,Yes,8.641356229782104
1.0,2.0,1.0,3,4,-6.601450249989397,0.0154130519866915,0.4587165511890123,-0.2016136620107812,0.4570556095948395,736.1620344415119,5.7805581090168285,0.8443881638327068,1060,Yes,9.122694969177246
1.0,2.0,2.0,2,3,-6.5955620794754575,0.0214552522246765,0.4859427151048978,-0.0986189757276389,0.4625948997934939,731.84012341827,5.801078600595336,0.8584516798153361,1060,Yes,8.790502309799194
1.0,2.0,2.0,5,3,-6.601839883146779,0.0151282822189715,0.4859303343194994,-0.1898742427560431,0.4508309544005295,736.4489234664447,5.830644197657028,0.8753887414276752,1060,Yes,8.825172901153564
1.0,2.0,2.0,3,3,-6.600453750106762,0.0149748277112081,0.4778840877623648,-0.1696823022860855,0.4474931463221681,735.4288144480843,5.822709286879445,0.8519101330968817,1100,Yes,8.879515409469604
1.0,2.0,5.0,5,2,-6.636333933877178,0.021383398147856,0.4860796700939429,-0.1689690998858558,0.5085183912452096,762.295239362138,5.954984128592854,0.7763470346341913,1060,Yes,8.96193242073059
1.0,2.0,5.0,2,2,-6.64028067587488,0.0193232469167387,0.4827065269508815,-0.1705331645352927,0.5065021405872225,765.3097668660789,5.941698640356005,0.7952586284044959,1060,Yes,9.16885495185852
1.0,2.0,5.0,3,2,-6.64350062619115,0.0152569071278208,0.4687555557105257,-0.2709673516979746,0.5085161810062722,767.7779979501057,5.974871975716195,0.7102549992739426,1060,Yes,8.843480110168457
1.0,5.0,0.01,5,9,-6.730422214594672,0.0185151524060906,0.461880259256579,-0.1416314099777754,0.4684221340382081,837.5007963753181,5.632119258290096,0.9523357970791042,1530,Yes,13.037908554077148
1.0,5.0,0.01,2,12,-6.698854069732503,0.0120905593324858,0.4752787486059831,-0.0693642336208493,0.4462710248438931,811.475397947166,5.616999902667918,0.9647150806875368,1420,Yes,12.588171005249023
1.0,5.0,0.01,4,13,-6.740694071293095,0.0119561237396638,0.4773587916102865,-0.1629855600125622,0.4430636809090473,846.1478189995712,5.609537390559048,0.9307626568077784,1460,Yes,13.71367073059082
1.0,5.0,0.05,5,12,-6.6882168406553095,0.0195579840765721,0.4819970691120451,-0.0541383498460889,0.4059652102624389,802.8892953787446,5.623766126472828,0.9588734711799712,1110,Yes,10.290786981582642
1.0,5.0,0.05,2,9,-6.669817372289982,0.0074440332993975,0.4790903502174932,-0.1213253162212723,0.4366906182773733,788.251634725633,5.6630404818537885,0.9494844603794206,1340,Yes,11.534195184707642
1.0,5.0,0.05,3,6,-6.677991403013677,0.0055460036267735,0.4601213940590025,-0.171101199789818,0.4598935475346136,794.7212331319296,5.658500842960397,0.9230733416465788,1590,Yes,12.322887897491457
1.0,5.0,0.1,5,9,-6.653934419016001,0.0159106862664122,0.4804268434432468,-0.1033292232799634,0.5070292302361671,775.8307719493275,5.6582876762326375,0.9464981792905104,1160,Yes,10.216188907623293
1.0,5.0,0.1,2,7,-6.623807052045536,0.0119031575379629,0.4747402199534296,-0.1062514711485857,0.4584450189187527,752.8056187503114,5.673379772045709,0.9030034988448704,1060,Yes,9.632330417633057
1.0,5.0,0.1,4,5,-6.646950933660887,0.0117092632664655,0.4850978156068425,-0.1327991068145015,0.439013805525999,770.4316434253819,5.684326540009204,0.9273719131820408,1190,Yes,10.029247522354126
1.0,5.0,0.5,5,4,-6.605969149669759,0.0160503904791298,0.482760978544976,-0.1111433024686914,0.4607187195789254,739.4962045399701,5.720073878674064,0.774055278779368,1080,Yes,9.48873209953308
1.0,5.0,0.5,3,4,-6.616348507368812,0.0104579019029554,0.4856173764118932,-0.1722368876642052,0.4846912909267946,747.2116716945211,5.715855094321014,0.8961503685243208,1060,Yes,9.071386337280272
1.0,5.0,0.5,1,3,-6.605168205628148,0.0090933265404742,0.4631394278573126,-0.1597549750074741,0.4636907356462942,738.9041465954424,5.731833147878777,0.8296596924661648,1100,Yes,8.650076150894165
1.0,5.0,1.0,2,3,-6.593232116426832,0.0206711928392539,0.4852680880411621,-0.1777814031170458,0.4685862953498557,730.1369479117081,5.753606062679722,0.873304364978452,1100,Yes,8.821300506591797
1.0,5.0,1.0,5,4,-6.600234926074014,0.019570862738848,0.4842177996497901,-0.172267853187699,0.4171445076175606,735.2679025554443,5.7457083980059656,0.8940544724477778,1250,Yes,9.986241102218628
1.0,5.0,1.0,4,3,-6.597794881224771,0.0126446260446862,0.4776080480737477,-0.1870211080211349,0.4536793905475828,733.4760029437625,5.7571718769989415,0.8443941435582271,1060,Yes,8.121201276779175
1.0,5.0,2.0,5,4,-6.608525233906848,0.0211203573996221,0.48543129472296,-0.1116866772274358,0.4207476210973113,741.3888369652661,5.794676498569983,0.9027775993727865,1090,Yes,9.004306554794312
1.0,5.0,2.0,3,3,-6.614035410266493,0.0130957725934536,0.4861814594972441,-0.1169355718997026,0.5941940195973658,745.4852959490087,5.803096315284756,0.897475126751185,1080,Yes,8.567122220993042
1.0,5.0,2.0,2,2,-6.603865518431219,0.0111582068222538,0.4758387197684707,-0.2697269973272247,0.5149124740505626,737.9422123096866,5.798310184590617,0.7264650570353468,1060,Yes,8.176950693130493
1.0,5.0,5.0,5,3,-6.638937024754463,0.019194000046115,0.4826643015781207,-0.2499220312831751,0.4920749544107924,764.2821480755376,5.946267615506085,0.7466850576460933,1060,Yes,9.428846597671509
1.0,5.0,5.0,1,2,-6.642968631051472,0.0142150604534891,0.4852169258589158,-0.268813750534994,0.5200658747852109,767.3696524153954,5.958394416102541,0.7203593125172172,1120,Yes,8.813950300216675
1.0,5.0,5.0,2,2,-6.637921695381978,0.0134503538367108,0.4750811095690608,-0.2687191310803362,0.5144805277215989,763.5065437752751,5.941435763635234,0.7270618299183002,1160,Yes,8.920023441314697
2.0,0.01,0.01,3,6,-6.669789494318068,0.0158516428014868,0.486429937012488,-0.0575403419307273,0.4683912338596228,788.2296601750033,5.6877043074272295,0.942441984719798,1060,Yes,10.185636520385742
2.0,0.01,0.01,1,4,-6.670906608649346,0.015688686446626,0.4859189184343935,-0.0977058592375222,0.4211191994320398,789.1106948413254,5.690114209474098,0.902335393289836,1060,Yes,9.27674913406372
2.0,0.01,0.01,2,5,-6.670402250337642,0.0150000014953482,0.4858239641737444,-0.1185365679116855,0.4095290710634647,788.7128006525835,5.685764543101234,0.9230632033581192,1060,Yes,9.164606094360352
2.0,0.01,0.05,1,4,-6.619412916884363,0.0198750962616893,0.4858007947879756,-0.1404056377958812,0.4331247679317554,749.5049462229327,5.696515572778427,0.8800497818326992,1060,Yes,9.119379997253418
2.0,0.01,0.05,3,4,-6.620702759522311,0.0197429870035885,0.4859780113620047,-0.1404056377958812,0.4331247679317554,750.4723134015244,5.696827718746972,0.8780121685538003,1060,Yes,9.39927363395691
2.0,0.01,0.05,2,4,-6.620013732901594,0.01962316328273,0.4853888005363195,-0.1146740705427135,0.4240400122794668,749.9553961048191,5.696657567539565,0.9012325349869864,1060,Yes,9.341054439544678
2.0,0.01,0.1,2,4,-6.601553486064695,0.0204410713833028,0.4853747078159167,0.0093951440861092,0.3763147265370664,736.2380368437586,5.703947811739322,0.8226062753678933,1060,Yes,8.23300814628601
2.0,0.01,0.1,3,6,-6.59958605940016,0.0201846340375049,0.4859366641292811,-0.0650623909128409,0.4501862463829971,734.7909664678212,5.700308080816393,0.9158726854747314,1060,Yes,9.89152765274048
2.0,0.01,0.1,1,4,-6.599796825025277,0.0196044640331315,0.4843600144710387,-0.2119968064569977,0.4404331421504024,734.9458514668427,5.6973208613442585,0.8518184484301699,1060,Yes,8.792858123779297
2.0,0.01,0.5,2,3,-6.57342152994462,0.0213622315833089,0.4860637081268647,-0.0986189757276389,0.4625948997934939,715.8148398421935,5.720679078724766,0.856268404370366,1060,Yes,8.411086320877075
2.0,0.01,0.5,3,3,-6.573738248997604,0.0196218056372586,0.4847013162422363,-0.1576448999955311,0.4510337986939762,716.0415879462071,5.732504860053814,0.8464088403396173,1060,Yes,8.493767023086548
2.0,0.01,0.5,5,3,-6.546561588229463,0.0161061398636065,0.4806209404763893,-0.2009719947065006,0.5177212374089161,696.8440131531872,5.693828217609191,0.7584158517843698,1060,Yes,9.032479286193848
2.0,0.01,1.0,3,3,-6.573934849049183,0.0210337251318464,0.485536955687133,-0.2226879722854672,0.4687461525105531,716.1823755983064,5.756844706837373,0.8119009121405577,1060,Yes,9.119804620742798
2.0,0.01,1.0,2,2,-6.573186619549355,0.0188705110525085,0.4829467527928449,-0.2654453847564926,0.5183914653485096,715.6467072440498,5.747051347023646,0.7261081613241277,1060,Yes,9.013551950454712
2.0,0.01,1.0,1,3,-6.572694771954096,0.0187903083696812,0.4821890712110859,-0.1419875024888886,0.4459056427366085,715.2948046803457,5.7489976232991,0.8494883183980448,1060,Yes,8.63564658164978
2.0,0.01,2.0,4,2,-6.585879538573373,0.0192750926434684,0.4827320780541946,-0.1705331645352927,0.5065021405872225,724.788246625866,5.804474420259031,0.7847733318776898,1060,Yes,9.124650478363035
2.0,0.01,2.0,2,2,-6.584944640135023,0.0130978752749864,0.4784833045080833,-0.2684421907793849,0.5162719091397261,724.1109598724559,5.799178803590375,0.7226591542730341,1060,Yes,8.597532987594604
2.0,0.01,2.0,1,2,-6.585016220359496,0.0124766340231086,0.474833750516155,-0.1748981596337509,0.501287557084675,724.1627937526251,5.798656161543812,0.7789544147624309,1060,Yes,9.007189273834229
2.0,0.01,5.0,5,2,-6.634978228202525,0.0134868207358162,0.4855920650454746,-0.1750243189066279,0.5087346865028244,761.2624915895587,5.952215529697458,0.7850406025829505,1060,Yes,9.07604169845581
2.0,0.01,5.0,4,2,-6.629993786978613,0.0133262050879416,0.4784845320955101,-0.1745289058991491,0.5036760656421779,757.4774644035028,5.945877872887761,0.7858698264760923,1060,Yes,9.110553741455078
2.0,0.01,5.0,2,2,-6.63002045292769,0.0130109324957304,0.4749694811054997,-0.1748981596337509,0.501287557084675,757.497663528309,5.94628051480529,0.7859347214275351,1060,Yes,9.17288064956665
2.0,0.05,0.01,4,4,-6.672630289947683,0.0207240771659217,0.4854825227655657,-0.1110362603797994,0.4209015255259625,790.4720431165665,5.692331189559811,0.9244433730690012,1060,Yes,9.140174627304075
2.0,0.05,0.01,2,3,-6.677714209386407,0.017707449498878,0.4686961015064292,-0.1895963233093232,0.4715460717073544,794.5009719995505,5.700372728185472,0.8158221878558155,1070,Yes,9.34291172027588
2.0,0.05,0.01,3,5,-6.675272532531257,0.0172761140742399,0.4686755590243125,-0.207686182216218,0.5024119799638285,792.5634237607742,5.689634091236775,0.8457649041044399,1090,Yes,9.806800842285156
2.0,0.05,0.05,3,5,-6.623520313733004,0.0204744000356597,0.4861226459591897,-0.074489363946619,0.4313196078481702,752.5897914819784,5.694109241666708,0.906415645736246,1060,Yes,9.269824266433716
2.0,0.05,0.05,2,6,-6.622698911083867,0.0179255924908723,0.4667289174583928,-0.0667893625793483,0.4174597035064349,751.9718660510774,5.689051685369636,0.9153258895910144,1060,Yes,9.695823431015016
2.0,0.05,0.05,4,5,-6.621335937142543,0.0164142825108942,0.4858852450655722,-0.0784851347316277,0.4502769507954396,750.9476461441207,5.692202830289301,0.9169208679470688,1060,Yes,9.308665752410889
2.0,0.05,0.1,2,4,-6.604594920049839,0.0198892400000563,0.4852759946913313,-0.1377397840296245,0.4385744633275473,738.4806649040175,5.698677988481324,0.8884986343693141,1060,Yes,9.699551582336426
2.0,0.05,0.1,3,4,-6.60638654022828,0.0198608886887094,0.4860663498108199,-0.1328492762865424,0.456345806788633,739.8049276983911,5.700316695217552,0.8798921772688386,1060,Yes,9.312134265899658
2.0,0.05,0.1,1,5,-6.605823417428236,0.0181296066369394,0.4883719698446005,-0.079498368549872,0.4914115416124629,739.3884439527712,5.691639220684531,0.863871260699217,1060,Yes,9.351385116577148
2.0,0.05,0.5,4,2,-6.576907788776997,0.0212584554561221,0.4862429003675853,-0.3214542780995503,0.5267348106000739,718.3147107164449,5.726816582594119,0.6328966076530043,1060,Yes,9.225101709365845
2.0,0.05,0.5,2,3,-6.568656628958569,0.0193482548067721,0.4776695410426702,-0.2126222691217298,0.4918699072240647,712.4121661455611,5.71198968265255,0.7288357506081488,1060,Yes,9.592743635177612
2.0,0.05,0.5,5,3,-6.548357265675592,0.0170319853752748,0.4801615475225765,-0.1152474762027766,0.5058248029127781,698.0964443757917,5.6980303971846045,0.7571361332179292,1060,Yes,8.689165115356445
2.0,0.05,1.0,1,3,-6.578002078722237,0.0214650557221387,0.4859295535572515,-0.1889315896661295,0.4808878077612691,719.1011855191529,5.74808522365874,0.8143228967835656,1060,Yes,9.607835054397585
2.0,0.05,1.0,4,2,-6.574610924959093,0.0213196862731527,0.4861629059086812,-0.1689690998858558,0.5085183912452096,716.6667329622741,5.7559414582787305,0.7831477921027513,1060,Yes,9.26309299468994
2.0,0.05,1.0,2,3,-6.573360068922002,0.0192225957628516,0.4783563669758352,-0.1349542768747595,0.4580069098426917,715.7708464820839,5.758898779472606,0.7471525357500072,1060,Yes,8.870151042938232
2.0,0.05,2.0,4,2,-6.586410024351945,0.0215694372529848,0.4858366209518364,-0.1689690998858558,0.5085183912452096,725.172838484414,5.801818520864017,0.7851093829487227,1060,Yes,9.236639738082886
2.0,0.05,2.0,3,3,-6.588165395350891,0.020809742729613,0.484532635138034,-0.2273800159468791,0.4817649564006869,726.4469037557756,5.799865467250896,0.8162630118502898,1060,Yes,9.47151803970337
2.0,0.05,2.0,2,3,-6.586883248658412,0.0189645697197599,0.4823685738731436,-0.1353007661611627,0.4428586246843717,725.5160891088383,5.800095282666127,0.8654968942267237,1060,Yes,9.162320852279665
2.0,0.05,5.0,1,2,-6.631486518064564,0.0216543742794819,0.4857256557254187,-0.1689690998858558,0.5085183912452096,758.6090189047003,5.946463795121588,0.7856559467605392,1060,Yes,9.056970119476318
2.0,0.05,5.0,2,2,-6.631384292468687,0.0133974552767422,0.4784849151634713,-0.1745289058991491,0.5036760656421779,758.5314736093295,5.945992166937201,0.7860286240365015,1060,Yes,8.679130554199219
2.0,0.05,5.0,3,2,-6.630080109967495,0.0129812492472514,0.4749619405172026,-0.1748981596337509,0.501287557084675,757.5428549445539,5.944937409367558,0.7862110598315578,1060,Yes,9.360692262649536
2.0,0.1,0.01,1,6,-6.677383600752312,0.0204831220479489,0.4852633420346178,-0.1448149317097384,0.4498182050743683,794.2383465339259,5.670922861454004,0.9185198827814938,1090,Yes,9.813265800476074
2.0,0.1,0.01,4,4,-6.677429876532421,0.0174777909450949,0.4668905173865876,-0.2243829271320511,0.4497607004331172,794.2751013834275,5.685805010242435,0.8085916626702756,1080,Yes,10.09622859954834
2.0,0.1,0.01,3,6,-6.678837748840492,0.0135975727049608,0.4896185376199295,-0.1248184706350976,0.4726596031614307,795.3941268412968,5.688210368442417,0.9255150865705516,1070,Yes,9.26464033126831
2.0,0.1,0.05,4,7,-6.6279046641123145,0.0223387773502447,0.4651302015188618,0.0057539329973538,0.4196182908814023,755.8966527417524,5.677254498948551,0.8992422238610774,1070,Yes,9.24507212638855
2.0,0.1,0.05,1,5,-6.629152812298677,0.0202136357894596,0.4843246718014958,-0.1108333985389346,0.4643260995759162,756.8407128188253,5.682715444050744,0.9221603687453376,1060,Yes,9.287417888641356
2.0,0.1,0.05,2,8,-6.626001985904912,0.0105980562774658,0.4885488830227951,-0.0709491290613612,0.4125128330428583,754.45979202879,5.731037267662445,0.9407480405624764,1090,Yes,10.164495944976808
2.0,0.1,0.1,1,5,-6.608206527999348,0.0211264123909916,0.4857831424979822,-0.1438677244355033,0.4669925022761506,741.1525896118844,5.691620238880554,0.8572168665188002,1060,Yes,9.815529346466064
2.0,0.1,0.1,4,5,-6.60952131935749,0.0202144957936472,0.4851714894547517,-0.0995764660788394,0.4698748280324604,742.127691519081,5.688420067830455,0.8870884603154493,1060,Yes,9.22808051109314
2.0,0.1,0.1,3,5,-6.609196707387918,0.020043641416554,0.4863873110125568,-0.0825337676881183,0.4823820043861594,741.8868270833177,5.698486017103956,0.9050154114706862,1060,Yes,9.76224946975708
2.0,0.1,0.5,1,3,-6.57911731376068,0.0201531348839215,0.4849547552132247,-0.1903199089352319,0.4593696984529251,719.9035997144755,5.728435208198251,0.849165552242043,1060,Yes,9.041747570037842
2.0,0.1,0.5,4,4,-6.568448539863812,0.0181385161669933,0.4756616754350101,-0.2291981410069614,0.4806079006309241,712.2639363658496,5.71144599963601,0.753331827006141,1070,Yes,10.108865022659302
2.0,0.1,0.5,2,3,-6.565369121972898,0.0166249962082526,0.4636649436330001,-0.2692219989391105,0.5070486472577463,710.0739517266921,5.708774499241726,0.6851712495522294,1060,Yes,9.17694330215454
2.0,0.1,1.0,1,2,-6.578207091561199,0.0215303586213657,0.4858876748841973,-0.1689690998858558,0.5085183912452096,719.2486256077364,5.750856277234589,0.7847261007167995,1060,Yes,9.142799854278564
2.0,0.1,1.0,2,4,-6.565264345164974,0.0182215134142356,0.4903316299677654,-0.0798911536290571,0.4744229598292361,709.9995563421637,5.748953323054911,0.7953947435915583,1060,Yes,8.985736608505249
2.0,0.1,1.0,4,3,-6.563095161975965,0.0144643111106319,0.4488665022781002,-0.2136180879009067,0.4896869827364291,708.4611064334281,5.741334790209915,0.7007218690492719,1060,Yes,9.196671962738035
2.0,0.1,2.0,4,3,-6.589585971350528,0.013154434562705,0.4779341264563849,-0.2191378290112154,0.4551020256921202,727.479610137542,5.801793757673825,0.8187636551274983,1060,Yes,9.382924795150757
2.0,0.1,2.0,1,2,-6.589897369200073,0.0127437832594195,0.4749016158108273,-0.1748981596337509,0.501287557084675,727.7061809987355,5.805633928369844,0.7842401785618254,1060,Yes,8.931233167648315
2.0,0.1,2.0,2,2,-6.594037443395658,0.0098954615134083,0.4637148720645246,-0.2706916430723016,0.5084151449459924,730.7251837160845,5.82065847296651,0.7136580463888947,1060,Yes,8.805493116378784
2.0,0.1,5.0,1,2,-6.634395293164467,0.021829461916453,0.4854969140319464,-0.2642723362694149,0.5199036533419998,760.8188543284671,5.945180244739889,0.7271997209599695,1060,Yes,8.653828859329224
2.0,0.1,5.0,5,2,-6.630891936810884,0.0215692971795244,0.485836803949569,-0.1689690998858558,0.5085183912452096,758.1580982709489,5.945999843718792,0.7857469084358675,1060,Yes,9.201903820037842
2.0,0.1,5.0,3,2,-6.634249281941829,0.0214168090069269,0.4860360207728573,-0.3214542780995503,0.5267348106000739,760.7077743469991,5.943519371159681,0.6359094869785076,1060,Yes,8.894426822662354
2.0,0.5,0.01,5,9,-6.691725882159849,0.0200814972116909,0.4844472201290581,-0.1260518245326737,0.4282865159079291,805.7116161641434,5.642432552737885,0.9505843895478652,1570,Yes,13.091208457946776
2.0,0.5,0.01,3,12,-6.6914657732516405,0.018613790660798,0.4849042774581326,-0.1679999692880819,0.4656883452015177,805.5020706488409,5.636126610973673,0.9464727944009887,1070,Yes,11.136631965637209
2.0,0.5,0.01,1,11,-6.665579268075715,0.0125339145015964,0.4787352470087061,-0.0977665580371742,0.4698087364404238,784.9180112621698,5.6051010701262864,0.9531374996719524,1320,Yes,12.06436562538147
2.0,0.5,0.05,5,7,-6.608933072373485,0.014105580512506,0.4783585917028716,-0.1415880811289642,0.5231278367325525,741.691265518523,5.62035201611091,0.8726272357650658,1100,Yes,10.44495964050293
2.0,0.5,0.05,3,8,-6.615655381649998,0.012524466017748,0.4781750104896557,-0.0856794485038028,0.5242592891047164,746.6939395149437,5.637780790178123,0.917681244107366,1260,Yes,11.211774349212646
2.0,0.5,0.05,2,11,-6.64939197593587,0.0062910887281709,0.4590897459797879,-0.0535865727411582,0.423090516717296,772.3145968864744,5.635618806488119,0.947757108959939,1150,Yes,11.34793186187744
2.0,0.5,0.1,3,10,-6.630053156745264,0.0204951412119148,0.4851315289356791,-0.0847850091511087,0.4729928454221119,757.5224369988011,5.658108258528593,0.9098858261484072,1060,Yes,10.1286518573761
2.0,0.5,0.1,5,5,-6.6240142106663855,0.0177802365302877,0.4802916506542662,-0.2039069104456907,0.4198683690130638,752.9615850783864,5.666721457038984,0.8837623122627615,1100,Yes,9.892573833465576
2.0,0.5,0.1,2,8,-6.634240485030839,0.0074109024235441,0.4598072301267428,-0.0660932174672692,0.4357755304182527,760.7010824978528,5.664650949528885,0.9221058002049776,1080,Yes,9.935165882110596
2.0,0.5,0.5,2,4,-6.590233290642175,0.0159399444097247,0.4689152185051908,-0.227020644528937,0.5027926806678812,727.9506741714334,5.720409055173561,0.7090703088247183,1140,Yes,10.171056985855104
2.0,0.5,0.5,4,6,-6.5576885872484665,0.0155047023302641,0.4789735075867346,-0.013575714288219,0.4349000095737419,704.6410944154296,5.695425329549363,0.8691300566767768,1060,Yes,9.143414497375488
2.0,0.5,0.5,5,4,-6.573363318915471,0.0151367567252236,0.4815640829287141,-0.1654565669608789,0.5141197447983358,715.7731727364404,5.693906448318671,0.8197096951325996,1080,Yes,9.630039930343628
2.0,0.5,1.0,3,3,-6.5865426061294405,0.0200206748300751,0.4843769330059108,-0.1709768102841892,0.4450494599111119,725.2689895621311,5.751650157709406,0.8473413391612814,1060,Yes,8.450886249542236
2.0,0.5,1.0,4,3,-6.592720553081267,0.0116132582435844,0.4854311082532114,-0.2655560874044527,0.4850049376303758,729.7635321329697,5.754359487747329,0.8134295934951833,1110,Yes,9.348077535629272
2.0,0.5,1.0,5,3,-6.582319706837323,0.0082784233304291,0.4747476528937319,-0.1929527634268839,0.466079419418165,722.2127093830715,5.749660547987791,0.8456532760240209,1060,Yes,8.680588006973267
2.0,0.5,2.0,3,3,-6.598095855168476,0.0102650591412654,0.4752576424959984,-0.2395924322649483,0.4603594472197031,733.6967933333923,5.799547774332098,0.8269704007004389,1070,Yes,9.648922204971312
2.0,0.5,2.0,2,2,-6.5973797440119535,0.0090052642851701,0.4629486061036548,-0.3265897235418597,0.5175440038832679,733.1715729547127,5.810377115316868,0.6356644715126956,1060,Yes,9.1925847530365
2.0,0.5,2.0,5,3,-6.596131879992965,0.0089546746251547,0.4753422010500171,-0.2808810703629049,0.4908516954625034,732.2572451261235,5.801936635909686,0.8080488236835575,1060,Yes,9.446922302246094
2.0,0.5,5.0,2,2,-6.640594202677216,0.0134530421584177,0.4856094654532535,-0.1750243189066279,0.5087346865028244,765.5497496086256,5.954935552372511,0.7846323863803057,1070,Yes,9.140802145004272
2.0,0.5,5.0,5,2,-6.635594880164813,0.0131129210930685,0.4749953897934942,-0.2687191310803362,0.5144805277215989,761.7320703672713,5.946886705688792,0.7263299577108216,1080,Yes,8.981964588165283
2.0,0.5,5.0,3,2,-6.633515544946803,0.0130249046723012,0.4749730305293845,-0.2687191310803362,0.5144805277215989,760.1498196315977,5.945927215995615,0.7305972022986823,1060,Yes,8.463114500045776
2.0,1.0,0.01,2,12,-6.6992169052103785,0.0142425081963689,0.4839736959065292,-0.1883355953633479,0.4359172198280127,811.7698834326244,5.666642539191873,0.916362997177068,1130,Yes,11.481781482696531
2.0,1.0,0.01,1,14,-6.71559402122712,0.0135710034503112,0.4692356690579551,-0.1835357494074167,0.4504740288467049,825.1737920889585,5.618242016764419,0.921041241309443,1060,Yes,11.733235597610474
2.0,1.0,0.01,5,17,-6.722433244345639,0.0128099385554592,0.473305417351011,-0.1342829628841259,0.4540720150458084,830.836682576936,5.638628110324103,0.9496739401319516,1120,Yes,11.879009008407593
2.0,1.0,0.05,5,8,-6.62465477947188,0.0200613946395511,0.4822437301106806,-0.181743776003037,0.5105751785427065,753.4440632952732,5.641507235354624,0.8561010459761859,1200,Yes,10.594250917434692
2.0,1.0,0.05,2,9,-6.663853685302366,0.0126210724407852,0.4757116738119569,-0.0967255376041524,0.4413809428887025,783.5647381915903,5.694879757628915,0.9333295878717782,1060,Yes,9.63173484802246
2.0,1.0,0.05,1,14,-6.657026739268394,0.007803020515979,0.4391942127828503,-0.0533457424753053,0.4161882777686898,778.2336024037508,5.6489092165664205,0.9482272461615412,1090,Yes,10.73656725883484
2.0,1.0,0.1,1,11,-6.605101284688351,0.0212268468343272,0.485708399946877,-0.0796047079849131,0.4088904787101146,738.8547000900536,5.623481641005927,0.9504743708995812,1160,Yes,10.850462913513184
2.0,1.0,0.1,3,13,-6.613631859508958,0.0129652612866438,0.4772361571291971,-0.0072419912538664,0.4470192720207662,745.1845154872708,5.618761711305297,0.9370983696830302,1440,Yes,12.577901601791382
2.0,1.0,0.1,2,10,-6.645783356432841,0.0118703639130488,0.4528127966401081,-0.1369445332738986,0.4330601018698429,769.5326299187325,5.6707524294084415,0.9110566159342844,1100,Yes,10.142593383789062
2.0,1.0,0.5,1,5,-6.597803505396032,0.0204165333841649,0.4816798353532301,-0.147755293471186,0.4702027578257493,733.4823285937049,5.717763993806652,0.813179554288824,1120,Yes,9.651612043380736
2.0,1.0,0.5,5,5,-6.574687966120648,0.0162135758372963,0.4755856256992559,-0.1338489380170278,0.4856125993635444,716.7219479267146,5.695892745509883,0.8083638966322806,1060,Yes,8.780376434326172
2.0,1.0,0.5,2,4,-6.602879127176867,0.0137089231616175,0.4576715154928111,-0.1853695046597624,0.4715014478271005,737.2146714442102,5.759569150589799,0.7701469387760065,1060,Yes,8.910918474197388
2.0,1.0,1.0,1,4,-6.595736428371278,0.0180995551936442,0.4835198491765625,-0.1946642135177489,0.4225828448217585,731.9677300594201,5.754349389180666,0.901645620492626,1060,Yes,8.833268404006958
2.0,1.0,1.0,4,3,-6.594685118970051,0.0116133481190817,0.4470711573984025,-0.273798392272911,0.4949461619217403,731.1986098658983,5.793464459237643,0.6894908260610649,1130,Yes,9.24746322631836
2.0,1.0,1.0,5,3,-6.595214298004988,0.0091200190167856,0.4567873942687914,-0.1333450451351145,0.4874184265932575,731.5856472376142,5.787195124855698,0.6843898798144665,1060,Yes,8.336030721664429
2.0,1.0,2.0,1,2,-6.598214036820467,0.0212011764387251,0.4863177320328387,-0.3214542780995503,0.5267348106000739,733.7835079564265,5.802272241497793,0.6354448509597826,1060,Yes,9.315871477127075
2.0,1.0,2.0,2,3,-6.598078821439993,0.0175874859631483,0.4855207577694478,-0.2825233340278282,0.4849275228248146,733.684295847865,5.83638461411301,0.7288181483836349,1060,Yes,8.959622621536255
2.0,1.0,2.0,5,3,-6.603930352112821,0.0120293445393145,0.4644676908520637,-0.2575994007350687,0.471874089631738,737.9900573710892,5.815497457022826,0.8252472630247828,1060,Yes,8.795169353485107
2.0,1.0,5.0,1,2,-6.637684005201866,0.019017851708954,0.482868572476138,-0.2654453847564926,0.5183914653485096,763.3250873334297,5.948880325305118,0.7247278328176642,1060,Yes,8.27490782737732
2.0,1.0,5.0,5,3,-6.64505469145533,0.0120549525756502,0.4543100814198338,-0.1052732662393978,0.4440666798534102,768.972102685342,5.973001405671123,0.8491635344073855,1060,Yes,7.90963077545166
2.0,1.0,5.0,3,2,-6.639583565031201,0.010247259543397,0.4640176935595037,-0.3265897235418597,0.5175440038832679,764.7764470419373,5.955223729331832,0.6379906813085445,1060,Yes,8.721716403961182
2.0,2.0,0.01,2,13,-6.727572259148214,0.0202778087854487,0.4854625775602478,-0.0255198242935421,0.4592668799447598,835.1173543842594,5.6179762195438965,0.9730536661707636,1060,Yes,9.834811925888062
2.0,2.0,0.01,5,9,-6.71876326944815,0.0157460404784453,0.4694173127673603,-0.131090029252393,0.4932518556344744,827.7931211211076,5.639765705886912,0.915988454961974,1110,Yes,9.598667621612549
2.0,2.0,0.01,3,11,-6.729915754480723,0.0110060415950493,0.4662915078918734,-0.1269311402583355,0.4985744183399479,837.0767430186739,5.621778899109492,0.9426037516526146,1120,Yes,10.338269710540771
2.0,2.0,0.05,5,10,-6.657362437617107,0.0197389743695827,0.4837477882816486,-0.1349057924080616,0.4347084481871986,778.4948979947859,5.62394860103039,0.9117352421893464,1120,Yes,10.62367844581604
2.0,2.0,0.05,2,11,-6.668134900838964,0.0186980087372451,0.4839879322562404,-0.1169472396115645,0.4431343402580339,786.92653888453,5.62280154481562,0.9382382351750151,1510,Yes,12.924851179122925
2.0,2.0,0.05,4,16,-6.635175910273872,0.0128073961904605,0.4776627697179166,-0.0669596433979031,0.4451366151836708,761.4129944110995,5.574569130916246,0.941860060606042,1430,Yes,13.190479278564451
2.0,2.0,0.1,2,10,-6.652836064345395,0.0195435453145622,0.4836097713677087,-0.0810013209348853,0.4239781192406152,774.9791024005908,5.636503192650183,0.9336608203250396,1100,Yes,10.361887454986572
2.0,2.0,0.1,4,12,-6.615659326521237,0.0146480755554268,0.4796629530945843,-0.0319647379477565,0.4800320138833351,746.6968851321998,5.600095217546532,0.9492927475566102,1140,Yes,10.470516204833984
2.0,2.0,0.1,5,10,-6.644974604356271,0.013957390845457,0.4820439606058611,-0.1543489834808937,0.4514670666638815,768.9105204063865,5.662999301384327,0.9121236887188612,1160,Yes,10.755271196365356
2.0,2.0,0.5,5,5,-6.597718152875976,0.0205531709036368,0.4830330000776888,-0.0825613150351934,0.4226281229151283,733.4197267001954,5.72916817007629,0.8898588720038967,1100,Yes,9.248128652572632
2.0,2.0,0.5,2,4,-6.605529902884084,0.0185693927628586,0.4823412288628965,-0.1314863101136867,0.4656133087951944,739.1714545370255,5.713852364477219,0.8404440370494793,1190,Yes,9.476604223251345
2.0,2.0,0.5,1,7,-6.575293274296035,0.0129688080585862,0.4752635036010683,-0.1536786304974815,0.4475633817762983,717.1559169105102,5.714505683948611,0.8897832775822351,1080,Yes,9.60034680366516
2.0,2.0,1.0,5,4,-6.602138632677264,0.0201596447185334,0.4845987467551118,-0.1339958878844677,0.4552665352408261,736.6689701043352,5.752161309469311,0.8593009650572686,1070,Yes,8.94771957397461
2.0,2.0,1.0,2,3,-6.601592548478913,0.0193738814275053,0.4858259250006135,-0.2735404915431704,0.5027653322460953,736.2667966406266,5.742934440945613,0.8104549078762752,1120,Yes,9.267771005630491
2.0,2.0,1.0,3,4,-6.602071931352761,0.0141580157683621,0.4771944241521278,-0.1093759083608672,0.5170477451354627,736.6198349470168,5.78251790836504,0.8164337305032603,1060,Yes,8.705772161483765
2.0,2.0,2.0,5,3,-6.600718726733265,0.0204991005398004,0.4845101514314619,-0.2460483898575018,0.4559576950736799,735.6237117148395,5.800180990281119,0.8208186848461365,1090,Yes,9.005663633346558
2.0,2.0,2.0,3,3,-6.605399553587747,0.0105308912547919,0.471329039447528,-0.1814870819407791,0.4453329703688309,739.0751103373905,5.833578410077789,0.8492319215180085,1060,Yes,8.448328018188477
2.0,2.0,2.0,2,3,-6.603220851456994,0.0100941096465262,0.4755479314955118,-0.1188097343188342,0.4699023632360662,737.466638646312,5.79156564026386,0.8938621716924576,1060,Yes,8.378260850906372
2.0,2.0,5.0,2,2,-6.639253486773776,0.0188823964116056,0.4829404463112476,-0.3223927168892125,0.5255250602052817,764.5240526222245,5.946400093091673,0.635584446437352,1060,Yes,8.721511602401733
2.0,2.0,5.0,1,2,-6.643423159270904,0.0140305332361943,0.467187477354238,-0.2701109197335541,0.5088581521805907,767.718522856878,5.976621200053,0.7183142442817617,1130,Yes,8.259292840957642
2.0,2.0,5.0,3,3,-6.640342767087742,0.0129145672194782,0.4648655938929549,-0.1056127629822021,0.4535075098846486,765.3572873530059,5.955107190621831,0.8804813548556378,1060,Yes,8.439488649368286
2.0,5.0,0.01,5,10,-6.725952480569273,0.0223655946363893,0.4630286391430645,-0.1601088672400716,0.4259207182394977,833.7657441329079,5.630348250691009,0.9018833668667808,1330,Yes,11.933862209320068
2.0,5.0,0.01,2,12,-6.717115938191935,0.0192560348521577,0.4848964579673802,-0.1307647747852661,0.5082332340196803,826.4305942137104,5.616720492738127,0.9416068102682614,1430,Yes,12.805079221725464
2.0,5.0,0.01,3,8,-6.704099954248049,0.0135999352459626,0.4807666091172297,-0.1276105051881328,0.5052889258125791,815.7434893413769,5.625746188968984,0.9363236344613926,1990,Yes,15.256550788879396
2.0,5.0,0.05,5,10,-6.633029978644686,0.0203834059901802,0.4856079819200336,-0.1583911246221791,0.4690120071983676,759.7808060921442,5.611727462106478,0.9147563281891884,1680,Yes,13.847882270812988
2.0,5.0,0.05,2,10,-6.653982510306136,0.0130839463433938,0.4874232521581368,-0.1240444298069177,0.443842131985454,775.8680835492514,5.667250598027526,0.9416985666622336,1260,Yes,11.01034927368164
2.0,5.0,0.05,4,11,-6.643914986672682,0.0130375146590609,0.4799037845858048,-0.0654643515528412,0.4402973697695507,768.096200731822,5.596551012804263,0.9518208445332268,1100,Yes,10.176676273345947
2.0,5.0,0.1,5,8,-6.650909213046157,0.0204983514882591,0.4852080041902997,-0.1122480994169871,0.429083973479287,773.4872706407972,5.649130930497582,0.9291323082896148,1210,Yes,10.612059354782104
2.0,5.0,0.1,3,7,-6.628072005058696,0.0135172303343275,0.475871677253476,-0.1564088949521428,0.4820777640167449,756.0231557872634,5.634630181015515,0.876957356227368,1080,Yes,9.56962776184082
2.0,5.0,0.1,4,9,-6.654571805213266,0.0099558037488034,0.4750156283921822,-0.1592190483274948,0.4297405560529083,776.3254334032259,5.661272669148061,0.9295635662251732,1340,Yes,11.578766107559204
2.0,5.0,0.5,5,7,-6.60205071468598,0.0203796841711697,0.4845037589658796,-0.1382416001415341,0.4405418477671377,736.604206495227,5.707653184165908,0.8988134062271733,1260,Yes,10.964091539382936
2.0,5.0,0.5,3,4,-6.585211635035015,0.0123823147364889,0.475542044284808,-0.2459225933858517,0.4967292433411548,724.3043196176546,5.690563678519919,0.7798246951517775,1060,Yes,9.59672474861145
2.0,5.0,0.5,2,5,-6.61527358352099,0.0091111012869508,0.4621297689474032,-0.0917934381465558,0.4425911289491564,746.408907581687,5.728487140591732,0.9139980925333452,1060,Yes,8.995416641235352
2.0,5.0,1.0,5,3,-6.606820872664068,0.018707772233927,0.4833016406562163,-0.2371447485399998,0.477718075335629,740.126318764876,5.753240923163711,0.7883601607771278,1200,Yes,9.943535327911375
2.0,5.0,1.0,1,3,-6.606969571116807,0.0118647095189935,0.4852186194896448,-0.3117359508110655,0.4914468923239055,740.2363825862647,5.750594868393337,0.7477561277566784,1080,Yes,9.120779752731323
2.0,5.0,1.0,4,3,-6.598092458407529,0.011778983320297,0.4759499241985672,-0.1829226889007498,0.4343654235371437,733.6943011450103,5.76487453457815,0.8276971328172018,1060,Yes,8.572365283966064
2.0,5.0,2.0,5,3,-6.605594488019121,0.0209573282391751,0.485132233434108,-0.249998908008202,0.4693598397549702,739.2191955668965,5.800398307315656,0.8201609382460677,1070,Yes,8.779824256896973
2.0,5.0,2.0,3,3,-6.609999513874666,0.009587332278344,0.4632206564668341,-0.1050382825305256,0.4511063913974865,742.4826577769048,5.801158084332591,0.8671616444766018,1060,Yes,7.949553728103638
2.0,5.0,2.0,1,3,-6.606900489748152,0.0094897381983593,0.4631997396820683,-0.164829641649466,0.4359391605869318,740.185247810078,5.807200421565996,0.8620678793891515,1060,Yes,8.6476891040802
2.0,5.0,5.0,5,2,-6.637527066823606,0.0212132471311373,0.4846441755753354,-0.2645525958265344,0.5194218276026452,763.2053017318632,5.9421893127655725,0.7266125221103774,1060,Yes,8.241866111755371
2.0,5.0,5.0,2,2,-6.644717753062648,0.0151001098700675,0.4681152309486458,-0.2701109197335541,0.5088581521805907,768.7130501058762,5.969358427374865,0.718706918513107,1060,Yes,8.067335605621338
2.0,5.0,5.0,4,2,-6.643863227298017,0.0138805092975245,0.4853892636832134,-0.3250874095120136,0.5268645877546427,768.0564455816498,5.950347745224116,0.6322389021040111,1060,Yes,8.723223447799683
5.0,0.01,0.01,1,3,-6.669968094066709,0.0171108446273773,0.4676470329906799,-0.2294071147631487,0.457584603812642,788.3704503663541,5.692579421401347,0.8135749158843275,1060,Yes,9.32989263534546
5.0,0.01,0.01,2,4,-6.670126912732044,0.0159782516605754,0.4862087348217829,-0.1638109382320735,0.4529114354901362,788.495668252276,5.690714449559891,0.862891747900071,1060,Yes,9.095487594604492
5.0,0.01,0.01,5,4,-6.676733785458184,0.0131899284417288,0.4676201702040231,-0.1659192661476238,0.4369892878291089,793.7224059603585,5.696878545507599,0.8621815209390905,1060,Yes,9.23623013496399
5.0,0.01,0.05,4,4,-6.620121176362253,0.0209173975908047,0.4855824190947026,-0.1746241374924654,0.4895148962921281,750.0359782368507,5.694776342603754,0.8475897558990985,1060,Yes,9.143014430999756
5.0,0.01,0.05,2,4,-6.618816589584238,0.0202000377033379,0.4860384086155067,-0.1765568427897014,0.461469322133736,749.0581291997571,5.697114765883642,0.8596378523980768,1060,Yes,9.184645891189575
5.0,0.01,0.05,1,4,-6.619669635969474,0.0199165384199741,0.4857489672271177,-0.2087017057332497,0.4532805465485245,749.6973831470725,5.695022084394132,0.848558626198043,1060,Yes,9.317763328552246
5.0,0.01,0.1,3,5,-6.6006804929816925,0.0205926114213208,0.4859643459302854,-0.064188563797948,0.4513090605931242,735.5955865982625,5.700208932924785,0.9090655474496384,1060,Yes,9.172622680664062
5.0,0.01,0.1,2,4,-6.601322849755427,0.0203091934881955,0.4858974376639279,0.0102557585254938,0.4151742633844187,736.0682532000868,5.703512266236866,0.8407901677708117,1060,Yes,8.44841480255127
5.0,0.01,0.1,1,4,-6.6002072303710495,0.0200637974036717,0.4856710767056814,-0.1962294331412286,0.4703297543406141,735.2475390760073,5.702868588323373,0.8456745303388534,1060,Yes,9.260881185531616
5.0,0.01,0.5,2,3,-6.57339873109008,0.0214189613347571,0.4859895940452483,-0.0986189757276389,0.4625948997934939,715.7985202698165,5.719779980603515,0.8580267041456646,1060,Yes,8.708644390106201
5.0,0.01,0.5,1,3,-6.573176780306298,0.0196193283197425,0.4849493271199037,-0.2490623741598228,0.4845218801973746,715.6396658567954,5.722876110053669,0.8035920761532493,1060,Yes,9.212113380432127
5.0,0.01,0.5,4,4,-6.542743070037059,0.0149824664143188,0.4763738868217594,-0.0728844254435004,0.451823953237298,694.1881755209323,5.6949561425166495,0.8308586164447128,1060,Yes,9.071918964385986
5.0,0.01,1.0,4,3,-6.57439825410744,0.0208977139460882,0.485714646296817,-0.2226879722854672,0.4687461525105531,716.5143350436957,5.749822171378462,0.812900777435203,1060,Yes,9.25424838066101
5.0,0.01,1.0,2,2,-6.573092982688547,0.0190647102161693,0.4828437089182926,-0.2654453847564926,0.5183914653485094,715.5796994701841,5.7458809278700205,0.7226283486403778,1060,Yes,8.34477972984314
5.0,0.01,1.0,1,3,-6.5729249325787045,0.0187255753151276,0.4822234191692699,-0.2236264110751293,0.4675364021157609,715.4594563268065,5.750761971261526,0.8074737692734473,1060,Yes,9.34432053565979
5.0,0.01,2.0,3,2,-6.584954308184588,0.0190647102161693,0.4828437089182926,-0.3223927168892125,0.5255250602052817,724.1179606469485,5.799710122355869,0.6357343234143734,1060,Yes,8.867651462554932
5.0,0.01,2.0,2,3,-6.584979410285002,0.0106566786313418,0.4753762510048683,-0.1053291285525959,0.4537281090955551,724.1361377568494,5.802305772820669,0.8468285007542297,1060,Yes,8.91110372543335
5.0,0.01,2.0,1,2,-6.584852007599643,0.0102881385922836,0.4756906367065714,-0.2697269973272247,0.5149124740505626,724.0438867449718,5.799317421761415,0.7262622129326842,1060,Yes,8.484501361846924
5.0,0.01,5.0,2,2,-6.630063555143486,0.0133262050879416,0.4784845320955101,-0.2684421907793849,0.5162719091397261,757.5303140597172,5.945820768502252,0.7261796883199386,1060,Yes,8.718467950820923
5.0,0.01,5.0,1,2,-6.630086678088137,0.0132405814080834,0.478484071750225,-0.2684421907793849,0.5162719091397261,757.5478305937571,5.945597613264228,0.7262679211952153,1060,Yes,8.675825834274292
5.0,0.01,5.0,4,2,-6.629995102839526,0.0130999822411674,0.4749921028703904,-0.1748981596337509,0.501287557084675,757.4784611391469,5.945923722925688,0.7859407266539119,1060,Yes,9.111152410507202
5.0,0.05,0.01,4,4,-6.670277870655261,0.0174182645058563,0.4676968552254638,-0.1689908393468348,0.4366890938544275,788.6147069055095,5.6932762816594416,0.8637819517474173,1090,Yes,9.716895580291748
5.0,0.05,0.01,3,5,-6.676478465137157,0.0171900788710163,0.4692511276752613,-0.1370725720685067,0.4876524826208587,793.5197783694334,5.690652861621368,0.8852946662027849,1080,Yes,9.813145399093628
5.0,0.05,0.01,1,5,-6.675638105668599,0.0156584133286503,0.4867222981728208,-0.2502456406441788,0.4787865696852427,792.8532166251572,5.694708122624723,0.7913761652915812,1170,Yes,10.718201637268066
5.0,0.05,0.05,2,4,-6.622425986250372,0.020371273195872,0.4852879512486916,-0.2209738263709798,0.4427552950942249,751.7666622586217,5.6959843054032335,0.8652151802993556,1060,Yes,9.35791301727295
5.0,0.05,0.05,3,4,-6.623209171987059,0.0161026247259591,0.4869128233327385,-0.182099080218962,0.5005717867989699,752.3556658053013,5.690131253300384,0.8513209638779915,1060,Yes,9.474222421646118
5.0,0.05,0.05,4,4,-6.623464335416736,0.015367721152102,0.4851780179486364,-0.1553764185270889,0.4382010376784192,752.5476639517361,5.693333930589199,0.8872003978434726,1060,Yes,9.263375282287598
5.0,0.05,0.1,4,4,-6.6029043381581225,0.0209917352367579,0.4854864392500921,-0.09951255590694,0.4766059876240797,737.2332575837597,5.70309944830258,0.8841685530976837,1060,Yes,9.563203811645508
5.0,0.05,0.1,2,5,-6.602330485713263,0.0208410099850221,0.4860351729061556,-0.089982371984208,0.4175986239432084,736.8103158411463,5.698095494706895,0.8990915530767261,1070,Yes,9.334767580032349
5.0,0.05,0.1,1,5,-6.605681217761287,0.0203392007168064,0.4868693554327122,-0.1226057917310105,0.4648767922034911,739.2833106374336,5.689398385265448,0.8734426239104647,1060,Yes,9.597050428390505
5.0,0.05,0.5,2,3,-6.577185793236347,0.0198593884848395,0.4852245659485712,-0.2440235670857868,0.4687293163806136,718.5144331698208,5.724729693611189,0.8060201772434858,1060,Yes,9.599175214767456
5.0,0.05,0.5,3,3,-6.56753549663418,0.0189630757411258,0.4764250299727344,-0.1282323250471392,0.4763225241219883,711.6139053993837,5.709683120639738,0.7094911222988008,1060,Yes,8.686491966247559
5.0,0.05,0.5,4,4,-6.566096162447668,0.0188339795867384,0.4764970047167509,-0.0972157707893277,0.4844679828805153,710.5903919433986,5.71475805448651,0.7565714777343489,1060,Yes,9.49968719482422
5.0,0.05,1.0,1,3,-6.57727787841602,0.0211284628102126,0.4853598784976357,-0.1351212758768093,0.4695331863560436,718.5806007469764,5.749545178514544,0.8458913797508432,1060,Yes,8.615545511245728
5.0,0.05,1.0,4,3,-6.575889015169936,0.0207956694925286,0.4853728474047963,-0.1430986078869339,0.4800372380108639,717.5832832903441,5.75993571580138,0.8390964552549113,1060,Yes,8.794095516204834
5.0,0.05,1.0,2,3,-6.575287466403588,0.0206521882469458,0.4850133531778149,-0.1705673746056571,0.4442293200316893,717.1517517581724,5.752611671748359,0.8311653430401407,1060,Yes,8.823901176452637
5.0,0.05,2.0,4,2,-6.586900539742201,0.0216373728812622,0.4857478670516292,-0.2642723362694149,0.5199036533419998,725.5286341767837,5.803720374157833,0.7258112848672637,1060,Yes,8.818844318389893
5.0,0.05,2.0,2,2,-6.587681302759418,0.0214507419106708,0.4859916894311301,-0.3214542780995503,0.5267348106000739,726.0953212976669,5.796108192398626,0.6360613768692013,1060,Yes,9.230674743652344
5.0,0.05,2.0,3,3,-6.586588320001399,0.0207282446701545,0.4846320536311574,-0.2279722391131081,0.4840082526935561,725.3021451736851,5.800932670617441,0.8163252961134931,1060,Yes,9.502046585083008
5.0,0.05,5.0,2,2,-6.632100554120827,0.0133831113607692,0.4784848380451543,-0.1745289058991491,0.5036760656421779,759.0749752372677,5.945384973455997,0.7860285862222618,1060,Yes,9.15158224105835
5.0,0.05,5.0,3,2,-6.63206417098036,0.0130103828059438,0.4749693414649756,-0.2687191310803362,0.5144805277215989,759.0473582082192,5.946052987396051,0.7262350362686242,1060,Yes,8.545404434204102
5.0,0.05,5.0,4,2,-6.632430419564211,0.0128772203136016,0.4749355135120797,-0.1748981596337509,0.501287557084675,759.3254091430111,5.9461979490521,0.7858741307436032,1060,Yes,9.03065276145935
5.0,0.1,0.01,1,4,-6.675866975999993,0.0204541236945851,0.4855830620205544,-0.1676352549568393,0.4452537007032326,793.0346979706483,5.686646126748105,0.8652744607964529,1090,Yes,9.72048807144165
5.0,0.1,0.01,4,6,-6.677637112146012,0.0170012504338206,0.469071462300334,-0.0937925014727667,0.4276484883175009,794.4397205283086,5.677557136172999,0.9288143289455664,1090,Yes,9.95037031173706
5.0,0.1,0.01,2,8,-6.680465010412843,0.0139948793311345,0.4772339781922505,-0.1402518666191461,0.4626650149489121,796.6894948041913,5.676908061252736,0.9139908052251752,1060,Yes,10.025055408477783
5.0,0.1,0.05,4,5,-6.623995367208272,0.0214490448611537,0.466935012855926,-0.0971352255126398,0.4698699167060226,752.947396811975,5.683508665049764,0.8908040665980371,1070,Yes,9.234694719314575
5.0,0.1,0.05,1,8,-6.621667890975233,0.0196981382659509,0.4839030404750907,-0.0760529118862244,0.4240867102935996,751.1969674727031,5.668091504440269,0.9337691525558172,1060,Yes,9.519676923751833
5.0,0.1,0.05,3,7,-6.636122870830011,0.0117540442819798,0.460639588004071,-0.0650667312658982,0.4534377541814033,762.1343639840984,5.705301501400164,0.9254313169428848,1060,Yes,9.55981969833374
5.0,0.1,0.1,5,7,-6.576136391166075,0.0229840758834669,0.4883316868628607,-0.0620598858349497,0.4704083729974749,717.760818127884,5.651462896597779,0.8565262080038666,1060,Yes,9.355409860610962
5.0,0.1,0.1,1,5,-6.6048554259294505,0.0196015582114477,0.4853126425636057,-0.2628734525618075,0.4854632393852105,738.6730685192532,5.690593865643518,0.7866377668223516,1070,Yes,10.102423191070557
5.0,0.1,0.1,4,6,-6.607143633063304,0.0192506896908675,0.4852860868628335,-0.1118708059858305,0.439407430023235,740.3652407862148,5.68899933303461,0.8901118596054536,1060,Yes,9.4068922996521
5.0,0.1,0.5,3,3,-6.574320900750133,0.0194277459150048,0.4770188199247694,-0.2126222691217298,0.4918699072240646,716.458912397913,5.711114440259022,0.7217789960063182,1060,Yes,9.61444854736328
5.0,0.1,0.5,4,3,-6.578798040656232,0.017687668254778,0.4809884724083213,-0.2979852567016652,0.4831850451138672,719.6737905451872,5.724947347698331,0.7380191848078866,1060,Yes,9.43607497215271
5.0,0.1,0.5,1,4,-6.566969140504385,0.0158484162145947,0.4810145153444145,-0.1604225502305171,0.5539531740930462,711.2109926088482,5.7060664455079015,0.7953650564738063,1110,Yes,9.673659801483154
5.0,0.1,1.0,3,3,-6.580011255882725,0.0210926404650795,0.4854640869551228,-0.2226879722854672,0.4687461525105531,720.547439600993,5.7523534128004,0.8069598614653124,1060,Yes,9.232492923736572
5.0,0.1,1.0,1,3,-6.578772973486884,0.0195306960432843,0.483057960319203,-0.2384293078510634,0.4719639741245174,719.6557505865104,5.752645726510058,0.7949526680444331,1060,Yes,9.153334856033323
5.0,0.1,1.0,2,3,-6.571509159075004,0.0194232831215282,0.474619692552324,-0.1274375539875889,0.4681456091489146,714.4472444859933,5.755767036724542,0.7157194581096289,1110,Yes,8.6600022315979
5.0,0.1,2.0,2,3,-6.590707174264143,0.0213474869946048,0.4854185214151201,-0.2275054251983874,0.4710612770590157,728.2957198228082,5.814253432701379,0.7976180871245125,1060,Yes,9.556280136108398
5.0,0.1,2.0,3,3,-6.590332561862148,0.0211092036424595,0.4858015750849731,-0.1526053711754922,0.4662303177556737,728.0229423099526,5.801178617204055,0.8604770636757638,1060,Yes,8.97657060623169
5.0,0.1,2.0,4,2,-6.589262056094312,0.0191784582889295,0.4827833531375617,-0.3874753821837495,0.5336777400415926,727.2440065530903,5.797597249677354,0.4932499810724527,1060,Yes,9.75641131401062
5.0,0.1,5.0,3,2,-6.6338286152809065,0.0190490264359765,0.4828520308772971,-0.2654453847564926,0.5183914653485094,760.3878372457812,5.9467725707750665,0.7259420744704852,1060,Yes,8.545557498931885
5.0,0.1,5.0,1,2,-6.632476697721837,0.0134547153834842,0.4750822175552227,-0.1748981596337509,0.501287557084675,759.3605501371089,5.946301812852125,0.7858723615235252,1060,Yes,9.188106060028076
5.0,0.1,5.0,5,2,-6.632369164837519,0.0133813158516227,0.4750635714945887,-0.1748981596337509,0.501287557084675,759.2788982971231,5.946533210751797,0.7860189935415748,1060,Yes,9.104392528533936
5.0,0.5,0.01,3,16,-6.686203830613619,0.0206247519306308,0.4842362584142045,-0.0886391610245414,0.4455505604781444,801.2746968115698,5.614368443589786,0.9497172469368824,1140,Yes,12.094931602478027
5.0,0.5,0.01,5,12,-6.689990014602488,0.0078105964368771,0.4736629071280336,-0.1342260230571823,0.4473671392490672,804.314220706665,5.624757698625812,0.9380311581220184,1160,Yes,11.827049255371094
5.0,0.5,0.01,4,10,-6.696399609281417,0.0071319097588056,0.4605936867000534,-0.1862039892154169,0.4171717628997664,809.4861059937746,5.652683278644407,0.938306263755964,1080,Yes,10.491729021072388
5.0,0.5,0.05,3,8,-6.638601197491738,0.0216473966779795,0.4678723083527904,-0.1141175247367758,0.515427799397462,764.0255243868273,5.664067033083755,0.936483485224861,1060,Yes,9.7928626537323
5.0,0.5,0.05,5,9,-6.629341389645333,0.0130252292564608,0.4772952739283645,-0.0494802377111649,0.5079764838159593,756.9834492902996,5.626288304330409,0.9484066071645896,1060,Yes,10.234106540679932
5.0,0.5,0.05,1,8,-6.640338039622557,0.0089327227620519,0.4618018949847854,-0.0675214758794713,0.4057261082356379,765.3536691616277,5.679273751006417,0.928200747644179,1070,Yes,9.105410814285278
5.0,0.5,0.1,5,9,-6.612680435718577,0.0200079962763967,0.4828895641040135,-0.0457616939368782,0.4506064679142046,744.4758663772799,5.661483276961385,0.9015161211289218,1100,Yes,10.022565841674805
5.0,0.5,0.1,3,6,-6.590696966495427,0.0141904950742406,0.4792307977595233,-0.1236610552767212,0.5102697255166541,728.2882855864873,5.643108960237382,0.8827030832739358,1060,Yes,9.871975183486938
5.0,0.5,0.1,4,10,-6.588189302744674,0.0137220928592533,0.4798129868052068,-0.0676671992416826,0.4328458201245647,726.464271415573,5.62377770650627,0.9348057257565056,1220,Yes,11.30708360671997
5.0,0.5,0.5,1,6,-6.5602550673925295,0.0204561917460223,0.4834496323042784,-0.0879442460542924,0.4458077588006948,706.4518644516747,5.691754207240588,0.8652812036682214,1080,Yes,9.79916000366211
5.0,0.5,0.5,5,4,-6.575605956494109,0.0173514018292362,0.474091214367315,-0.2316426233952263,0.4923012475354086,717.3801938608492,5.696760548272832,0.6906251727951778,1060,Yes,9.048741340637209
5.0,0.5,0.5,3,4,-6.5854257950169455,0.0143480600528957,0.4792973703752515,-0.1954434968997521,0.4542412352862399,724.4594532287689,5.720379526795445,0.7784347799085046,1060,Yes,8.95992136001587
5.0,0.5,1.0,5,3,-6.592451843356552,0.0194267603988036,0.4849832822715642,-0.3023153708072487,0.5020311711020896,729.567463919041,5.747845727249085,0.7555773474780968,1060,Yes,9.346035480499268
5.0,0.5,1.0,2,3,-6.589133213011362,0.0143534211233301,0.4750449092671536,-0.3111151434697597,0.517126355022018,727.1503122292913,5.749789343898986,0.6222683023751481,1060,Yes,9.513487577438354
5.0,0.5,1.0,3,3,-6.584191389657012,0.0098045919188078,0.4737680537721049,-0.2822032329137554,0.4624879399713006,723.565728319543,5.751201551976665,0.7381839005831407,1080,Yes,9.20195245742798
5.0,0.5,2.0,5,4,-6.592967607893371,0.0106827317766627,0.4750363290786725,-0.1633671098512883,0.4331120862591355,729.943845998068,5.798894664178616,0.8109837561949208,1060,Yes,9.107983112335203
5.0,0.5,2.0,3,3,-6.594255171830997,0.0104829235177512,0.4749863821239471,-0.2307451084379662,0.4559939402290146,730.8843006885139,5.805983842703449,0.8252194007397247,1060,Yes,9.49213480949402
5.0,0.5,2.0,1,3,-6.59787439087344,0.0097964085612997,0.4634009906467403,-0.2328279969317771,0.4688414046407969,733.534323681564,5.816724933065912,0.814968173499133,1060,Yes,9.23018765449524
5.0,0.5,5.0,1,2,-6.638983211175847,0.0145523679526542,0.4850431681555303,-0.3250874095120136,0.5268645877546427,764.3174483480756,5.957931070084855,0.634367922791807,1060,Yes,9.310492992401125
5.0,0.5,5.0,4,2,-6.639417389231288,0.0142784350576959,0.4851842796067359,-0.1750243189066279,0.5087346865028244,764.6493702629303,5.959212195838074,0.7812908301003455,1060,Yes,9.318899869918823
5.0,0.5,5.0,3,2,-6.635337714111255,0.0135813215439125,0.4784859036980603,-0.3247901617075263,0.5238294152382549,761.5362039230461,5.945643344304906,0.6358318051906624,1060,Yes,9.15354037284851
5.0,1.0,0.01,1,9,-6.714065874544008,0.0205908456345398,0.4670090759895951,-0.1076023046385196,0.4735191431788649,823.9137684912313,5.631036908550442,0.9725641139905572,1130,Yes,10.2069890499115
5.0,1.0,0.01,2,10,-6.705781039528627,0.0177870086228272,0.4861568304894333,-0.1503563497104801,0.4677313573429398,817.115977025231,5.653004554043223,0.901106794669164,1110,Yes,10.92241072654724
5.0,1.0,0.01,4,17,-6.721414503018778,0.0175577667323254,0.44567249864659,-0.1209601677388948,0.4780480510940271,829.9907059013882,5.621621440767836,0.9453567928465404,1110,Yes,12.752932786941528
5.0,1.0,0.05,1,11,-6.662389013473216,0.0198541783144212,0.4842954037667422,-0.0457732044155361,0.4510727335504126,782.4179130594979,5.634189003294027,0.9543839575596492,1110,Yes,10.33639645576477
5.0,1.0,0.05,3,14,-6.629162025146892,0.0112380137182912,0.4753316736803935,-0.0582712733151707,0.4316820267484073,756.8476855095545,5.571956010908127,0.9587038476691592,1140,Yes,11.120997667312622
5.0,1.0,0.05,5,11,-6.658282825239079,0.0103073602083468,0.4771281258090097,-0.0971000291233996,0.4146485566928766,779.2117449005736,5.677922652429113,0.950957512787318,1080,Yes,10.110982656478882
5.0,1.0,0.1,1,11,-6.637655786068796,0.0178850706673063,0.4809831001518003,-0.0695359649427114,0.4236500520605053,763.3035472651375,5.648638956650726,0.9474056225880092,1380,Yes,12.311954021453856
5.0,1.0,0.1,2,8,-6.639615990074849,0.0111816578037894,0.4579848373848921,-0.0980080770306502,0.4157128516659735,764.8012453536542,5.685803939394653,0.8860503678946808,1090,Yes,10.075364112854004
5.0,1.0,0.1,5,9,-6.632424319575849,0.0095463697239172,0.4856322108618283,-0.1212679913200924,0.4888586188446129,759.3207772809792,5.637595577900907,0.8585640134872069,1070,Yes,9.499126195907593
5.0,1.0,0.5,4,3,-6.593449390885164,0.0158069217565044,0.4433753055516692,-0.2696533198971448,0.5047711744858594,730.2956052570438,5.720781986241475,0.6797996927006427,1070,Yes,9.183804035186768
5.0,1.0,0.5,1,6,-6.596570334249856,0.0140834136023196,0.4426106744867041,-0.1725697929945636,0.4124999226855986,732.5783768280245,5.719367360653613,0.872846123547246,1120,Yes,8.946603775024414
5.0,1.0,0.5,3,5,-6.583939158943606,0.0122944158039159,0.4794496409242287,-0.1876360545816361,0.4685733651632588,723.3832458345038,5.707071089628322,0.8782558091634314,1080,Yes,9.749574422836304
5.0,1.0,1.0,5,3,-6.593494346022155,0.0172553965533137,0.47410805854512,-0.128777480188767,0.4984950899723029,730.3284365339837,5.7767085889399805,0.6899325374758326,1070,Yes,8.33844542503357
5.0,1.0,1.0,1,4,-6.589622657138097,0.0152695760224304,0.4829132413833741,-0.19921064426057,0.5012722409914319,727.5062987895247,5.765346720307811,0.8034791318738347,1060,Yes,9.07880401611328
5.0,1.0,1.0,4,3,-6.599495593994961,0.0103964006139475,0.4617140770319996,-0.2269649507456098,0.4658559754839488,734.7244963119733,5.792124773331375,0.773690540960865,1110,Yes,9.152930736541748
5.0,1.0,2.0,1,3,-6.602123972890013,0.0210136330114251,0.4856484686581232,-0.3489204605113635,0.5078591902570206,736.6581707731168,5.796335932551585,0.600573738795425,1060,Yes,8.605088472366333
5.0,1.0,2.0,4,5,-6.606956490650837,0.0172900095979904,0.4421824569603348,-0.2132784525217832,0.4086097116020947,740.2267000127789,5.841068851920207,0.8976731066003504,1060,Yes,9.501010656356812
5.0,1.0,2.0,5,4,-6.608298009720616,0.0107335960262247,0.4535853039500568,-0.2529677343818119,0.4655287485864725,741.2203946279166,5.836923923496909,0.810410090397247,1060,Yes,9.217477560043337
5.0,1.0,5.0,5,2,-6.644433812069003,0.0153819096072191,0.4846158451546585,-0.268813750534994,0.5200658747852109,768.4948119434482,5.954460214686252,0.7200908677686285,1060,Yes,8.323420286178589
5.0,1.0,5.0,4,2,-6.6440794382346215,0.0138543790915451,0.4495135771686682,-0.26799061578337,0.4967784724426667,768.22252573864,5.977487704510017,0.7139536073628244,1060,Yes,8.510903120040894
5.0,1.0,5.0,2,3,-6.649880236448411,0.0131496435748096,0.4633145171081136,-0.1466232791556226,0.4284729635264828,772.6917796816317,5.993999486010059,0.8727399069816993,1060,Yes,8.386327743530273
5.0,2.0,0.01,2,13,-6.722675867321633,0.0212731300090829,0.4638810685576245,-0.1459565633843401,0.4568820211266833,831.0382871013833,5.602337574204023,0.9343758610918216,2030,Yes,17.694588899612427
5.0,2.0,0.01,5,13,-6.707053361993046,0.0151840200273814,0.4787861929369917,-0.1639008106421394,0.4381150610539587,818.1562736949114,5.586353955528717,0.929192455950968,1370,Yes,13.295096397399902
5.0,2.0,0.01,1,14,-6.71961094729444,0.0075981624424909,0.4623292392901137,-0.1948762311419844,0.4517266444699216,828.4951205038196,5.635191558202307,0.9174113510777148,1130,Yes,12.266725540161133
5.0,2.0,0.05,4,15,-6.649188196221645,0.0225986873102617,0.4820748973404991,-0.1187129994177639,0.4435940249595809,772.1572308731738,5.5703016545164346,0.9199399092796589,1110,Yes,11.990769863128662
5.0,2.0,0.05,5,11,-6.635515497316583,0.0204281543185095,0.4826559141061622,-0.089549567767754,0.4141895165047057,761.6716043059533,5.609516151028227,0.9222666729031286,1170,Yes,11.215664148330688
5.0,2.0,0.05,2,9,-6.6788360322519535,0.0196562556598288,0.4852446544231524,-0.19632048837495,0.4532568351618208,795.3927614780274,5.6324484938339365,0.89510511543469,1060,Yes,10.36795210838318
5.0,2.0,0.1,5,6,-6.6401032513611575,0.0187287821477908,0.4871879567628558,-0.1129558994447312,0.4803698428834582,765.1739941979015,5.660942718143753,0.8944294408501829,1440,Yes,11.4268057346344
5.0,2.0,0.1,2,10,-6.619889360916769,0.0129208865270319,0.4747193482496726,-0.0517149624630214,0.4424785834421906,749.8621284637367,5.62219864403141,0.9327747923020544,1640,Yes,13.397228717803957
5.0,2.0,0.1,3,10,-6.644370881991716,0.0096937203234169,0.4598978537814178,-0.0853590221325104,0.4273199775067733,768.4464520271999,5.664548737415994,0.926829136153422,1130,Yes,10.25950527191162
5.0,2.0,0.5,2,5,-6.615751982566477,0.0218829258491228,0.4596009997635225,-0.2059104476347878,0.4768173545563947,746.7660743179177,5.700841329782863,0.8211742442506841,1130,Yes,9.297083377838137
5.0,2.0,0.5,4,7,-6.576735166399439,0.0117983753393492,0.4758795510257027,-0.1119556293367969,0.45349840233217,718.1907242249758,5.686752341574446,0.9000773393249304,1090,Yes,9.59561800956726
5.0,2.0,0.5,1,5,-6.591440910685369,0.0086115577405673,0.4635520937582159,-0.232470193994134,0.4911043364845169,728.8302930117918,5.72620676560196,0.8219497928876907,1190,Yes,9.756897687911987
5.0,2.0,1.0,2,4,-6.607219430744055,0.0192928691617132,0.4848285027003635,-0.2370399578031901,0.4655001171474209,740.421360881235,5.744078433892768,0.8569284655949434,1120,Yes,9.198374271392822
5.0,2.0,1.0,5,4,-6.5963427034425415,0.0175893965589868,0.4839492967955045,-0.3348228865804177,0.4777455710603955,732.4116383988074,5.7619466335355565,0.7444581039913045,1270,Yes,10.323139667510986
5.0,2.0,1.0,3,5,-6.597827363511185,0.0120198244467599,0.464606057569101,-0.1861251091230696,0.4487832065410846,733.4998283083173,5.794502665643136,0.8689655529282605,1060,Yes,9.328851222991943
5.0,2.0,2.0,2,3,-6.608483230507026,0.0206640068413249,0.4845996793911946,-0.3304392899117899,0.4886584541616589,741.357696767525,5.799130747019606,0.6747031552371536,1060,Yes,9.526443719863892
5.0,2.0,2.0,5,5,-6.602090854909245,0.0200374508869208,0.4857551920419004,-0.2443580286902524,0.53334295827516,736.633774545964,5.807134108550599,0.8675705148322992,1060,Yes,9.27014183998108
5.0,2.0,2.0,3,3,-6.603367082732613,0.012721839412319,0.4646700053851446,-0.2952031639025424,0.4953571928890423,737.5744872188328,5.816315509839494,0.6741186222949305,1110,Yes,9.651705980300903
5.0,2.0,5.0,3,3,-6.639276101999831,0.0141256104448887,0.4659962983269356,-0.1039690027643801,0.4513305078315461,764.5413427020081,5.957769056890232,0.8518784207724456,1060,Yes,8.70974612236023
5.0,2.0,5.0,1,2,-6.642545049402702,0.0139329596880483,0.4671028418011185,-0.2701109197335541,0.5088581521805907,767.0446775443636,5.976603178328556,0.718617001059432,1060,Yes,8.730437755584717
5.0,2.0,5.0,4,3,-6.640814918264318,0.0136548932369868,0.4783281526486928,-0.1922674732741055,0.4779824123994501,765.7187370194581,5.950470520986919,0.815031223456143,1060,Yes,8.92138147354126
5.0,5.0,0.01,2,11,-6.737907257908578,0.0220336924652878,0.4634972336792375,-0.0924729800455376,0.4898740477701715,843.7930456132933,5.61933054728642,0.9638986232071838,1090,Yes,10.157669067382812
5.0,5.0,0.01,5,7,-6.723784229083584,0.0193597111121444,0.4841942071299447,-0.288021255228959,0.4874472064991753,831.9598888012197,5.647534132810264,0.7928508277604334,1160,Yes,10.92054009437561
5.0,5.0,0.01,1,9,-6.706209018200825,0.0122869137186724,0.5003480125651035,-0.1285895902198141,0.4819490486056201,817.4657600806153,5.605174987184086,0.9483048391923408,1210,Yes,10.60511064529419
5.0,5.0,0.05,5,10,-6.664565449489828,0.0222748030517909,0.4870558399762146,-0.0565134948068372,0.5133514342624584,784.1226500380753,5.638680969759983,0.9282823141825745,1100,Yes,10.265514612197876
5.0,5.0,0.05,2,8,-6.664866891416255,0.0192150425295275,0.4814482740981685,-0.1217899405708414,0.3584447816135174,784.359053109366,5.64606830652764,0.9536612276107692,1280,Yes,10.813671588897703
5.0,5.0,0.05,4,11,-6.679197464549697,0.018137409153216,0.4812860674664457,-0.1710719037530059,0.4111154673473418,795.6802940700693,5.63615127718422,0.9390894948276712,1220,Yes,11.199759244918823
5.0,5.0,0.1,5,8,-6.628980023618823,0.0212618497657073,0.4849313623483269,-0.1517602107248875,0.456772337517385,756.7099506086378,5.639814795029451,0.896329392367018,1320,Yes,11.405184030532835
5.0,5.0,0.1,2,9,-6.624425134689876,0.0113431511968807,0.4769862591754422,-0.1681760107304149,0.4699148372778034,753.2710586631708,5.629739807076142,0.9189907584283484,1120,Yes,10.024427890777588
5.0,5.0,0.1,4,9,-6.649341647142647,0.0093754749606613,0.4807995843388268,-0.1039481020173752,0.3829196646660492,772.2757282029394,5.646371084789911,0.9256542005615828,1420,Yes,12.305099725723268
5.0,5.0,0.5,2,6,-6.5717629651467,0.0229350989124231,0.4876654360730144,-0.1741493383048169,0.4911975828668877,714.6285985479581,5.69059897887448,0.8400359278033789,1130,Yes,10.083897590637209
5.0,5.0,0.5,5,6,-6.6112745762935,0.0195136976075988,0.4845833354601671,-0.160799273152718,0.4299246097988259,743.4299733253555,5.714273601419239,0.9360905365739838,1090,Yes,9.519016027450562
5.0,5.0,0.5,4,6,-6.593225969489348,0.0104580963639966,0.4776857257109475,-0.1846056245958305,0.4621883133136946,730.1324598193283,5.710683552540208,0.8887083994749494,1150,Yes,9.856336832046509
5.0,5.0,1.0,5,5,-6.603338574959673,0.0180917216094801,0.4834912532862466,-0.2421894621196085,0.4246945585902631,737.5534609125325,5.749118497181163,0.904630184844942,1080,Yes,9.950533151626589
5.0,5.0,1.0,4,5,-6.596470471693713,0.011606952670405,0.4765803229683733,-0.1632840072929952,0.4180315237335765,732.5052233314474,5.766834390292516,0.940650925082216,1100,Yes,9.373525142669678
5.0,5.0,1.0,3,4,-6.610296835590185,0.0106268429825028,0.4839549788568863,-0.2608103171812565,0.4709016376329873,742.7034468155201,5.749424819813676,0.8124878689265455,1060,Yes,9.36893367767334
5.0,5.0,2.0,4,3,-6.606562930876628,0.0120479176654531,0.4853498617268486,-0.3703856518801048,0.5040853460205026,739.9354338789348,5.802533331980435,0.6062419657997337,1090,Yes,9.156122207641602
5.0,5.0,2.0,1,3,-6.600837475897149,0.0105211512568299,0.463895151361596,-0.3572831190290712,0.4907892595037865,735.7110716023925,5.812946700792591,0.5991902081036573,1080,Yes,9.101511478424072
5.0,5.0,2.0,2,3,-6.605561859366884,0.0104480011320472,0.4750692638584219,-0.1656302958054193,0.4568254401048342,739.1950762343301,5.796886737826752,0.8835627411349787,1080,Yes,8.338925123214722
5.0,5.0,5.0,5,2,-6.639077943526029,0.0131134750856464,0.4784833883785651,-0.2684421907793849,0.5162719091397261,764.3898573659268,5.946131799528484,0.7261837514227648,1060,Yes,8.065014362335205
5.0,5.0,5.0,3,2,-6.640369155624474,0.0127326805938804,0.4809745982199786,-0.2699744877490155,0.5177265820468135,765.3774842783786,5.958289920262192,0.7245813945788115,1060,Yes,8.048863649368286
5.0,5.0,5.0,1,2,-6.641172990612755,0.0112467900090732,0.464878071628997,-0.3265897235418597,0.5175440038832679,765.9929688203472,5.959370891231583,0.6346786161713256,1060,Yes,8.645864725112915
10.0,0.01,0.01,3,5,-6.6714494658061545,0.016133545721371,0.4861329314304324,-0.1291709615419609,0.4597968883703843,789.5391855236285,5.687637698205286,0.9000768132763907,1060,Yes,9.820093631744385
10.0,0.01,0.01,2,3,-6.6702459414406015,0.0159265771840662,0.4862327744424899,-0.3186925268867395,0.492905287034853,788.5895274592309,5.695327154500627,0.6681212702546417,1060,Yes,9.519996404647827
10.0,0.01,0.01,1,4,-6.670701746448859,0.0158931239341298,0.486171760833015,-0.1696753667699967,0.4445070925695962,788.9490524457268,5.694846115406187,0.8667404225558347,1060,Yes,8.776222467422485
10.0,0.01,0.05,2,4,-6.619246161356471,0.0206679123773258,0.4860634520344203,-0.1686900042133682,0.4277591224611014,749.3799725502828,5.703172383340206,0.8600756190136818,1060,Yes,9.166258811950684
10.0,0.01,0.05,1,4,-6.620766629123315,0.0199728716821188,0.4852465807078686,-0.2051532128228823,0.4345734489296728,750.5202472994887,5.697634539936483,0.854049025180072,1060,Yes,9.260158777236938
10.0,0.01,0.05,3,4,-6.619750322345755,0.019726152128032,0.4858958228171124,-0.1446039420574387,0.4287075598955835,749.7578759526657,5.696154751790513,0.8938890404234575,1060,Yes,9.42019271850586
10.0,0.01,0.1,3,4,-6.599827050753229,0.0200013873629385,0.4853409763536607,-0.1355881848829609,0.430809643383293,734.968066075933,5.703681914247352,0.8960093099703725,1060,Yes,9.317274808883669
10.0,0.01,0.1,2,5,-6.599504232058231,0.0197219679776222,0.4846451962106697,-0.0999052902237822,0.4105045323115376,734.7308429360697,5.696268405236282,0.9021131844992596,1060,Yes,9.231460332870483
10.0,0.01,0.1,1,4,-6.601344262962739,0.0192082750654416,0.485231917750106,-0.2209443250232038,0.4497442099952241,736.0840149509427,5.6996988289709325,0.858575160914363,1060,Yes,9.068769454956056
10.0,0.01,0.5,1,3,-6.572844110896583,0.0198863223484708,0.4844948755871664,-0.2454000496943437,0.4649956102233371,715.4016340267353,5.722565130357369,0.8051679336509384,1060,Yes,9.42781901359558
10.0,0.01,0.5,2,3,-6.572835386536594,0.0198592375050598,0.484890813442888,-0.251009899740003,0.4676280668065288,715.3953926325701,5.726638042483577,0.8081073730506312,1060,Yes,9.144051790237429
10.0,0.01,0.5,3,3,-6.573301312841856,0.0196128836349298,0.4853660795527103,-0.1627372131205814,0.4651924626874535,715.7287918283571,5.732490920135964,0.8561480462505636,1060,Yes,8.625713109970093
10.0,0.01,1.0,2,3,-6.572937107608802,0.0216213413279822,0.4856360902131678,-0.1899359830798474,0.4777873186360679,715.468167120248,5.74893997150464,0.8041015847385202,1060,Yes,9.236006736755373
10.0,0.01,1.0,3,3,-6.573873589835404,0.0210679993175991,0.4855848340540407,-0.213547755276825,0.4774793402713491,716.1385041728324,5.756930454875571,0.8083967737252777,1060,Yes,9.174511194229126
10.0,0.01,1.0,1,3,-6.57363584571673,0.0187665744036086,0.4822024888111302,-0.1419875024888886,0.4459056427366085,715.9682666925913,5.749562568788868,0.8494949803123507,1060,Yes,8.867058753967285
10.0,0.01,2.0,2,3,-6.584783066056045,0.0192497389093144,0.4826336979339068,-0.0997920242147166,0.4610827118000035,723.9939717624145,5.800035095551458,0.858629621585628,1060,Yes,8.642517328262329
10.0,0.01,2.0,1,2,-6.584985441795061,0.0130978752749864,0.4784833045080833,-0.3247901617075263,0.5238294152382549,724.1405054044197,5.801561852732553,0.6356087365986282,1060,Yes,9.19241714477539
10.0,0.01,2.0,5,2,-6.590698762086003,0.0095172883279188,0.4633893473042107,-0.3265897235418597,0.5175440038832679,728.2895932952434,5.814795621096666,0.6374515390940325,1060,Yes,9.401102781295776
10.0,0.01,5.0,1,2,-6.6304493974416685,0.0211393620660408,0.4847200360426307,-0.2645525958265344,0.5194218276026454,757.8226576926799,5.947729484687323,0.7260140503283923,1060,Yes,8.59136414527893
10.0,0.01,5.0,4,2,-6.630597014900912,0.0135155477198732,0.4750976711065473,-0.2687191310803362,0.5144805277215989,757.9345338051958,5.9476590206667845,0.7305719747797311,1060,Yes,8.78333854675293
10.0,0.01,5.0,2,2,-6.630105226223595,0.013354746314561,0.4784846855439385,-0.2684421907793849,0.5162719091397261,757.5618818238463,5.946232933171321,0.7262730212478797,1060,Yes,8.69969892501831
10.0,0.05,0.01,4,5,-6.671962164770085,0.0206174318150022,0.4849599985382596,-0.111142798224968,0.4397534305627224,789.9440852329906,5.678065723464063,0.92098876317789,1080,Yes,9.019246101379396
10.0,0.05,0.01,3,5,-6.676399045600772,0.0178585718987113,0.4681706344315975,-0.1878963534604281,0.5061629492756643,793.4567598990052,5.686915375543103,0.8531336999369843,1060,Yes,8.92259430885315
10.0,0.05,0.01,2,3,-6.677291978386886,0.0162889952979341,0.487017948422032,-0.3382454086735976,0.5145310721372591,794.165579871482,5.697306577129605,0.6108550513610987,1100,Yes,9.02910542488098
10.0,0.05,0.05,4,5,-6.620098105741058,0.0210963677815113,0.4853143275398587,-0.0684068076238958,0.4387907842092691,750.0186746405175,5.693768700329862,0.9085999864080712,1060,Yes,9.307170867919922
10.0,0.05,0.05,2,5,-6.624123063613386,0.0201987495839105,0.4863881177177668,-0.219252886761072,0.4948321047959148,753.0435516269692,5.689551584461767,0.8438104492272427,1060,Yes,8.928600072860718
10.0,0.05,0.05,3,6,-6.622371066416827,0.0197149445505337,0.4852283100387842,-0.1492377168792953,0.4510629377060849,751.72537649238,5.682469055823459,0.8891827247763153,1060,Yes,9.307653427124023
10.0,0.05,0.1,2,5,-6.604835674658876,0.0188283059910649,0.4840902945816887,-0.1289710825744481,0.419377788572212,738.6584789316926,5.691623368431532,0.8882155205152269,1060,Yes,9.19915223121643
10.0,0.05,0.1,3,4,-6.605094626714497,0.0174631896665557,0.4677409878328463,-0.2940054366750135,0.4762215907410303,738.8497808311553,5.702225565250299,0.747068790551677,1080,Yes,9.263400554656982
10.0,0.05,0.1,4,5,-6.605081936541598,0.0151155595914247,0.4848238531939109,-0.2490213880038682,0.450001984082809,738.8404047591821,5.699249718063175,0.8414128264649772,1060,Yes,9.317749738693236
10.0,0.05,0.5,3,3,-6.5774331300762885,0.01952028015198,0.4853059209852463,-0.2924165099781378,0.4914470298008903,718.6921702387298,5.728338175294749,0.743522158167126,1090,Yes,9.612355470657349
10.0,0.05,0.5,5,3,-6.559096191765439,0.0174390484525823,0.4516440443728396,-0.2122977305248566,0.4704495077162111,705.6336488009078,5.699663601649606,0.7021449988716816,1080,Yes,9.460597276687622
10.0,0.05,0.5,2,3,-6.56450754198545,0.0155291871239744,0.4800379499532423,-0.2693069565407653,0.5122802365877929,709.4624296956771,5.70749156155926,0.6820232526872082,1060,Yes,9.199365854263306
10.0,0.05,1.0,4,2,-6.574970316508244,0.0212236721912476,0.4862883426560844,-0.3214542780995503,0.5267348106000739,716.9243432183599,5.753594409120865,0.6351538276217912,1060,Yes,9.33242654800415
10.0,0.05,1.0,2,3,-6.576328934312449,0.0207667599526311,0.485596205213058,-0.2821792223032122,0.4909833349901289,717.8990313597288,5.753459631576419,0.7438016245790355,1060,Yes,9.338250398635864
10.0,0.05,1.0,1,2,-6.574559076078225,0.0191132600070845,0.4828179479496547,-0.3603576049776924,0.5302807901097965,716.629575557508,5.750439234900123,0.5570230691054951,1060,Yes,9.264010906219482
10.0,0.05,2.0,4,2,-6.585933328065792,0.0213877619748905,0.4860739690107415,-0.3214542780995503,0.5267348106000739,724.8272336663006,5.802772006309375,0.6354138184722489,1060,Yes,9.501346826553345
10.0,0.05,2.0,1,2,-6.589367306530697,0.019146224683736,0.4828004565869654,-0.3603576049776924,0.5302807901097965,727.3205533303586,5.80096027541861,0.5573641265291557,1060,Yes,9.213306427001951
10.0,0.05,2.0,3,3,-6.586234141189401,0.0185328927098438,0.4825158603694114,-0.1707705483899123,0.4764511845152012,725.0453040081023,5.801182324264194,0.8457920382734012,1060,Yes,8.447295427322388
10.0,0.05,5.0,1,2,-6.633015838060392,0.0210893297032469,0.4847714060781916,-0.2645525958265344,0.5194218276026452,759.7700624235719,5.946768631050822,0.7262302183866524,1060,Yes,8.486911535263062
10.0,0.05,5.0,2,2,-6.630213424347907,0.0210768537670233,0.4847842155729203,-0.2645525958265344,0.5194218276026454,757.6438530329959,5.945254495833956,0.7263466581675732,1060,Yes,8.203325510025024
10.0,0.05,5.0,5,2,-6.636543496697513,0.0117106928037579,0.4652773909140308,-0.1775281756230381,0.4932003800505331,762.4550048422943,5.962583973032934,0.7800970621972074,1060,Yes,8.571565866470337
10.0,0.1,0.01,1,6,-6.677233675148703,0.0202947989143565,0.4857765447891658,-0.1985574022968682,0.510085544514862,794.1192787962864,5.676046884724002,0.8825717172627133,1090,Yes,10.040763139724731
10.0,0.1,0.01,4,6,-6.678720848469324,0.0165127676456243,0.4677679699247703,-0.152611221277023,0.4705270136025913,795.3011504072399,5.672460792502583,0.9023396582033428,1070,Yes,9.56329607963562
10.0,0.1,0.01,5,7,-6.68172920483816,0.0131344007348984,0.4687477862491721,-0.1832261601795367,0.5156458904782474,797.6973021202043,5.680320853768248,0.8591738474413783,1090,Yes,10.391599178314207
10.0,0.1,0.05,2,7,-6.600092081563596,0.0221472061162419,0.4868030416260336,-0.0677637952706576,0.4276775793927172,735.1628810729271,5.656401887248661,0.9179302917510264,1060,Yes,9.418864250183104
10.0,0.1,0.05,4,9,-6.598878421279316,0.0212630562024304,0.4882390671003254,-0.0670252982134288,0.4554575617474854,734.2711842996257,5.637205796021532,0.937747208850311,1060,Yes,9.817756175994871
10.0,0.1,0.05,1,5,-6.6289407247574745,0.0206230837869197,0.4856542063532612,-0.1511251076356175,0.4844231010235861,756.6802133535319,5.6866652410067005,0.8739591933660096,1070,Yes,9.682421922683716
10.0,0.1,0.1,4,5,-6.603852645398935,0.0208594805151726,0.4862932547966828,-0.1526745129038867,0.4789919774775433,737.9327128169077,5.690231898919838,0.8746616824807777,1060,Yes,9.48206067085266
10.0,0.1,0.1,1,6,-6.606964762874015,0.0205100881231307,0.4850336293914626,-0.0734940733914707,0.4706967278431139,740.2328233585708,5.686667348464359,0.8876784807835602,1060,Yes,9.459326982498167
10.0,0.1,0.1,3,6,-6.60735615078498,0.0167920074800408,0.4847450439546468,-0.1309056827295296,0.4794556371877947,740.5225982404268,5.684801595854305,0.8826716242274558,1060,Yes,9.63741374015808
10.0,0.1,0.5,1,3,-6.578661286341345,0.0201964880410952,0.4850437367364004,-0.2553136862687208,0.4748871005953202,719.5753787782891,5.724505345078652,0.8079608180385458,1060,Yes,9.527569770812988
10.0,0.1,0.5,4,3,-6.579696549310098,0.0175410237851694,0.4803738376776091,-0.2817846033273745,0.4889308340851815,720.3207142637095,5.718813475434224,0.7305044572869861,1060,Yes,9.17956042289734
10.0,0.1,0.5,3,3,-6.565791671770761,0.0149786386402201,0.4700777151416992,-0.2137508933815811,0.4965712837872276,710.3740567316512,5.708360993934714,0.6968350063883738,1060,Yes,9.358937501907349
10.0,0.1,1.0,1,3,-6.57558429374533,0.0194239374675944,0.4849587271286165,-0.2543019699316097,0.4850306047124217,717.3646536022537,5.756592878567991,0.8072827051008111,1060,Yes,9.40593957901001
10.0,0.1,1.0,2,3,-6.57275300396621,0.0192085986339302,0.4766993657948326,-0.2126222691217298,0.4918699072240647,715.3364589488715,5.750457961420033,0.7279179962021469,1060,Yes,9.514410734176636
10.0,0.1,1.0,3,3,-6.562682697532553,0.0106283900498808,0.4566050193148899,-0.2718459938493154,0.5060507524409036,708.1689516733514,5.743157972753779,0.6670184908465395,1060,Yes,9.241254091262816
10.0,0.1,2.0,3,3,-6.588274641406569,0.0186261877856858,0.4824664522878011,-0.289939635859379,0.4819323172889948,726.5262695497916,5.800020030582363,0.7424767122319642,1060,Yes,9.460259675979614
10.0,0.1,2.0,2,3,-6.596765908956422,0.0142593610495075,0.4780227210754123,-0.2459682063353769,0.4631566001875996,732.7216646403881,5.822779635401148,0.8136254716715644,1060,Yes,9.203692436218262
10.0,0.1,2.0,1,3,-6.588659462123032,0.0107464714648801,0.4751289120978937,-0.3473000075052339,0.497493891244308,726.8059057108121,5.804331669122569,0.6081779418596372,1060,Yes,9.170137643814089
10.0,0.1,5.0,3,2,-6.632641947314296,0.0190730268470195,0.4828392960369503,-0.2654453847564926,0.5183914653485094,759.4860445272111,5.947335583599313,0.7207528622533794,1060,Yes,8.405750513076782
10.0,0.1,5.0,4,2,-6.635755417875908,0.0132024550383318,0.4750181345621574,-0.2687191310803362,0.5144805277215989,761.854366906656,5.944537452526971,0.7266055860212939,1060,Yes,8.677215337753296
10.0,0.1,5.0,2,2,-6.633414212826732,0.0129807606341078,0.4749618163922925,-0.3250117139482874,0.5223963101037532,760.072795941355,5.948169303234643,0.6355306188029075,1060,Yes,9.389770030975342
10.0,0.5,0.01,3,11,-6.690550152995535,0.0158388160024007,0.4665603055642088,-0.1319442451744164,0.4684541677210322,804.7648741841311,5.64088418202204,0.9524133151684838,1130,Yes,11.03925895690918
10.0,0.5,0.01,1,10,-6.664952716695311,0.0145407038268783,0.4800456450522989,-0.1418303049330285,0.4678945339902848,784.4263738328478,5.621853465809979,0.9286283993464856,1070,Yes,10.132874727249146
10.0,0.5,0.01,5,10,-6.677845742470017,0.0087188401744247,0.4730209843026418,-0.1329362357767335,0.4604680873761593,794.6054820354416,5.627441151131233,0.924901653891504,1110,Yes,10.54537582397461
10.0,0.5,0.05,3,13,-6.641691616745818,0.0192970130465446,0.4840331136578844,-0.079708871339574,0.4480326985016337,766.3903358252699,5.642668771457626,0.954122972747336,1060,Yes,10.992050170898438
10.0,0.5,0.05,4,13,-6.602373324731499,0.0145467401794878,0.4795040231851495,-0.0231656365536563,0.4260581795243782,736.8418807478031,5.609525904349071,0.9322110862273192,1180,Yes,11.558762073516846
10.0,0.5,0.05,1,8,-6.607500071427897,0.0138926719953338,0.4786905615816929,-0.1084723041527341,0.4612322344344957,740.6291823985064,5.632348507537879,0.9296077719763922,1100,Yes,10.136905431747437
10.0,0.5,0.1,3,10,-6.619126910488268,0.0211135520519061,0.4841259124497369,-0.042051190868304,0.4543880337669705,749.2906136661102,5.653983965910937,0.9438264940543136,1100,Yes,10.576934099197388
10.0,0.5,0.1,5,10,-6.6226776937507,0.0171893337662328,0.4798665673568445,-0.0852804875879162,0.4062468958756313,751.9559113827216,5.645139570407571,0.937824663011104,1220,Yes,11.083006143569946
10.0,0.5,0.1,4,9,-6.6050965940503605,0.0109797509748709,0.47204530373129,-0.1410690147008578,0.4041920619281647,738.8512343982563,5.646772564541347,0.9378976551130404,1170,Yes,10.767147779464722
10.0,0.5,0.5,3,6,-6.590978084951657,0.0186737174306103,0.4782284856650026,-0.1398290039350291,0.4308724118295288,728.4930496451512,5.723238857288537,0.854967045793974,1080,Yes,9.632020235061646
10.0,0.5,0.5,2,4,-6.591987917807444,0.0172068226959607,0.4790376861744626,-0.2697461505441912,0.4738357078292897,729.2290774318683,5.725652768636985,0.7653532752041832,1120,Yes,9.976814031600952
10.0,0.5,0.5,4,6,-6.562456742106487,0.0148717105360081,0.4822850986879256,-0.1134298110839853,0.5386207331764876,708.0089551328729,5.694291964139764,0.8709974341729,1070,Yes,9.202624559402466
10.0,0.5,1.0,3,3,-6.593808472652045,0.0189603830985416,0.4846067693078549,-0.3644362407964052,0.5082293540210842,730.5578881810145,5.75339025457951,0.6128562747679135,1060,Yes,9.090156316757202
10.0,0.5,1.0,4,4,-6.565585378347483,0.013880883362236,0.4797697835234366,-0.2021195979546159,0.498494534187142,710.2275263503267,5.735638620879635,0.8273509226633984,1060,Yes,9.128294944763184
10.0,0.5,1.0,5,5,-6.589353153386584,0.0099791278395644,0.4751039441603173,-0.163519483923866,0.4436375415888034,727.3102595305955,5.748519089134807,0.9020326106211242,1060,Yes,9.1170175075531
10.0,0.5,2.0,3,3,-6.595226017959058,0.0209590788278997,0.4851116099213262,-0.3308080416205192,0.4871567171909188,731.5942214380423,5.802687273552773,0.6749665543300151,1120,Yes,9.964664936065674
10.0,0.5,2.0,5,3,-6.594426088947014,0.0209257906569036,0.4854695764321609,-0.2917818177345722,0.4899438296064919,731.0092320014752,5.797978907319987,0.7462241382827269,1060,Yes,8.948878765106201
10.0,0.5,2.0,1,3,-6.598570480003573,0.0095703083854198,0.463417306979574,-0.3262110357575666,0.5002805312593112,734.045106705489,5.81876208863484,0.6749807948939186,1060,Yes,9.518009424209597
10.0,0.5,5.0,1,2,-6.637757052312672,0.0152792362532342,0.4784950323296746,-0.3623554756596206,0.5288677526372741,763.3808480622206,5.957749065818052,0.5543437909874177,1060,Yes,9.27116346359253
10.0,0.5,5.0,2,2,-6.640952825789207,0.0131224268788149,0.4857797757838277,-0.268813750534994,0.5200658747852109,765.824342676982,5.9524985102859205,0.7258937896651476,1060,Yes,8.77688980102539
10.0,0.5,5.0,3,2,-6.632375681647436,0.0125806935265303,0.4748601852870743,-0.3250117139482874,0.5223963101037532,759.2838463894998,5.947716671916732,0.6334613877125472,1060,Yes,9.205307006835938
10.0,1.0,0.01,1,15,-6.713551181129196,0.0151726404732467,0.4689222887543984,-0.0974665575547627,0.491802772935675,823.48981461271,5.590023073653925,0.9551641986831404,1350,Yes,12.971349000930786
10.0,1.0,0.01,4,23,-6.71818544595863,0.011597250139542,0.4657111138308551,-0.095433928252267,0.4202448329742487,827.3149409764252,5.569281148872395,0.963263054257242,1250,Yes,14.930911302566528
10.0,1.0,0.01,2,17,-6.719481164283828,0.0113356880440771,0.4813885890186929,-0.0490518634161844,0.4676363012668367,828.3876028899347,5.657115891911654,0.9741855416145764,1170,Yes,12.067428588867188
10.0,1.0,0.05,1,12,-6.657278095889514,0.016479015861287,0.4648021385784812,-0.0860706165348826,0.4377951462010244,778.4292411590111,5.616513523358696,0.9428161048321811,1640,Yes,14.807811260223389
10.0,1.0,0.05,5,11,-6.667112890319564,0.0137595702111973,0.4751188556005788,-0.1324573006574609,0.4329916554362345,786.1227025183741,5.665547972135232,0.9479250653397197,1130,Yes,10.74366283416748
10.0,1.0,0.05,3,13,-6.633944565044285,0.0111532051809733,0.4799563554293701,-0.1025513330735421,0.4689071505290698,760.4760091472423,5.609620502499255,0.9588365956694016,1470,Yes,14.009286403656006
10.0,1.0,0.1,2,8,-6.599991776938251,0.0156802028949182,0.4799638076521223,-0.1470875695348912,0.4501259400307061,735.0891445336932,5.644743852603593,0.8967471734380775,1060,Yes,9.628969430923462
10.0,1.0,0.1,5,14,-6.619551628018482,0.0134564194853996,0.4728766117604558,-0.0757219528513597,0.4427657669111289,749.6089181149142,5.632788142398451,0.9356210850057404,1350,Yes,12.513038635253906
10.0,1.0,0.1,1,10,-6.639649217293823,0.0121359309933127,0.4791470665920437,-0.1663363471548211,0.4245959095241848,764.8266579942989,5.642806455630113,0.9063805428153257,1360,Yes,13.098063230514526
10.0,1.0,0.5,1,7,-6.561420267629235,0.0181800166840939,0.4801161476861132,-0.0513466389902626,0.4410629301283497,707.2755020895532,5.690453482270486,0.8612993428197233,1120,Yes,9.900330305099487
10.0,1.0,0.5,5,6,-6.601229907997257,0.0138368722288718,0.4712034644385132,-0.2081449442089998,0.4621794775355392,735.9998449015445,5.726525516403322,0.8040602740762558,1120,Yes,9.599239826202393
10.0,1.0,0.5,2,5,-6.59730861520445,0.0138292725918971,0.4755270151268663,-0.144402260045992,0.399067945940285,733.1194251896591,5.737086910406569,0.8547374806520562,1060,Yes,8.890848875045776
10.0,1.0,1.0,1,5,-6.593211112073647,0.0159419715786805,0.4766961691571587,-0.2714018313711882,0.4818754922189111,730.121612018441,5.754802357450605,0.7808589104756856,1130,Yes,10.01268482208252
10.0,1.0,1.0,2,5,-6.604861310354118,0.0152358966739545,0.4825150812035725,-0.1810934098603431,0.4656023098423326,738.6774151980676,5.806955051747514,0.8757104370512301,1070,Yes,9.477784872055054
10.0,1.0,1.0,4,4,-6.598423522669915,0.0095112658319075,0.466879586284711,-0.2855784608217181,0.533096190224363,733.9372413198214,5.792642039968227,0.7951140389672838,1080,Yes,9.649311304092407
10.0,1.0,2.0,1,3,-6.598851442959437,0.0210397892223834,0.4855435020304558,-0.2753012079044893,0.4803521205103611,734.2513751639473,5.806679797260702,0.7431348314897759,1060,Yes,8.93711233139038
10.0,1.0,2.0,5,3,-6.60679164920046,0.0179412036648592,0.4779011532755159,-0.311668719954153,0.4816941069258294,740.1046900263691,5.835869411879186,0.7516873470885155,1070,Yes,9.014506340026855
10.0,1.0,2.0,4,4,-6.607365245338635,0.014818930968356,0.4354032610637989,-0.2819000046537898,0.471485582176426,740.529332993554,5.837343137626751,0.8087407695388693,1060,Yes,9.309653759002686
10.0,1.0,5.0,1,2,-6.641081075724845,0.0211647409642895,0.4863653328358938,-0.3868050687625622,0.5345418474664443,765.9225658980663,5.94571697279243,0.4917203162178523,1060,Yes,9.415611505508425
10.0,1.0,5.0,5,2,-6.646329776281176,0.0169206121005058,0.4760024935053609,-0.3238714781323874,0.523319881776823,769.9532327240568,5.980847332210036,0.6245143307539442,1060,Yes,8.99522066116333
10.0,1.0,5.0,3,3,-6.638303657384729,0.0135404346841819,0.4847787901645352,-0.1814248624670216,0.4349676669459305,763.7982299668238,5.9602681621985445,0.8493189630978907,1060,Yes,8.24557375907898
10.0,2.0,0.01,2,16,-6.7393210616544135,0.0191638708602229,0.4601102812329202,-0.1440987643658123,0.3975562883767221,844.9868470835349,5.569993847445291,0.9547915801552248,1070,Yes,11.3899827003479
10.0,2.0,0.01,5,10,-6.721952521292827,0.0149250281837786,0.4682877084289278,-0.1553110375980443,0.4644631052038966,830.437376216075,5.634594789105516,0.9349341127047692,1060,Yes,10.24802851676941
10.0,2.0,0.01,3,17,-6.706589778158564,0.0129158329104318,0.4670631731265473,-0.0889254856018268,0.4707328766868461,817.7770775737328,5.614526399497467,0.9686156914452464,1400,Yes,13.940512418746948
10.0,2.0,0.05,2,10,-6.675413682671214,0.0184532149092705,0.4824381123071689,-0.1586304517909869,0.4569588499475104,792.675302094598,5.623723237671683,0.9273000465092256,1110,Yes,10.311409711837769
10.0,2.0,0.05,5,12,-6.666611446347083,0.0173203747875935,0.4866059818832444,-0.0996175932287378,0.4900106844001767,785.7286048447753,5.610746243954738,0.9329625979349196,1170,Yes,11.508807897567747
10.0,2.0,0.05,3,10,-6.676245469047326,0.013230279375394,0.4658834445757389,-0.0768299654036513,0.4025328163546373,793.3349129011721,5.672032391043486,0.9318738628031964,1100,Yes,10.440266847610474
10.0,2.0,0.1,2,11,-6.65960556776307,0.0202378652562198,0.4600745820538602,-0.1020646164225579,0.4000796514454757,780.2431233844578,5.621845551365181,0.9285344292768312,1190,Yes,11.296648740768433
10.0,2.0,0.1,4,12,-6.616476840194974,0.0123056557516437,0.4753459869596788,-0.1323335193147845,0.4426872127278676,747.3075696333857,5.590439954310922,0.9207374007712052,1170,Yes,12.053729057312012
10.0,2.0,0.1,1,9,-6.640403825223679,0.0095565596499155,0.4618894692681327,-0.1466128374988324,0.4306143010277226,765.4040200689888,5.67145534791115,0.8946390216253014,1300,Yes,11.275286197662354
10.0,2.0,0.5,2,5,-6.612067391897351,0.0194928897575971,0.4762587649498385,-0.2794667820720889,0.4638068028229106,744.0196099142373,5.701965513311497,0.7024389644572633,1090,Yes,10.338486194610596
10.0,2.0,0.5,5,6,-6.602543514320537,0.0187789912035486,0.4804050986835741,-0.1420255986894807,0.4819476583189455,736.9672942364061,5.718720699145999,0.8748871866536323,1080,Yes,9.700765132904053
10.0,2.0,0.5,4,7,-6.598592270023549,0.0136915436717719,0.4735168859941788,-0.1666460549569157,0.4763143082194194,734.0611017372928,5.706962207765234,0.8314458923385946,1120,Yes,10.31641125679016
10.0,2.0,1.0,5,4,-6.596791980300441,0.0215096774801933,0.486776306447621,-0.2937839707916229,0.5193977072268073,732.7407679280008,5.754603490527243,0.7366771759614681,1080,Yes,9.498676776885986
10.0,2.0,1.0,2,4,-6.597333553722448,0.0203849473565772,0.4811513233038113,-0.2342992932091232,0.5006498716440487,733.1377083296153,5.746817079262472,0.7856461672612983,1210,Yes,10.5588960647583
10.0,2.0,1.0,1,4,-6.596899149894457,0.0094591681290466,0.4630060998569177,-0.2616977459165459,0.4657524469493206,732.8192996666506,5.776132209961342,0.8027490406235316,1130,Yes,10.260070323944092
10.0,2.0,2.0,2,4,-6.605593372795136,0.019082930196427,0.4820173626312054,-0.1721979367778792,0.4306293792488844,739.218371172379,5.799482695620256,0.873722291119594,1070,Yes,9.518373012542725
10.0,2.0,2.0,4,3,-6.607040172558226,0.0127164041267482,0.4846491596100629,-0.2919362299979882,0.4768788980199212,740.2886461867873,5.808009889728592,0.7481854782517762,1070,Yes,9.149287939071655
10.0,2.0,2.0,5,5,-6.599911561842505,0.011543755489006,0.4750203413173741,-0.2798485113234127,0.5345374275372475,735.0301816524707,5.807479972696943,0.8017007670725328,1060,Yes,9.608669519424438
10.0,2.0,5.0,2,2,-6.6424818300085455,0.0191796048094395,0.4827827447831622,-0.3603576049776924,0.5302807901097965,766.9961869773468,5.940358074424204,0.5573681647151134,1060,Yes,9.290235996246338
10.0,2.0,5.0,1,3,-6.640580677652533,0.0138714540793331,0.4668450294098378,-0.2565266008341441,0.4874501853827639,765.5393955993858,5.968030107964813,0.7417743011251529,1060,Yes,9.351483583450316
10.0,2.0,5.0,4,2,-6.639584923998387,0.0138377201309274,0.4784872821938318,-0.3247901617075263,0.5238294152382549,764.7774863487397,5.9501845186080455,0.6356579145117579,1060,Yes,9.480724573135376
10.0,5.0,0.01,2,14,-6.696988129790914,0.0205991410055531,0.4863275343831249,-0.0932136485684831,0.4829247174871626,809.9626453821525,5.587178683090592,0.9626229369438052,1080,Yes,10.991104125976562
10.0,5.0,0.01,5,11,-6.729249772730894,0.016181129077171,0.479653075568997,-0.1625857288676409,0.4316741681015398,836.5194507784455,5.6059502776337125,0.9253090371121518,1420,Yes,13.133472919464111
10.0,5.0,0.01,1,10,-6.731122836973279,0.0112020703197227,0.4837602294162571,-0.1115950744168246,0.4392747393875928,838.0877737761008,5.645519104925,0.9575833701419104,1710,Yes,13.567307949066162
10.0,5.0,0.05,5,10,-6.637566592559337,0.0220923225655555,0.4866262872932976,-0.11604506174695,0.4878941705955493,763.2354685791079,5.610004168438048,0.9040094318726838,1450,Yes,12.888036012649536
10.0,5.0,0.05,3,10,-6.641946153787913,0.0203298022860825,0.4866696312910206,-0.122358058152322,0.4481175968849285,766.5854353834201,5.604556382527034,0.9485841818007325,1100,Yes,9.86508297920227
10.0,5.0,0.05,4,9,-6.642037194458911,0.0118249732802211,0.4785898199009539,-0.1417786833982905,0.4607243521512112,766.6552290128162,5.60047437323002,0.9441830705394502,1250,Yes,11.087079524993896
10.0,5.0,0.1,5,10,-6.619753533790063,0.0222251008874873,0.4864315610028311,-0.081584457845629,0.4769904707127847,749.760283762195,5.637043209145011,0.921045327421182,1220,Yes,11.297253847122192
10.0,5.0,0.1,2,10,-6.594571908345649,0.0209387145497014,0.486289073962578,-0.114471545767713,0.4445805294415448,731.1158351002932,5.63288209827361,0.9361655701206484,1190,Yes,10.938403367996216
10.0,5.0,0.1,1,10,-6.628452178308843,0.0123231437985541,0.4957705582047896,-0.0823843042166549,0.4500756459895926,756.3106302091653,5.6397738861614535,0.9394548212619446,1270,Yes,11.128909587860107
10.0,5.0,0.5,2,4,-6.585642190748561,0.0216801715510914,0.4836391283269213,-0.1679137734882492,0.4937825796847487,724.616240125572,5.699041773238562,0.808316824420591,1170,Yes,10.175949573516846
10.0,5.0,0.5,3,5,-6.602291849689492,0.0200795723110509,0.4861224663052195,-0.1776745089773469,0.4993836838956854,736.781848970196,5.709381318364009,0.8676599027041128,1270,Yes,11.068345069885254
10.0,5.0,0.5,5,8,-6.606131058100794,0.0194081518967877,0.4821302220890977,-0.1341250367479258,0.4258193142526928,739.615944903429,5.7152184146874285,0.9152052607983052,1200,Yes,11.055002927780151
10.0,5.0,1.0,5,7,-6.603010578853888,0.0184737949914237,0.4843985316977793,-0.1945540714745378,0.5039211832925591,737.3115859187415,5.75598085346651,0.8837987010685049,1220,Yes,11.090619325637816
10.0,5.0,1.0,2,6,-6.598491880624232,0.0127420713424024,0.475818121317416,-0.204695713791536,0.4941696494127491,733.9874134830491,5.752172988728793,0.8670843017978082,1140,Yes,10.251054525375366
10.0,5.0,1.0,4,6,-6.599101676649185,0.0120197126303507,0.4758669195738467,-0.2214476951667972,0.459081067674784,734.4351325849468,5.764971467611028,0.8551378000231717,1080,Yes,9.730398654937744
10.0,5.0,2.0,5,3,-6.608635928101158,0.014969827056372,0.4817468461987562,-0.3230672379191746,0.5035544091770064,741.4709089476069,5.806206148400765,0.7472428737663079,1060,Yes,8.957714080810547
10.0,5.0,2.0,2,4,-6.599509638736164,0.0102235352790602,0.4638050097514324,-0.299196581081715,0.4680062761825995,734.7348153998438,5.823554966855169,0.7498200694522793,1060,Yes,9.039211750030518
10.0,5.0,2.0,4,5,-6.607842302355967,0.009441616866934,0.4636112121641993,-0.2924103992967124,0.4676930111845145,740.8826919878907,5.82060820081668,0.7846801038285471,1070,Yes,9.765188455581663
10.0,5.0,5.0,5,3,-6.6410535918929074,0.0211515115506619,0.4846400486884097,-0.2493268386632029,0.4927618625802163,765.9015157002596,5.948459694995685,0.7449623871274765,1060,Yes,9.651838541030884
10.0,5.0,5.0,1,3,-6.648373010017789,0.0143338446768367,0.4592029222578364,-0.2168200716390334,0.4538027443782251,771.5280354419191,5.981119908806146,0.8193684125773959,1060,Yes,9.327443599700928
10.0,5.0,5.0,2,2,-6.638283268027496,0.0112895666144844,0.4649148929710641,-0.4104368442461968,0.5312372922891815,763.7826567706228,5.956649322611151,0.4401109070212724,1060,Yes,9.41637682914734
20.0,0.01,0.01,2,4,-6.670852648460081,0.016242184367828,0.4860666400527036,-0.1719482455899819,0.4393811137337757,789.0681154276882,5.693313226462817,0.8627626665629943,1060,Yes,9.8242769241333
20.0,0.01,0.01,1,5,-6.668971637814446,0.0159727723430716,0.4858901225145858,-0.1916804293987528,0.4354814111086066,787.5852649684056,5.691072208045664,0.8506599256527129,1060,Yes,9.558022499084473
20.0,0.01,0.01,4,5,-6.670681627025874,0.0098323706128682,0.466268595778022,-0.213195873061356,0.4118709914864892,788.9331794057055,5.7287604335002005,0.8477335081830176,1060,Yes,9.0286226272583
20.0,0.01,0.05,3,5,-6.618887759354116,0.019953918099768,0.4853525322987544,-0.1001937857421821,0.4189370714640234,749.1114413915234,5.6934906575332285,0.8918994425682174,1060,Yes,9.347902059555054
20.0,0.01,0.05,4,4,-6.620824915176773,0.0170056027017398,0.4671218026690704,-0.1378334113737491,0.4136211686746174,750.5639934376269,5.694777661867351,0.8528788541703172,1060,Yes,9.213655710220335
20.0,0.01,0.05,2,3,-6.619703202501921,0.0161909059991847,0.4866231901355302,-0.3207602927981516,0.4948035109401796,749.7225483109605,5.702135699640575,0.6661638241433608,1060,Yes,9.420374870300291
20.0,0.01,0.1,1,4,-6.600740289212252,0.019664284654278,0.4853521919849632,-0.1457440569384868,0.4271872789590948,735.639573756677,5.701368188271076,0.8915051266179338,1060,Yes,9.328929901123049
20.0,0.01,0.1,2,4,-6.600753511548464,0.019633512598821,0.4852502540579027,-0.1880905297445616,0.4435905287777912,735.6493006947588,5.704204242116381,0.8609104250991927,1060,Yes,9.25248670578003
20.0,0.01,0.1,3,4,-6.601314780018821,0.0196048213503016,0.4849197100157218,-0.2112928009952954,0.4292602718915972,736.0623133471266,5.701594147270737,0.8586430789103779,1060,Yes,9.164961338043211
20.0,0.01,0.5,1,3,-6.572731506149292,0.0200840536407426,0.4849529976705614,-0.240863402889747,0.4789245478345943,715.3210809419398,5.723407860678054,0.8060843620365208,1060,Yes,9.161828517913818
20.0,0.01,0.5,2,3,-6.572693623181096,0.0200294267594042,0.4846684711980386,-0.3364876556485999,0.4923227447567692,715.2939829694595,5.719836742422803,0.671810849340001,1060,Yes,9.702114343643188
20.0,0.01,0.5,3,3,-6.542953240440581,0.015892549686765,0.4835556175317967,-0.2986088305846273,0.5396934497612585,694.3340886626769,5.695503017977239,0.6490732942736885,1060,Yes,9.837435245513916
20.0,0.01,1.0,2,3,-6.573018728149965,0.0214211024009975,0.4854871075840302,-0.2621699474241757,0.4878789505738437,715.5265664024909,5.748332970951922,0.7353824577436794,1060,Yes,9.015953302383425
20.0,0.01,1.0,3,3,-6.574420135952556,0.0210377393909478,0.4854016452234132,-0.2287045821548562,0.4681115817429079,716.5300138709383,5.755786752515811,0.8080966051330586,1060,Yes,9.608082056045532
20.0,0.01,1.0,1,3,-6.572679065406043,0.0188388581605964,0.4821633102424478,-0.2236264110751293,0.4675364021157609,715.283569956354,5.748512679079456,0.80761744915259,1060,Yes,9.29537057876587
20.0,0.01,2.0,3,3,-6.585852194229058,0.0211974445604468,0.4855076009241357,-0.2327487981300039,0.4674565507622479,724.7684280374591,5.8051933792181085,0.8154628377877806,1060,Yes,9.188359022140505
20.0,0.01,2.0,1,2,-6.584932190685166,0.0191456265343613,0.4828007739705627,-0.3223927168892125,0.5255250602052817,724.1019451454845,5.799314074361035,0.6357657266141314,1060,Yes,9.288624048233032
20.0,0.01,2.0,2,2,-6.584947645171113,0.0129837103685089,0.4784826907143699,-0.3623554756596206,0.5288677526372741,724.113135855293,5.799276570312986,0.5571800451301913,1060,Yes,9.42315411567688
20.0,0.01,5.0,2,2,-6.630098286553851,0.0135545349008968,0.4784857596829369,-0.1745289058991491,0.5036760656421779,757.5566246128177,5.944566829654628,0.7863920289931356,1060,Yes,9.120429754257202
20.0,0.01,5.0,3,2,-6.630182136189654,0.0135259936742774,0.4784856062345086,-0.1745289058991491,0.5036760656421779,757.6201481230657,5.945460363930534,0.7861132301695674,1060,Yes,9.19549036026001
20.0,0.01,5.0,1,2,-6.630106010798679,0.0108295689594947,0.4757827865677203,-0.2697269973272247,0.5149124740505626,757.5624761882566,5.945101696192771,0.7228157706848815,1060,Yes,8.529520511627197
20.0,0.05,0.01,3,3,-6.6759603496597535,0.0172275941606015,0.4683261847867092,-0.2882035443110203,0.4858355707815898,793.1087499799146,5.694418020807926,0.7473827962730689,1070,Yes,9.08676791191101
20.0,0.05,0.01,4,5,-6.673970264601262,0.0164673275793471,0.485007521521377,-0.1647122662736584,0.4531316320951385,791.5319655947402,5.681393375849067,0.8997864362175175,1090,Yes,10.013653039932253
20.0,0.05,0.01,2,5,-6.674223599370299,0.0160222702716901,0.4858209986219737,-0.1394590229490303,0.4296659934304676,791.7325135642432,5.686437953952374,0.8953653970762393,1060,Yes,9.465545177459717
20.0,0.05,0.05,2,4,-6.626818064670638,0.0199999518293118,0.4854195225156923,-0.2759556520006269,0.4520261916945064,755.0757419422969,5.695574931059841,0.8085445465932043,1060,Yes,9.924127101898192
20.0,0.05,0.05,3,4,-6.626449584291682,0.0170545457518971,0.4675392720219282,-0.3001341815660887,0.4590055758691309,754.7975626017273,5.698374270650795,0.747387894660708,1070,Yes,9.22283697128296
20.0,0.05,0.05,4,4,-6.621547640220227,0.0161066987680588,0.4851262453287174,-0.2037182376084811,0.4561905591156027,751.1066409012343,5.698064706243777,0.8601580281692746,1060,Yes,9.474331140518188
20.0,0.05,0.1,3,6,-6.602492288449915,0.0211547537344355,0.4870738365776658,-0.1233003522860169,0.4844611350259136,736.9295434120568,5.688339737124772,0.8762006989081242,1060,Yes,9.423203706741331
20.0,0.05,0.1,2,4,-6.605195941722124,0.0205924987693128,0.4850038181741978,-0.3115376356942391,0.4929920895214359,738.9246411945105,5.695987724579653,0.6904875623051202,1060,Yes,10.02938151359558
20.0,0.05,0.1,4,4,-6.6022274530534375,0.0198466174171372,0.4852209056107667,-0.2566344174019728,0.4911319708523161,736.7344042252736,5.69881396778425,0.795454537703912,1060,Yes,9.613161087036133
20.0,0.05,0.5,3,3,-6.567690620883065,0.0191849154094807,0.4774223771535557,-0.2688822318381235,0.5022348292921156,711.72430253437,5.714987457322851,0.686131951496262,1100,Yes,9.65368103981018
20.0,0.05,0.5,2,3,-6.568411074321177,0.0189769661745734,0.4761021514264822,-0.3392071852336156,0.5151909818771794,712.2372515108585,5.710938040047172,0.5785830497837131,1060,Yes,9.122551679611206
20.0,0.05,0.5,4,4,-6.5596412476078205,0.0162311475459249,0.4651985819997,-0.2554273190442175,0.4886741525954425,706.0183633797081,5.702404434657674,0.7012956545137901,1060,Yes,9.417895555496216
20.0,0.05,1.0,4,3,-6.574506654533519,0.0210699397353601,0.4848220345611272,-0.2203250404013688,0.4656106566859593,716.5920097128137,5.760807003384402,0.8088716785868652,1060,Yes,9.408543825149536
20.0,0.05,1.0,3,3,-6.57670471861168,0.0209512804153929,0.4856074727757833,-0.2687551306154611,0.4921008727218982,718.1688572391361,5.757109390339608,0.7422926998178083,1060,Yes,9.293185472488403
20.0,0.05,1.0,2,3,-6.574391021620714,0.0204574765172399,0.485263568639631,-0.2971055982104688,0.4808393598985829,716.5091528820185,5.754859490340034,0.7327954653224441,1060,Yes,9.569053888320925
20.0,0.05,2.0,3,3,-6.587557484529827,0.0216798306496279,0.4856488733804748,-0.2491399989584566,0.493083079739786,726.0054230261068,5.798007890033273,0.7449268733638897,1060,Yes,9.463292598724363
20.0,0.05,2.0,1,3,-6.58729379400919,0.0215574186585404,0.4853101363257299,-0.2621699474241757,0.4878789505738437,725.8140075164603,5.80610875049947,0.735080888143818,1060,Yes,9.29452133178711
20.0,0.05,2.0,4,2,-6.586078429670139,0.0215012214777867,0.4859257408475086,-0.2642723362694149,0.5199036533419997,724.9324148915777,5.8003845270094745,0.7225380589824942,1060,Yes,9.02457332611084
20.0,0.05,5.0,1,2,-6.631501121921606,0.0192993592056286,0.4827192019916004,-0.3223927168892125,0.5255250602052817,758.6200976032587,5.946934584072273,0.638281524033488,1060,Yes,9.46641206741333
20.0,0.05,5.0,2,2,-6.631161761733149,0.0192185262204111,0.4827620927220825,-0.2654453847564926,0.5183914653485096,758.3626958223974,5.9442464393482535,0.7265135049337946,1060,Yes,8.571810007095337
20.0,0.05,5.0,4,2,-6.6307981994231335,0.0129218827502935,0.4749468593406089,-0.3250117139482874,0.5223963101037532,758.0870338420641,5.946608116569696,0.6357508728685315,1060,Yes,9.357410430908203
20.0,0.1,0.01,1,7,-6.677865911138904,0.0201148328255005,0.4849446665603439,-0.2399165131298686,0.4695401192089614,794.6215083319184,5.673043838777063,0.8218947358616138,1060,Yes,10.055757522583008
20.0,0.1,0.01,2,9,-6.688481168210309,0.0170200594140325,0.4614466220487127,-0.2071746257159286,0.4535018855835503,803.1015491941575,5.678084679648989,0.866961948734038,1070,Yes,10.645962715148926
20.0,0.1,0.01,4,7,-6.672784314036793,0.0169245425599549,0.4666333570456127,-0.2112416604501946,0.4460342716640299,790.5938042298064,5.670804374038262,0.8625950915034671,1060,Yes,10.150604486465454
20.0,0.1,0.05,1,10,-6.627056423116341,0.0200639812602594,0.4848666710246466,-0.0482924360643476,0.4884517219820773,755.2557420739577,5.6627788176780856,0.9449194743046372,1060,Yes,9.895286321640016
20.0,0.1,0.05,4,6,-6.623146071714267,0.0188628044898407,0.4848876028940831,-0.1675413880215347,0.4354638062246856,752.3081934553268,5.686014088774346,0.8983419372118064,1110,Yes,9.884526014328005
20.0,0.1,0.05,5,9,-6.593118334918953,0.0130130757479958,0.4810784101333022,-0.0564255105663517,0.4832337227978434,730.0538765548979,5.6574566251555805,0.9197996227421574,1130,Yes,10.546994924545288
20.0,0.1,0.1,4,6,-6.607105169668286,0.0211669750754299,0.4659927789723112,-0.1963093294885181,0.4832231856481276,740.3367643731546,5.69478209672516,0.8692689195114118,1060,Yes,9.719730615615845
20.0,0.1,0.1,3,6,-6.607161550730739,0.0198907029638684,0.4853649992544091,-0.0760030264663906,0.435435136801887,740.3785065232249,5.696703004846231,0.9285637217831252,1060,Yes,9.73832368850708
20.0,0.1,0.1,1,7,-6.607422885994697,0.0189648064291712,0.4842887599934015,-0.1021794572178369,0.4669790129573288,740.5720188203483,5.680241823578383,0.935694367668903,1060,Yes,9.590200424194336
20.0,0.1,0.5,4,4,-6.575943619989985,0.0198684317199768,0.4774335013054067,-0.3015690919618944,0.4753240125221246,717.6224678662223,5.715215728487261,0.6697433476666598,1070,Yes,9.921519994735718
20.0,0.1,0.5,2,5,-6.54888481686917,0.0191094259394433,0.4654219003195582,-0.1457437297850554,0.4937143321627048,698.4648231490418,5.688359109794152,0.8139247453856049,1140,Yes,10.132925271987917
20.0,0.1,0.5,1,3,-6.569441448511882,0.0156582077202323,0.4805909527628653,-0.339525728760597,0.5227250373489372,712.9715006031703,5.707227118842348,0.5772982964444596,1060,Yes,9.29895544052124
20.0,0.1,1.0,4,4,-6.577499744435529,0.0216471342854537,0.485360364548223,-0.1571712274647056,0.4626879728851374,718.7400470517651,5.747655853426507,0.8484697581826893,1060,Yes,9.402374267578123
20.0,0.1,1.0,2,4,-6.577891908430633,0.0206897496007247,0.4846017371076113,-0.31714558196878,0.477714648662502,719.0219662957339,5.754724348320885,0.6970517443484484,1060,Yes,9.696070909500122
20.0,0.1,1.0,1,3,-6.577728634137811,0.0197168074745356,0.4848725245336934,-0.3326294815597497,0.5016805038665579,718.9045780761636,5.7560399777852425,0.6678419922033039,1060,Yes,9.656781435012816
20.0,0.1,2.0,2,3,-6.590672616150739,0.0214110618048784,0.4854410398541837,-0.2670123067668445,0.4746816302513239,728.2705517316145,5.809006171998268,0.7445008562077184,1060,Yes,9.322504997253418
20.0,0.1,2.0,1,3,-6.589819400537982,0.0213190976316896,0.4849331035138995,-0.2845693488937437,0.4797645538909718,727.6494449332539,5.806297614226732,0.7459568039589584,1060,Yes,9.162452936172484
20.0,0.1,2.0,3,3,-6.590935425852764,0.0209675594054624,0.4857933485603971,-0.3293601049443757,0.4986807452257232,728.4619734509492,5.801736762584794,0.673926518508026,1060,Yes,9.823822736740112
20.0,0.1,5.0,3,2,-6.639222409825939,0.021348349111526,0.4861254595972075,-0.3214542780995503,0.5267348106000739,764.5002939172967,5.953615240321567,0.6297756790494626,1060,Yes,9.009885311126707
20.0,0.1,5.0,1,2,-6.632280174810046,0.0211142815756943,0.4847457870887345,-0.2645525958265344,0.5194218276026452,759.2113330534648,5.946129939854719,0.726267160180002,1060,Yes,8.238913774490356
20.0,0.1,5.0,4,2,-6.630970185005275,0.013497452447658,0.4784854527860803,-0.2684421907793849,0.5162719091397261,758.2174250942794,5.9477718927693175,0.7261452607438482,1060,Yes,8.406389713287354
20.0,0.5,0.01,5,13,-6.669425697549207,0.0205223903369095,0.4845693936616808,-0.1280947389656134,0.4435898810495093,787.9429569255313,5.575137103512201,0.9400583278042212,1250,Yes,12.249751806259155
20.0,0.5,0.01,2,13,-6.673449948584689,0.0180263260507582,0.4842364559600061,-0.1309518567618172,0.4510024002610986,791.1202259620632,5.605729481278408,0.9575739311410238,1060,Yes,11.129493713378906
20.0,0.5,0.01,3,13,-6.699189965053471,0.0166092521281244,0.4640245666319509,-0.1473099107152984,0.4225570205572135,811.7480145191696,5.618908006744142,0.9316633675343456,1090,Yes,11.51739740371704
20.0,0.5,0.05,5,11,-6.612345967531688,0.0216271588400329,0.4871596759712215,-0.0704172365614086,0.4479087149744359,744.2269045213013,5.627857947402952,0.9212250999410376,1060,Yes,10.363518953323364
20.0,0.5,0.05,2,11,-6.617459166741088,0.0208566196982068,0.4857219357180082,-0.1268507847503187,0.4555833734093132,748.0420303782312,5.614681385069029,0.9281305731597892,1070,Yes,11.014571905136108
20.0,0.5,0.05,3,12,-6.605748521392417,0.0128822708271162,0.4742746244909227,-0.0931208203027168,0.4028873814864133,739.3330687631061,5.61440336258517,0.9197869631366414,1180,Yes,11.866024255752563
20.0,0.5,0.1,5,10,-6.587125548350166,0.0214188565169471,0.4853386162585708,-0.1296109301255416,0.4532832246372518,725.6919027325247,5.622879340406968,0.9056925936011064,1130,Yes,10.935841083526611
20.0,0.5,0.1,1,12,-6.587157232662723,0.0133546089834334,0.4788256801454574,-0.1098779417495503,0.4431416900172559,725.7148961458547,5.60855451746522,0.9440348580648792,1090,Yes,10.975370407104492
20.0,0.5,0.1,3,8,-6.595035898912999,0.0112130712114684,0.4775950734336437,-0.0385673222924034,0.516729212000422,731.4551446635508,5.623463788754725,0.9117361826043632,1160,Yes,10.474923372268677
20.0,0.5,0.5,4,6,-6.561094255097838,0.0215927427482859,0.4824038254248726,-0.0946510447316873,0.4531908042797017,707.0449589947325,5.701517221000759,0.8342728748257799,1060,Yes,9.386611223220823
20.0,0.5,0.5,3,6,-6.593006256637622,0.0203194079072869,0.4844441994312889,-0.2140998970070105,0.5000697654667423,729.9720579562646,5.723227814271339,0.8252706889452062,1060,Yes,9.856111526489258
20.0,0.5,0.5,5,5,-6.589346091185623,0.018925780689289,0.4811839334509563,-0.212567889870432,0.5164678040549089,727.3051231375197,5.704883632893941,0.8065177033468455,1080,Yes,9.325571060180664
20.0,0.5,1.0,3,4,-6.58521385295227,0.0206405836749673,0.4838429717238551,-0.3173336314619577,0.4803289301354067,724.3059260664846,5.756130643274354,0.6887592857871991,1060,Yes,9.9832923412323
20.0,0.5,1.0,5,4,-6.590109626507635,0.0081317479316441,0.4732944255720667,-0.3449610978245729,0.4662687036068774,727.8606583473037,5.745877151668882,0.6889626769901384,1090,Yes,9.606553316116331
20.0,0.5,1.0,1,4,-6.592950303091844,0.0071582513622179,0.4618107502445899,-0.3000050052848566,0.4664213824427202,729.9312145739798,5.764334253437122,0.7497176953562753,1060,Yes,9.134504079818726
20.0,0.5,2.0,1,4,-6.598077749468764,0.0098172829540869,0.4633105366269025,-0.3109576750053982,0.4746255239109359,733.6835093598307,5.81944267077558,0.6933335779696913,1060,Yes,9.884631395339966
20.0,0.5,2.0,5,4,-6.593599574526235,0.0097145850230753,0.4749666630539232,-0.3536825189141014,0.4992999877704134,730.4052919464665,5.802199764246289,0.6420770680438945,1060,Yes,9.569197177886965
20.0,0.5,2.0,4,3,-6.596358688737195,0.0090546859535349,0.4630813603882769,-0.3416468792941133,0.4913751653410007,732.4233463082318,5.817217263040886,0.6651869806010655,1060,Yes,9.40599250793457
20.0,0.5,5.0,3,2,-6.634045101694244,0.0138525017868164,0.4784873616656043,-0.3247901617075263,0.5238294152382549,760.5524687010054,5.945647539123157,0.6384035702566632,1060,Yes,9.177444458007812
20.0,0.5,5.0,4,2,-6.636945973538026,0.0134407969256714,0.4856157733578353,-0.3894001626286075,0.5346345454339935,762.7619370860933,5.951590531840582,0.4944784962944439,1060,Yes,9.301432132720947
20.0,0.5,5.0,5,2,-6.633245110140522,0.0132616384936753,0.4750331692397483,-0.3625401025269215,0.5276734983585226,759.944276456648,5.945311250706875,0.5572612030122369,1060,Yes,9.295783281326294
20.0,1.0,0.01,1,13,-6.71358593824896,0.0192874076567653,0.4651776391398975,-0.1561165624610064,0.4290299352862582,823.5184372442379,5.599019320679257,0.9513884769633624,1300,Yes,12.1398663520813
20.0,1.0,0.01,3,13,-6.690780323825911,0.0188587507877395,0.4854997938980543,-0.1147227798985976,0.4384133442522284,804.9501289027777,5.571124783067062,0.9575711379315662,1800,Yes,16.59911298751831
20.0,1.0,0.01,5,20,-6.704370583292709,0.0151551036369653,0.4877078447159946,-0.0772330789420061,0.4545471998129389,815.9642830978394,5.602859965862988,0.9629114693964804,1250,Yes,14.250793933868408
20.0,1.0,0.05,1,14,-6.656670068234315,0.0171555662883616,0.4841225916597171,-0.0867408448326157,0.4707659325637758,777.9560785153346,5.5893716241916245,0.9358667273582996,1250,Yes,12.594107389450071
20.0,1.0,0.05,5,13,-6.6726833191997095,0.0098018361353918,0.4681866315311666,-0.1336525107700147,0.3840490436802174,790.5139623692246,5.651465246384326,0.9526800647498402,1080,Yes,10.8470618724823
20.0,1.0,0.05,4,16,-6.671273439229229,0.0076507581199694,0.4622728772073725,-0.0950398695830678,0.4542065526931854,789.4002178748109,5.634660074161091,0.9390849477046336,1360,Yes,13.023199319839478
20.0,1.0,0.1,5,10,-6.640093576474496,0.0138908135940565,0.4584187069163482,-0.0592944329770743,0.4216106688539445,765.1665912620425,5.678287083462372,0.9297958060697684,1580,Yes,13.43203830718994
20.0,1.0,0.1,1,14,-6.642191581798163,0.0129024729182458,0.4761482950362469,-0.0982352386491676,0.4063275480874079,766.7736000110034,5.617997340916435,0.924803302325724,1110,Yes,10.967814445495604
20.0,1.0,0.1,2,12,-6.616081690695287,0.0075938999272473,0.4749082913590201,-0.1574698129839623,0.4637130233337284,747.0123297569194,5.644404289578983,0.8881208861300584,1300,Yes,12.792086601257324
20.0,1.0,0.5,5,5,-6.589966930124926,0.0146172112869463,0.4852150250503103,-0.2601026525666197,0.4968556830366247,727.7568026743319,5.719054643913576,0.7582132737618632,1070,Yes,9.614850044250488
20.0,1.0,0.5,1,7,-6.602798271470657,0.0121731047946799,0.4787908522238411,-0.2169793375160138,0.4388362895972277,737.155065841081,5.718967248972482,0.875075703897455,1130,Yes,10.479056358337402
20.0,1.0,0.5,4,6,-6.5946935329831256,0.0105877557938435,0.4247718604908659,-0.2375439257105813,0.460170004245049,731.2047622064448,5.721290074651633,0.8307310182447016,1060,Yes,9.774784803390505
20.0,1.0,1.0,5,4,-6.594485718183962,0.0163022236361756,0.4661552500752732,-0.3093441238261853,0.4987444425365946,731.0528228238122,5.772309749487898,0.6625768463086976,1070,Yes,9.741429328918455
20.0,1.0,1.0,3,4,-6.576374215212655,0.0148120357328572,0.4814793503010701,-0.2905833085486964,0.5278627968468141,717.9315392101128,5.7371753025481285,0.6657313709755925,1110,Yes,10.065330505371094
20.0,1.0,1.0,1,6,-6.591952097292884,0.0143033998002426,0.4851179986499882,-0.2671304460172658,0.4895156071045784,729.2029565389174,5.763060305313225,0.807249926932686,1080,Yes,9.592632532119753
20.0,1.0,2.0,1,3,-6.599962501534948,0.0212605642454057,0.4852558097436366,-0.3162577074667886,0.4931213774025008,735.0676248175239,5.801694533095041,0.6759680285539021,1060,Yes,9.455355405807495
20.0,1.0,2.0,4,3,-6.605781904333617,0.0113701454193712,0.4604294051101562,-0.281395166713585,0.473403304102225,739.3577502874364,5.838034633358381,0.7460814053097221,1060,Yes,9.206385135650637
20.0,1.0,2.0,2,5,-6.609027270695839,0.0098950104053642,0.4532929217633757,-0.3230720235649016,0.4869266978766337,741.7611348821762,5.828490569994682,0.6601023712463103,1060,Yes,9.808184623718262
20.0,1.0,5.0,1,2,-6.633558929246023,0.0213090173445882,0.4861768442359648,-0.3595755726529739,0.53128891543879,760.1827989142108,5.947825556996538,0.5555253451477113,1090,Yes,9.242439270019531
20.0,1.0,5.0,4,2,-6.639794237942718,0.0157340870034075,0.4686651443869177,-0.3634679616290667,0.5239252479978506,764.9375816954524,5.976531514171271,0.5506815325645907,1060,Yes,9.353699445724487
20.0,1.0,5.0,5,2,-6.640663487718484,0.0147453934893031,0.4753044662578214,-0.3259025102015048,0.522113350440218,765.6027925921419,5.961401109928227,0.6313736469360807,1060,Yes,8.995608568191528
20.0,2.0,0.01,2,17,-6.72817848307504,0.0198277309933136,0.483981797022804,-0.0971898570559027,0.4442174421507391,835.6237759931334,5.5874560209828745,0.9596774275000268,1410,Yes,13.975748062133787
20.0,2.0,0.01,5,16,-6.69665059585329,0.0180705916466819,0.4834871821099855,-0.0309957908857098,0.4319508820005561,809.6893016351191,5.592374598140592,0.9687279939467692,1710,Yes,15.200636863708496
20.0,2.0,0.01,1,24,-6.735714266026642,0.0152614541609202,0.4687776228406153,-0.016431137622581,0.4724294747116309,841.9446418222643,5.578751526221303,0.974704061951706,1130,Yes,12.969112157821655
20.0,2.0,0.05,2,11,-6.6489322033022455,0.0183278995118377,0.4819392807996507,-0.1445011866723987,0.3947333985120972,771.9595893878972,5.6116889783437305,0.9361865900635266,1280,Yes,11.925230503082275
20.0,2.0,0.05,5,13,-6.670840305343297,0.0134558621761513,0.481143265216479,-0.1183186574487302,0.4167011377066137,789.0583759278971,5.614571884739196,0.9386327011823424,1060,Yes,11.010475158691406
20.0,2.0,0.05,1,10,-6.650634140751353,0.0090643000394414,0.4642057633965623,-0.1586943834831437,0.5063469893142268,773.2745349824445,5.629296596192087,0.8898609755612452,1620,Yes,14.875754594802856
20.0,2.0,0.1,2,9,-6.6625310196127625,0.0195981527318075,0.4828873540938147,-0.1526709821908229,0.4604445639612102,782.5290290962362,5.640688044395034,0.9126509524015052,1260,Yes,11.438751459121704
20.0,2.0,0.1,5,10,-6.6503168456372,0.0145678221465573,0.4783889823745668,-0.1159722764319346,0.3827824201294279,773.0292176716455,5.637733066890858,0.945539617818652,1240,Yes,11.971673727035522
20.0,2.0,0.1,3,11,-6.648972285006606,0.0119037902650884,0.4625407474577721,-0.143471496639356,0.4211580423952384,771.990531464039,5.656374294392276,0.9007949110619146,1460,Yes,13.555161952972412
20.0,2.0,0.5,4,8,-6.57507469144976,0.0200426842888254,0.4819383990758339,-0.065296543494892,0.4546814195277513,716.9991760600238,5.68125525045922,0.9180224504757024,1160,Yes,10.138466358184814
20.0,2.0,0.5,5,8,-6.611662194876542,0.0189857218085422,0.4814293583998985,-0.1423243597481449,0.4270523204986097,743.7181964549189,5.710444060877891,0.9159281864881406,1180,Yes,10.370936632156372
20.0,2.0,0.5,2,6,-6.607017843191305,0.0178982286502439,0.4793516717445729,-0.1711718435366538,0.45369120299123,740.2721161945321,5.702991304137252,0.8510201557348179,1140,Yes,9.465739727020264
20.0,2.0,1.0,2,7,-6.603794178613308,0.0196723011434996,0.4596181168524231,-0.192882637854407,0.4482129892139435,737.8895695244173,5.750072657758082,0.9201164441283292,1090,Yes,9.917270183563232
20.0,2.0,1.0,5,5,-6.602924133224504,0.0180375575190335,0.4833564672401928,-0.2629693592893555,0.4530110212725075,737.2478513094737,5.759696243253009,0.8389604844227522,1060,Yes,9.185059309005736
20.0,2.0,1.0,1,5,-6.597533695088538,0.0085898687128509,0.4633725367455554,-0.3049951139726236,0.4729428421078669,733.2844541965617,5.784835299776231,0.7944685582695032,1130,Yes,10.075881481170654
20.0,2.0,2.0,2,4,-6.607380079110333,0.0198136127709972,0.4844988609557394,-0.3371194104047197,0.4866776049168579,740.540317918089,5.800095420732811,0.6987548717546259,1070,Yes,10.042654752731323
20.0,2.0,2.0,3,4,-6.599607775579074,0.0110258347658737,0.4639229020200954,-0.2556287835368537,0.4477663922308203,734.8069234931754,5.827514789140041,0.8082102004017442,1090,Yes,9.596634864807127
20.0,2.0,2.0,1,5,-6.606051253817109,0.0103993194322762,0.4641864200044907,-0.284251353542484,0.4460978419258585,739.5569227378858,5.834352694139293,0.7863944996469784,1140,Yes,10.174554109573364
20.0,2.0,5.0,2,2,-6.637834679432606,0.0213844358382887,0.4860783144124625,-0.3595755726529739,0.53128891543879,763.4401094189828,5.941249179607278,0.5573590227774474,1060,Yes,9.250357389450071
20.0,2.0,5.0,1,2,-6.644789333320238,0.0165678801140397,0.4693883787311276,-0.3634679616290667,0.5239252479978506,768.7680767534032,5.976635849249514,0.5531040607969648,1060,Yes,9.296687364578249
20.0,2.0,5.0,4,3,-6.638640486398373,0.0141108498909158,0.4850440645005471,-0.329291877381351,0.5097063602474756,764.0555427040111,5.952740651010875,0.6133801328912314,1060,Yes,9.163070678710938
20.0,5.0,0.01,5,15,-6.731928530833075,0.018660292389396,0.4631455210281259,-0.1365060705017393,0.3961854548229486,838.7632880417082,5.588745776047145,0.9602164618527632,1550,Yes,14.129876613616943
20.0,5.0,0.01,2,11,-6.704999715947796,0.0183509912705654,0.4862212047977173,-0.1533072570882793,0.4344313053566435,816.4777943901445,5.5789650656701,0.95850800846491,1450,Yes,12.816127061843872
20.0,5.0,0.01,1,14,-6.68998658615887,0.0128341592635481,0.4759130264606208,-0.1339913393624117,0.4307932049643362,804.3114631654353,5.597044348085798,0.9465560360046736,1520,Yes,13.778218269348145
20.0,5.0,0.05,5,15,-6.679067821833387,0.017601028016571,0.4590291291120032,-0.0740401118861914,0.3975371222918135,795.5771466017353,5.598243635256392,0.9666476500788208,1350,Yes,12.657798767089844
20.0,5.0,0.05,1,12,-6.629157384736479,0.010897215363258,0.4653046968038547,-0.0738525925996866,0.4428540487993448,756.8441734338228,5.631549560645777,0.935019353055002,1220,Yes,11.12439250946045
20.0,5.0,0.05,4,14,-6.691006786371664,0.0075156181081139,0.4781856917092223,-0.1157128155331298,0.4233481327796163,805.1324406007793,5.619487197874959,0.951019548945821,1170,Yes,11.578079462051392
20.0,5.0,0.1,5,11,-6.641801152848493,0.0178509875761574,0.477999404832811,-0.079554849800269,0.4209508445724588,766.4742878335882,5.6451340555773815,0.9274999254674876,1140,Yes,10.906978607177734
20.0,5.0,0.1,3,12,-6.642152239556514,0.0172472865573541,0.480567023131796,-0.0662153810052377,0.4305487408256274,766.7434340121443,5.610580410122213,0.9221749110929864,1110,Yes,10.710875749588013
20.0,5.0,0.1,1,9,-6.616897156350821,0.0111599795196998,0.473545928129624,-0.1473447242712963,0.4483316294423612,747.6217410993357,5.625152871247362,0.9292799034298422,1100,Yes,9.809096574783323
20.0,5.0,0.5,5,7,-6.60700464515898,0.0187831717148312,0.4816399104259835,-0.2284369218911024,0.4747256802222466,740.2623461236858,5.71188633495387,0.8353915016504142,1150,Yes,10.532748699188232
20.0,5.0,0.5,1,8,-6.588987979462952,0.0153268549522734,0.476847782356313,-0.1027518451388702,0.4634775454357993,727.0447132776599,5.677707269912431,0.9135178012208012,1180,Yes,10.458380699157717
20.0,5.0,0.5,3,8,-6.578521331328682,0.0137245636273957,0.4754923610050695,-0.1310406844378392,0.4324291646995034,719.474677644019,5.681142097220055,0.9201724735712884,1210,Yes,10.746388673782349
20.0,5.0,1.0,5,8,-6.606487977178879,0.0164354099335976,0.4799371935556413,-0.1700667007229059,0.3982106954903835,739.8799750605178,5.760535384645778,0.94040503491219,1100,Yes,10.152693510055542
20.0,5.0,1.0,4,7,-6.597845485772565,0.0130525689410596,0.4955565855719528,-0.1629500568429627,0.5062393876769156,733.5131211043752,5.753680442627928,0.8708541936969818,1090,Yes,9.669544458389282
20.0,5.0,1.0,1,5,-6.5846344899822205,0.0075628049443797,0.4646727676173154,-0.2885892591880126,0.4925955357955194,723.8864115712507,5.758248658431165,0.7765714966739556,1100,Yes,10.142391920089722
20.0,5.0,2.0,5,4,-6.604173236550705,0.0198704618361451,0.483804347557313,-0.3808063603918686,0.4987969425995714,738.1693254411686,5.799389199131533,0.5921010053187357,1060,Yes,9.456664323806764
20.0,5.0,2.0,3,4,-6.610118623835087,0.0126314285389056,0.4853342959281844,-0.3514525763405154,0.4957674764044547,742.5711001239636,5.801597983642099,0.592427904509006,1060,Yes,9.674671173095703
20.0,5.0,2.0,1,4,-6.598582854481106,0.0094929669388552,0.4633814432325388,-0.315376074176396,0.4703812994959021,734.0541901863713,5.82829658610752,0.7457956301161073,1060,Yes,8.909077167510986
20.0,5.0,5.0,5,3,-6.639649133979897,0.0214041744890577,0.485937497288161,-0.2766428731085977,0.5172960126577282,764.8265942735896,5.945829329207925,0.7531741426044725,1090,Yes,9.443801403045654
20.0,5.0,5.0,4,2,-6.639324212775092,0.0139921408434059,0.4853317587623749,-0.3894001626286075,0.5346345454339935,764.57812626356,5.95250007069824,0.4931412505188369,1060,Yes,9.008667707443236
20.0,5.0,5.0,2,3,-6.639629994493327,0.012878284914954,0.4808825974938682,-0.2957085979809358,0.5111447788909685,764.811956025345,5.957946328950947,0.6784161142317495,1060,Yes,9.580229997634888
