{"chains": {"1": {"len_stable_docs": {"0": [554, 561, 555, 552, 552, 559, 556, 563, 557, 564, 564, 565, 550, 530, 535, 545, 527, 544, 557, 553, 554], "1": [554, 568, 557, 564, 572, 570, 556, 548, 544, 543, 553, 551, 550, 539, 546, 547, 544, 553, 554, 543, 539]}, "jaccard": {"0": [0.915807560137457, 0.9142367066895368, 0.9185441941074524, 0.92, 0.9089347079037801, 0.9027303754266212, 0.9259896729776248, 0.9243986254295533, 0.9261168384879725, 0.9021922428330523, 0.9006734006734006, 0.9224137931034483, 0.8947368421052632, 0.9120287253141831, 0.9251336898395722, 0.900709219858156, 0.9332129963898917, 0.888507718696398, 0.9072164948453608, 0.9086206896551724], "1": [0.9179487179487179, 0.9003378378378378, 0.9195205479452054, 0.9060402684563759, 0.9128978224455612, 0.9149659863945578, 0.9267015706806283, 0.9327433628318584, 0.9204946996466431, 0.9363957597173145, 0.9233449477351916, 0.9114583333333334, 0.9038461538461539, 0.9068541300527241, 0.9379432624113475, 0.9343971631205674, 0.9347442680776014, 0.9086206896551724, 0.9313380281690141, 0.928698752228164]}, "ratio": {"0": [0.2, 0.2, 0.2, 0.2, 0.2, 0.2, 0.2, 0.2, 0.2, 0.2, 0.2, 0.2, 0.2, 0.2, 0.2, 0.2, 0.2, 0.2, 0.2, 0.2, 0.2], "1": [0.2, 0.2, 0.2, 0.2, 0.2, 0.2, 0.2, 0.2, 0.2, 0.2, 0.2, 0.2, 0.2, 0.2, 0.2, 0.2, 0.2, 0.2, 0.2, 0.2, 0.2]}, "record_time": 1, "converged": false}, "2": {"len_stable_docs": {"0": [521, 528, 532, 548, 554, 557, 542, 540, 546, 550, 527, 527, 520, 519, 533, 545, 533, 536, 538, 539, 546], "1": [546, 547, 554, 565, 562, 555, 540, 531, 536, 535, 529, 525, 533, 532, 531, 545, 551, 555, 551, 546, 544]}, "jaccard": {"0": [0.9283088235294118, 0.930783242258652, 0.9251336898395722, 0.9098786828422877, 0.9288194444444444, 0.9213286713286714, 0.9218472468916519, 0.9289520426287744, 0.912739965095986, 0.9405405405405406, 0.89568345323741, 0.9175824175824175, 0.9312267657992565, 0.923217550274223, 0.9147424511545293, 0.9147424511545293, 0.9261261261261261, 0.9212880143112702, 0.9405405405405406, 0.9135802469135802], "1": [0.9413854351687388, 0.9181184668989547, 0.9226804123711341, 0.919931856899489, 0.9325259515570934, 0.9109947643979057, 0.9125, 0.9329710144927537, 0.905693950177936, 0.9416058394160584, 0.9128856624319419, 0.9271402550091075, 0.9154676258992805, 0.9187725631768953, 0.9214285714285714, 0.9261862917398945, 0.9201388888888888, 0.8970840480274442, 0.9347442680776014, 0.9122807017543859]}, "ratio": {"0": [0.2, 0.2, 0.2, 0.2, 0.2, 0.2, 0.2, 0.2, 0.2, 0.2, 0.2, 0.2, 0.2, 0.2, 0.2, 0.2, 0.2, 0.2, 0.2, 0.2, 0.2], "1": [0.2, 0.2, 0.2, 0.2, 0.2, 0.2, 0.2, 0.2, 0.2, 0.2, 0.2, 0.2, 0.2, 0.2, 0.2, 0.2, 0.2, 0.2, 0.2, 0.2, 0.2]}, "record_time": 1, "converged": false}, "3": {"len_stable_docs": {"0": [522, 524, 521, 535, 519, 524, 523, 509, 514, 506, 507, 522, 530, 534, 536, 543, 539, 537, 540, 536, 528], "1": [528, 510, 511, 519, 528, 541, 540, 535, 539, 534, 533, 548, 560, 567, 570, 566, 559, 545, 549, 543, 540]}, "jaccard": {"0": [0.8880866425992779, 0.9316081330868762, 0.895870736086176, 0.8922800718132855, 0.9243542435424354, 0.9036363636363637, 0.9111111111111111, 0.9157303370786517, 0.9136960600375235, 0.9149338374291115, 0.9090909090909091, 0.8886894075403949, 0.9136690647482014, 0.9141323792486583, 0.9199288256227758, 0.9425493716337523, 0.9145907473309609, 0.933572710951526, 0.9180035650623886, 0.9033989266547406], "1": [0.8976234003656307, 0.9191729323308271, 0.9144981412639405, 0.8898916967509025, 0.9157706093189965, 0.9132743362831859, 0.9230769230769231, 0.9247311827956989, 0.926391382405745, 0.9225225225225225, 0.8998242530755711, 0.9236111111111112, 0.919931856899489, 0.9206081081081081, 0.9092436974789916, 0.9132653061224489, 0.9300699300699301, 0.9092495636998255, 0.8958333333333334, 0.9066901408450704]}, "ratio": {"0": [0.2, 0.2, 0.2, 0.2, 0.2, 0.2, 0.2, 0.2, 0.2, 0.2, 0.2, 0.2, 0.2, 0.2, 0.2, 0.2, 0.2, 0.2, 0.2, 0.2, 0.2], "1": [0.2, 0.2, 0.2, 0.2, 0.2, 0.2, 0.2, 0.2, 0.2, 0.2, 0.2, 0.2, 0.2, 0.2, 0.2, 0.2, 0.2, 0.2, 0.2, 0.2, 0.2]}, "record_time": 1, "converged": false}}, "last_update": 1754900680.6139314, "rhat_history": [{"rhat_len_docs": 1.5425506085670186, "mean_jaccard": [0.9126102247236949, 0.9223531183246937, 0.912446672215256], "mean_ratio": [0.20000000000000004, 0.20000000000000004, 0.20000000000000004], "rhat_threshold": null, "converged": false, "iteration": 70.0, "timestamp": 1754899856.0341883}, {"rhat_len_docs": 1.071356258009016, "mean_jaccard": [0.9204646151266986, 0.9212268283907038, 0.9137640213929126], "mean_ratio": [0.20000000000000004, 0.20000000000000004, 0.20000000000000004], "rhat_threshold": null, "converged": true, "iteration": 71.1, "timestamp": 1754900683.8950167}], "convergence": true}