{"chains": {"3": {"len_stable_docs": {"0": [610, 608, 611, 618, 612, 605, 599, 597, 596, 606, 612, 615, 615, 611, 598, 603, 599, 611, 618, 625, 620], "1": [620, 617, 617, 622, 625, 619, 620, 627, 631, 635, 630, 625, 624, 618, 615, 613, 615, 618, 616, 621, 621], "2": [621, 625, 627, 635, 634, 627, 622, 624, 618, 629, 624, 621, 607, 601, 601, 607, 618, 622, 624, 620, 620], "3": [620, 619, 629, 629, 622, 619, 619, 637, 642, 636, 636, 644, 630, 629, 615, 611, 602, 610, 615, 622, 621], "4": [621, 618, 616, 608, 610, 617, 628, 633, 638, 627, 625, 609, 605, 605, 602, 629, 633, 632, 628, 624, 621]}, "jaccard": {"0": [0.9456869009584664, 0.9535256410256411, 0.963258785942492, 0.943127962085308, 0.919558359621451, 0.9294871794871795, 0.954248366013072, 0.9493464052287581, 0.9355877616747182, 0.9333333333333333, 0.9171875, 0.943127962085308, 0.9584664536741214, 0.9437299035369775, 0.9496753246753247, 0.932475884244373, 0.9391025641025641, 0.9415481832543444, 0.9574803149606299, 0.9483568075117371], "1": [0.9388714733542319, 0.9311424100156495, 0.9239130434782609, 0.957613814756672, 0.9316770186335404, 0.945054945054945, 0.9333333333333333, 0.9687010954616588, 0.9506933744221879, 0.9401840490797546, 0.9367283950617284, 0.93343653250774, 0.9467084639498433, 0.9478672985781991, 0.9461172741679873, 0.9277864992150706, 0.944794952681388, 0.9525316455696202, 0.9358372456964006, 0.9497645211930926], "2": [0.9438377535101404, 0.953198127925117, 0.9445300462249615, 0.9643962848297214, 0.9340490797546013, 0.9546165884194053, 0.9258114374034003, 0.9497645211930926, 0.9393468118195957, 0.9486780715396579, 0.9392523364485982, 0.9461172741679873, 0.9483870967741935, 0.932475884244373, 0.9483870967741935, 0.9321766561514195, 0.949685534591195, 0.946875, 0.9498432601880877, 0.9558359621451105], "3": [0.957345971563981, 0.9561128526645768, 0.9473684210526315, 0.9546875, 0.9420970266040689, 0.9465408805031447, 0.9382716049382716, 0.9467275494672754, 0.9246987951807228, 0.9599383667180277, 0.9482496194824962, 0.9332321699544764, 0.9221374045801527, 0.9376947040498442, 0.946031746031746, 0.9346092503987241, 0.9516908212560387, 0.9444444444444444, 0.9388714733542319, 0.9271317829457364], "4": [0.9420062695924765, 0.9556259904912837, 0.9459459459459459, 0.9364069952305246, 0.9538216560509554, 0.9453125, 0.9489953632148377, 0.9345509893455098, 0.9521604938271605, 0.9380804953560371, 0.9311424100156495, 0.9486356340288925, 0.9391025641025641, 0.9467741935483871, 0.9416403785488959, 0.9445300462249615, 0.9342507645259939, 0.9474497681607419, 0.9410852713178295, 0.9422776911076443]}, "ratio": {"0": [0.2, 0.2, 0.2, 0.2, 0.2, 0.2, 0.2, 0.2, 0.2, 0.2, 0.2, 0.2, 0.2, 0.2, 0.2, 0.2, 0.2, 0.2, 0.2, 0.2, 0.2], "1": [0.2, 0.2, 0.2, 0.2, 0.2, 0.2, 0.2, 0.2, 0.2, 0.2, 0.2, 0.2, 0.2, 0.2, 0.2, 0.2, 0.2, 0.2, 0.2, 0.2, 0.2], "2": [0.2, 0.2, 0.2, 0.2, 0.2, 0.2, 0.2, 0.2, 0.2, 0.2, 0.2, 0.2, 0.2, 0.2, 0.2, 0.2, 0.2, 0.2, 0.2, 0.2, 0.2], "3": [0.2, 0.2, 0.2, 0.2, 0.2, 0.2, 0.2, 0.2, 0.2, 0.2, 0.2, 0.2, 0.2, 0.2, 0.2, 0.2, 0.2, 0.2, 0.2, 0.2, 0.2], "4": [0.2, 0.2, 0.2, 0.2, 0.2, 0.2, 0.2, 0.2, 0.2, 0.2, 0.2, 0.2, 0.2, 0.2, 0.2, 0.2, 0.2, 0.2, 0.2, 0.2, 0.2]}, "record_time": 4, "converged": false}, "1": {"len_stable_docs": {"0": [568, 568, 579, 578, 566, 564, 554, 563, 570, 587, 587, 583, 571, 578, 575, 588, 578, 589, 606, 622, 620], "1": [620, 620, 600, 586, 589, 576, 582, 580, 582, 590, 601, 609, 602, 610, 617, 609, 623, 625, 615, 614, 598], "2": [598, 603, 600, 597, 598, 602, 603, 608, 605, 604, 603, 602, 604, 603, 607, 613, 604, 601, 597, 599, 600], "3": [600, 603, 601, 595, 601, 591, 591, 601, 593, 605, 611, 607, 621, 608, 606, 604, 602, 609, 611, 601, 607], "4": [607, 600, 610, 619, 619, 612, 613, 604, 602, 605, 618, 623, 627, 626, 628, 625, 626, 633, 611, 615, 614]}, "jaccard": {"0": [0.9352640545144804, 0.9375, 0.9155629139072847, 0.9226890756302522, 0.9185059422750425, 0.9209621993127147, 0.9426086956521739, 0.940068493150685, 0.9347826086956522, 0.930921052631579, 0.9338842975206612, 0.9592529711375212, 0.9540816326530612, 0.931323283082077, 0.9286898839137645, 0.9336650082918739, 0.9289256198347108, 0.9336569579288025, 0.9247648902821317, 0.940625], "1": [0.9314641744548287, 0.9334389857369255, 0.9315960912052117, 0.9518272425249169, 0.9224422442244224, 0.9267886855241264, 0.9302325581395349, 0.9174917491749175, 0.9244663382594417, 0.9365853658536586, 0.9206349206349206, 0.9131121642969984, 0.9268680445151033, 0.9322834645669291, 0.9307086614173228, 0.9555555555555556, 0.9348837209302325, 0.9314641744548287, 0.9323899371069182, 0.9361022364217252], "2": [0.9339774557165862, 0.9434571890145396, 0.9368932038834952, 0.9089456869009584, 0.9354838709677419, 0.9372990353697749, 0.9252782193958664, 0.9346092503987241, 0.9563106796116505, 0.9281150159744409, 0.9310897435897436, 0.9234449760765551, 0.9312, 0.9267515923566879, 0.9365079365079365, 0.9348171701112877, 0.928, 0.9416531604538088, 0.9447154471544715, 0.9464285714285714], "3": [0.9309791332263242, 0.9545454545454546, 0.9259259259259259, 0.9290322580645162, 0.9102564102564102, 0.9408866995073891, 0.9445350734094616, 0.9509803921568627, 0.932258064516129, 0.9301587301587302, 0.9394904458598726, 0.9430379746835443, 0.9415481832543444, 0.9424, 0.9547657512116317, 0.9514563106796117, 0.9407051282051282, 0.9582664526484751, 0.9361022364217252, 0.9297124600638977], "4": [0.9342948717948718, 0.9236883942766295, 0.9293563579277865, 0.9404388714733543, 0.9477848101265823, 0.9413629160063391, 0.919558359621451, 0.9389067524115756, 0.9436392914653784, 0.9290220820189274, 0.9210526315789473, 0.926040061633282, 0.9366306027820711, 0.9532710280373832, 0.9396284829721362, 0.9305555555555556, 0.951937984496124, 0.9227202472952086, 0.9246467817896389, 0.9323899371069182]}, "ratio": {"0": [0.2, 0.2, 0.2, 0.2, 0.2, 0.2, 0.2, 0.2, 0.2, 0.2, 0.2, 0.2, 0.2, 0.2, 0.2, 0.2, 0.2, 0.2, 0.2, 0.2, 0.2], "1": [0.2, 0.2, 0.2, 0.2, 0.2, 0.2, 0.2, 0.2, 0.2, 0.2, 0.2, 0.2, 0.2, 0.2, 0.2, 0.2, 0.2, 0.2, 0.2, 0.2, 0.2], "2": [0.2, 0.2, 0.2, 0.2, 0.2, 0.2, 0.2, 0.2, 0.2, 0.2, 0.2, 0.2, 0.2, 0.2, 0.2, 0.2, 0.2, 0.2, 0.2, 0.2, 0.2], "3": [0.2, 0.2, 0.2, 0.2, 0.2, 0.2, 0.2, 0.2, 0.2, 0.2, 0.2, 0.2, 0.2, 0.2, 0.2, 0.2, 0.2, 0.2, 0.2, 0.2, 0.2], "4": [0.2, 0.2, 0.2, 0.2, 0.2, 0.2, 0.2, 0.2, 0.2, 0.2, 0.2, 0.2, 0.2, 0.2, 0.2, 0.2, 0.2, 0.2, 0.2, 0.2, 0.2]}, "record_time": 4, "converged": false}, "2": {"len_stable_docs": {"0": [580, 575, 584, 584, 589, 592, 595, 606, 601, 615, 614, 615, 609, 615, 624, 613, 608, 601, 590, 589, 592], "1": [592, 594, 595, 598, 612, 614, 615, 595, 599, 601, 602, 601, 597, 600, 615, 616, 618, 615, 619, 620, 612], "2": [612, 619, 613, 626, 627, 618, 621, 623, 610, 614, 618, 621, 625, 629, 627, 619, 616, 620, 608, 616, 628], "3": [628, 629, 633, 628, 626, 623, 618, 615, 617, 614, 614, 630, 627, 622, 619, 620, 617, 617, 620, 623, 616], "4": [616, 616, 619, 634, 632, 626, 608, 615, 611, 624, 620, 614, 612, 621, 617, 626, 618, 610, 604, 597, 610]}, "jaccard": {"0": [0.9477234401349073, 0.9348914858096828, 0.9337748344370861, 0.9420529801324503, 0.9328968903436988, 0.9459016393442623, 0.9496753246753247, 0.9373996789727127, 0.9456, 0.9415481832543444, 0.9477020602218701, 0.9428571428571428, 0.9305993690851735, 0.945054945054945, 0.9419152276295133, 0.9473684210526315, 0.9251592356687898, 0.9178743961352657, 0.9264705882352942, 0.9360655737704918], "1": [0.9379084967320261, 0.9239482200647249, 0.9366883116883117, 0.942215088282504, 0.9307086614173228, 0.9323899371069182, 0.9391025641025641, 0.9509803921568627, 0.941747572815534, 0.9466019417475728, 0.9278846153846154, 0.9479674796747968, 0.9306451612903226, 0.9133858267716536, 0.9204368174726989, 0.9556259904912837, 0.9417322834645669, 0.940251572327044, 0.9511811023622048, 0.9462875197472354],