{"chains": {"2": {"len_stable_docs": {"0": [577, 584, 576, 568, 568, 576, 569, 573, 569, 578, 570, 565, 565, 563, 561, 571, 566, 559, 560, 549, 546], "1": [546, 550, 550, 562, 561, 568, 561, 565, 556, 564, 565, 557, 550, 547, 545, 549, 564, 563, 560, 568, 565], "2": [565, 563, 561, 560, 555, 560, 566, 564, 560, 565, 568, 571, 565, 556, 547, 549, 551, 554, 553, 552, 552], "3": [552, 559, 553, 570, 565, 566, 566, 567, 574, 560, 568, 561, 563, 571, 581, 581, 576, 580, 572, 563, 573]}, "jaccard": {"0": [0.9414715719063546, 0.9528619528619529, 0.9357021996615905, 0.9418803418803419, 0.9422750424448217, 0.940677966101695, 0.9355932203389831, 0.9388794567062818, 0.9407783417935702, 0.9391891891891891, 0.9468267581475128, 0.9415807560137457, 0.9549393414211439, 0.9513888888888888, 0.9450171821305842, 0.9402730375426621, 0.9263698630136986, 0.9427083333333334, 0.9388111888111889, 0.9380530973451328], "1": [0.9329805996472663, 0.950354609929078, 0.9372822299651568, 0.9328743545611016, 0.9299145299145299, 0.9365351629502573, 0.9480968858131488, 0.9428076256499134, 0.9649122807017544, 0.9499136442141624, 0.9344827586206896, 0.9285714285714286, 0.9415929203539823, 0.9327433628318584, 0.9294532627865961, 0.9424083769633508, 0.9464594127806563, 0.929553264604811, 0.9381443298969072, 0.9235993208828522], "2": [0.9282051282051282, 0.9412780656303973, 0.9294320137693631, 0.9425087108013938, 0.9324090121317158, 0.9447322970639033, 0.934931506849315, 0.9345955249569707, 0.949740034662045, 0.9500860585197934, 0.9272419627749577, 0.9586206896551724, 0.9327586206896552, 0.9453262786596119, 0.9432624113475178, 0.9264448336252189, 0.9184027777777778, 0.9387040280210157, 0.9250871080139372, 0.9300699300699301], "3": [0.9288194444444444, 0.9372822299651568, 0.9262435677530018, 0.9368600682593856, 0.9432989690721649, 0.9121621621621622, 0.9367521367521368, 0.9338983050847458, 0.9123102866779089, 0.934819897084048, 0.9332191780821918, 0.9246575342465754, 0.9417808219178082, 0.9658703071672355, 0.9238410596026491, 0.9445378151260504, 0.9461279461279462, 0.9361344537815126, 0.9501718213058419, 0.9418803418803419]}, "ratio": {"0": [0.2, 0.2, 0.2, 0.2, 0.2, 0.2, 0.2, 0.2, 0.2, 0.2, 0.2, 0.2, 0.2, 0.2, 0.2, 0.2, 0.2, 0.2, 0.2, 0.2, 0.2], "1": [0.2, 0.2, 0.2, 0.2, 0.2, 0.2, 0.2, 0.2, 0.2, 0.2, 0.2, 0.2, 0.2, 0.2, 0.2, 0.2, 0.2, 0.2, 0.2, 0.2, 0.2], "2": [0.2, 0.2, 0.2, 0.2, 0.2, 0.2, 0.2, 0.2, 0.2, 0.2, 0.2, 0.2, 0.2, 0.2, 0.2, 0.2, 0.2, 0.2, 0.2, 0.2, 0.2], "3": [0.2, 0.2, 0.2, 0.2, 0.2, 0.2, 0.2, 0.2, 0.2, 0.2, 0.2, 0.2, 0.2, 0.2, 0.2, 0.2, 0.2, 0.2, 0.2, 0.2, 0.2]}, "record_time": 3, "converged": false}, "3": {"len_stable_docs": {"0": [597, 592, 596, 590, 588, 593, 591, 595, 598, 601, 598, 596, 588, 579, 566, 573, 573, 561, 572, 573, 570], "1": [570, 564, 560, 564, 572, 587, 595, 593, 599, 601, 596, 591, 583, 578, 573, 577, 565, 569, 569, 579, 578], "2": [578, 567, 569, 574, 553, 557, 553, 552, 565, 567, 580, 577, 570, 565, 573, 558, 575, 575, 571, 567, 568], "3": [568, 566, 571, 575, 574, 583, 579, 577, 576, 576, 562, 572, 577, 573, 574, 577, 570, 577, 582, 580, 570]}, "jaccard": {"0": [0.9396411092985318, 0.9254457050243112, 0.9284552845528455, 0.9279869067103109, 0.9552980132450332, 0.9537953795379538, 0.9410801963993454, 0.93354943273906, 0.9214743589743589, 0.9401294498381877, 0.9289176090468497, 0.9441707717569786, 0.916256157635468, 0.9308600337268128, 0.9272419627749577, 0.9489795918367347, 0.9026845637583892, 0.9334470989761092, 0.9439728353140917, 0.9405772495755518], "1": [0.9318568994889267, 0.9312714776632303, 0.9379310344827586, 0.9452054794520548, 0.9316666666666666, 0.9219512195121952, 0.9380097879282219, 0.9509001636661211, 0.9448946515397083, 0.9306451612903226, 0.926948051948052, 0.9372937293729373, 0.9512605042016806, 0.9377104377104377, 0.9198664440734557, 0.9323181049069373, 0.9484536082474226, 0.935374149659864, 0.9359190556492412, 0.9219269102990033], "2": [0.9276094276094277, 0.9452054794520548, 0.927487352445194, 0.9134125636672326, 0.93717277486911, 0.917098445595855, 0.9385964912280702, 0.9159519725557461, 0.9383561643835616, 0.908485856905158, 0.9092409240924092, 0.924496644295302, 0.9434931506849316, 0.9452991452991453, 0.923469387755102, 0.9042016806722689, 0.9491525423728814, 0.9423728813559322, 0.9288135593220339, 0.9107744107744108], "3": [0.9384615384615385, 0.9206081081081081, 0.9228187919463087, 0.9310924369747899, 0.9380234505862647, 0.9174917491749175, 0.9560067681895094, 0.9410774410774411, 0.949238578680203, 0.9093959731543624, 0.9351535836177475, 0.9310924369747899, 0.9262981574539364, 0.9440677966101695, 0.9312080536912751, 0.930976430976431, 0.9342327150084317, 0.9284525790349417, 0.9334442595673876, 0.913477537437604]}, "ratio": {"0": [0.2, 0.2, 0.2, 0.2, 0.2, 0.2, 0.2, 0.2, 0.2, 0.2, 0.2, 0.2, 0.2, 0.2, 0.2, 0.2, 0.2, 0.2, 0.2, 0.2, 0.2], "1": [0.2, 0.2, 0.2, 0.2, 0.2, 0.2, 0.2, 0.2, 0.2, 0.2, 0.2, 0.2, 0.2, 0.2, 0.2, 0.2, 0.2, 0.2, 0.2, 0.2, 0.2], "2": [0.2, 0.2, 0.2, 0.2, 0.2, 0.2, 0.2, 0.2, 0.2, 0.2, 0.2, 0.2, 0.2, 0.2, 0.2, 0.2, 0.2, 0.2, 0.2, 0.2, 0.2], "3": [0.2, 0.2, 0.2, 0.2, 0.2, 0.2, 0.2, 0.2, 0.2, 0.2, 0.2, 0.2, 0.2, 0.2, 0.2, 0.2, 0.2, 0.2, 0.2, 0.2, 0.2]}, "record_time": 3, "converged": false}, "1": {"len_stable_docs": {"0": [568, 559, 556, 553, 544, 553, 566, 577, 571, 568, 557, 552, 554, 550, 554, 562, 564, 562, 554, 554, 546], "1": [546, 553, 555, 565, 565, 566, 568, 574, 568, 564, 556, 559, 565, 567, 564, 564, 556, 555, 558, 560, 559], "2": [559, 566, 564, 576, 580, 575, 581, 576, 572, 573, 566, 558, 561, 562, 575, 596, 589, 582, 577, 565, 567], "3": [567, 565, 565, 575, 575, 574, 577, 575, 569, 570, 568, 568, 561, 571, 575, 579, 581, 567, 563, 550, 551]}, "jaccard": {"0": [0.9005059021922428, 0.915807560137457, 0.9120689655172414, 0.9078260869565218, 0.9415929203539823, 0.9393414211438474, 0.9177852348993288, 0.9229480737018425, 0.9239864864864865, 0.9296740994854202, 0.9253472222222222, 0.926829268292683, 0.9368421052631579, 0.9334500875656743, 0.9142367066895368, 0.928082191780822, 0.9215017064846417, 0.9544658493870403, 0.9236111111111112, 0.9197207678883071], "1": [0.9280701754385965, 0.9236111111111112, 0.9178082191780822, 0.9250425894378195, 0.9432989690721649, 0.9484536082474226, 0.9388794567062818, 0.9258010118043845, 0.9251700680272109, 0.9243986254295533, 0.9357638888888888, 0.9513888888888888, 0.9219015280135824, 0.9202037351443124, 0.9282051282051282, 0.9377162629757786, 0.9389179755671903, 0.9222797927461139, 0.9409722222222222, 0.9393414211438474], "2": [0.949740034662045, 0.9382504288164666, 0.9289340101522843, 0.920265780730897, 0.9346733668341709, 0.920265780730897, 0.9347826086956522, 0.9457627118644067, 0.937394247038917, 0.9175084175084175, 0.9312714776632303, 0.9359861591695502, 0.9496527777777778, 0.9303904923599321, 0.919672131147541, 0.933115823817292, 0.9516666666666667, 0.9381270903010034, 0.9521367521367521, 0.9416809605488851], "3": [0.9416809605488851, 0.9023569023569024, 0.9224283305227656, 0.9425675675675675, 0.9474576271186441, 0.9215358931552587, 0.9426644182124789, 0.9389830508474576, 0.9110738255033557, 0.9320882852292021, 0.9418803418803419, 0.9299145299145299, 0.9383561643835616, 0.9228187919463087, 0.9362416107382551, 0.9237147595356551, 0.919732441471572, 0.934931506849315, 0.9356521739130435, 0.9417989417989417]}, "ratio": {"0": [0.2, 0.2, 0.2, 0.2, 0.2, 0.2, 0.2, 0.2, 0.2, 0.2, 0.2, 0.2, 0.2, 0.2, 0.2, 0.2, 0.2, 0.2, 0.2, 0.2, 0.2], "1": [0.2, 0.2, 0.2, 0.2, 0.2, 0.2, 0.2, 0.2, 0.2, 0.2, 0.2, 0.2, 0.2, 0.2, 0.2, 0.2, 0.2, 0.2, 0.2, 0.2, 0.2], "2": [0.2, 0.2, 0.2, 0.2, 0.2, 0.2, 0.2, 0.2, 0.2, 0.2, 0.2, 0.2, 0.2, 0.2, 0.2, 0.2, 0.2, 0.2, 0.2, 0.2, 0.2], "3": [0.2, 0.2, 0.2, 0.2, 0.2, 0.2, 0.2, 0.2, 0.2, 0.2, 0.2, 0.2, 0.2, 0.2, 0.2, 0.2, 0.2, 0.2, 0.2, 0.2, 0.2]}, "record_time": 3, "converged": false}}, "last_update": 1755372506.4443693, "rhat_history": [{"rhat_len_docs": 1.668308920139337, "mean_jaccard": [0.9417638864766336, 0.934198185536094, 0.9247811883779784],