parent_layer,child_layer,pair_count,avg_js_distance,std_js_distance,child_weighted_avg_js_distance,total_parent_docs,total_child_docs,alpha,eta_used
0,1,55,0.643086806761132,0.020772908183529275,0.6433882988418859,53350,970,0.1,0.05
1,2,243,0.6004814862357211,0.07009359320931967,0.6331766348345735,21737,970,0.1,0.05
