{"chains": {"2": {"len_stable_docs": {"0": [556, 548, 556, 560, 556, 550, 557, 554, 566, 563, 566, 561, 560, 563, 559, 558, 559, 560, 565, 564, 564], "1": [564, 565, 563, 564, 557, 556, 562, 556, 566, 568, 566, 575, 573, 568, 565, 557, 562, 561, 558, 553, 553], "2": [553, 544, 547, 544, 551, 550, 551, 544, 540, 532, 524, 516, 521, 521, 515, 513, 528, 535, 535, 541, 548], "3": [548, 554, 554, 545, 545, 543, 543, 547, 557, 561, 560, 556, 547, 554, 561, 565, 573, 576, 580, 581, 574], "4": [574, 568, 561, 561, 558, 562, 562, 569, 583, 581, 580, 563, 556, 550, 558, 562, 558, 544, 544, 546, 552], "5": [552, 557, 557, 546, 548, 539, 534, 533, 542, 558, 569, 562, 562, 567, 567, 569, 567, 565, 556, 551, 555]}, "jaccard": {"0": [0.9402460456942003, 0.9368421052631579, 0.9544658493870403, 0.9408695652173913, 0.9369527145359019, 0.948943661971831, 0.9559859154929577, 0.9478260869565217, 0.9566724436741768, 0.9432013769363167, 0.9634146341463414, 0.9428076256499134, 0.9395509499136442, 0.9445407279029463, 0.9630931458699473, 0.9596491228070175, 0.9631578947368421, 0.9363166953528399, 0.9398625429553265, 0.9549393414211439], "1": [0.9703315881326352, 0.9549393414211439, 0.9331046312178388, 0.9360967184801382, 0.9492119089316988, 0.9376083188908145, 0.9409722222222222, 0.9547038327526133, 0.9518072289156626, 0.9384615384615385, 0.9371816638370118, 0.9391891891891891, 0.9404761904761905, 0.9568221070811744, 0.9378238341968912, 0.9226804123711341, 0.9362068965517242, 0.9562937062937062, 0.9457092819614711, 0.9369527145359019], "2": [0.9484902309058615, 0.9412811387900356, 0.9482142857142857, 0.9312169312169312, 0.9417989417989417, 0.9452296819787986, 0.9414893617021277, 0.9461400359066428, 0.9350180505415162, 0.9376146788990826, 0.947565543071161, 0.9383177570093458, 0.922509225092251, 0.9400749063670412, 0.9323308270676691, 0.9136029411764706, 0.936247723132969, 0.9454545454545454, 0.924865831842576, 0.9377224199288257], "3": [0.9299474605954466, 0.9645390070921985, 0.9348591549295775, 0.9326241134751773, 0.9463327370304114, 0.9427549194991055, 0.9360568383658969, 0.9470899470899471, 0.9443478260869566, 0.9495652173913044, 0.9408695652173913, 0.9384885764499121, 0.9452296819787986, 0.9391304347826087, 0.9413793103448276, 0.9586919104991394, 0.9540816326530612, 0.9428571428571428, 0.9253731343283582, 0.9609507640067911], "4": [0.9454855195911414, 0.9432013769363167, 0.951304347826087, 0.9528795811518325, 0.9546247818499127, 0.9480069324090121, 0.95, 0.9591836734693877, 0.949748743718593, 0.9414715719063546, 0.9438775510204082, 0.9562937062937062, 0.9679715302491103, 0.9507042253521126, 0.9377162629757786, 0.9343696027633851, 0.9299474605954466, 0.9290780141843972, 0.9395017793594306, 0.929701230228471], "5": [0.9490333919156415, 0.9340277777777778, 0.9419014084507042, 0.9397163120567376, 0.9273049645390071, 0.958029197080292, 0.9542124542124543, 0.9404332129963899, 0.9163763066202091, 0.9397590361445783, 0.9366438356164384, 0.9513888888888888, 0.9266211604095563, 0.9351535836177475, 0.9319727891156463, 0.9418803418803419, 0.9450171821305842, 0.9461805555555556, 0.9387040280210157, 0.9471830985915493]}, "ratio": {"0": [0.2, 0.2, 0.2, 0.2, 0.2, 0.2, 0.2, 0.2, 0.2, 0.2, 0.2, 0.2, 0.2, 0.2, 0.2, 0.2, 0.2, 0.2, 0.2, 0.2, 0.2], "1": [0.2, 0.2, 0.2, 0.2, 0.2, 0.2, 0.2, 0.2, 0.2, 0.2, 0.2, 0.2, 0.2, 0.2, 0.2, 0.2, 0.2, 0.2, 0.2, 0.2, 0.2], "2": [0.2, 0.2, 0.2, 0.2, 0.2, 0.2, 0.2, 0.2, 0.2, 0.2, 0.2, 0.2, 0.2, 0.2, 0.2, 0.2, 0.2, 0.2, 0.2, 0.2, 0.2], "3": [0.2, 0.2, 0.2, 0.2, 0.2, 0.2, 0.2, 0.2, 0.2, 0.2, 0.2, 0.2, 0.2, 0.2, 0.2, 0.2, 0.2, 0.2, 0.2, 0.2, 0.2], "4": [0.2, 0.2, 0.2, 0.2, 0.2, 0.2, 0.2, 0.2, 0.2, 0.2, 0.2, 0.2, 0.2, 0.2, 0.2, 0.2, 0.2, 0.2, 0.2, 0.2, 0.2], "5": [0.2, 0.2, 0.2, 0.2, 0.2, 0.2, 0.2, 0.2, 0.2, 0.2, 0.2, 0.2, 0.2, 0.2, 0.2, 0.2, 0.2, 0.2, 0.2, 0.2, 0.2]}, "record_time": 5, "converged": false}, "3": {"len_stable_docs": {"0": [556, 555, 552, 558, 559, 566, 554, 547, 549, 542, 542, 538, 546, 545, 547, 561, 565, 554, 554, 552, 559], "1": [559, 557, 561, 550, 546, 537, 543, 550, 557, 551, 549, 540, 541, 549, 547, 551, 548, 541, 554, 560, 547], "2": [547, 545, 549, 539, 553, 551, 545, 537, 542, 555, 558, 566, 562, 549, 551, 548, 545, 550, 552, 547, 538], "3": [538, 535, 537, 531, 529, 536, 544, 546, 548, 543, 549, 558, 556, 552, 556, 558, 557, 564, 569, 574, 575], "4": [575, 579, 566, 565, 560, 560, 568, 567, 564, 556, 549, 546, 543, 553, 547, 556, 560, 560, 549, 554, 560], "5": [560, 561, 556, 551, 553, 540, 536, 541, 562, 555, 553, 561, 549, 553, 553, 549, 541, 554, 576, 576, 566]}, "jaccard": {"0": [0.9457092819614711, 0.9421052631578948, 0.93717277486911, 0.9258620689655173, 0.9463667820069204, 0.9377162629757786, 0.9452296819787986, 0.9363957597173145, 0.9378330373001776, 0.9322638146167558, 0.9494584837545126, 0.9566787003610109, 0.9412811387900356, 0.9293286219081273, 0.9336823734729494, 0.9447322970639033, 0.9393414211438474, 0.9303135888501742, 0.9471830985915493, 0.9491228070175438], "1": [0.9408695652173913, 0.9111111111111111, 0.9221453287197232, 0.9432624113475178, 0.93048128342246, 0.9148936170212766, 0.931095406360424, 0.9523809523809523, 0.9269565217391305, 0.9197207678883071, 0.9586330935251799, 0.9547920433996383, 0.9395017793594306, 0.9261862917398945, 0.9365079365079365, 0.941696113074205, 0.9240282685512368, 0.9380530973451328, 0.9075342465753424, 0.9285714285714286], "2": [0.9225352112676056, 0.9362831858407079, 0.9054290718038529, 0.9124343257443083, 0.9334500875656743, 0.9398230088495575, 0.911660777385159, 0.9406474820143885, 0.9415929203539823, 0.9256055363321799, 0.9412780656303973, 0.9448275862068966, 0.9288194444444444, 0.9366197183098591, 0.9520426287744227, 0.9448398576512456, 0.9210526315789473, 0.9131944444444444, 0.9314586994727593, 0.9203539823008849], "3": [0.9126559714795008, 0.9074733096085409, 0.9312839059674503, 0.930783242258652, 0.9258589511754068, 0.9424460431654677, 0.9326241134751773, 0.9362831858407079, 0.9587073608617595, 0.9361702127659575, 0.9421052631578948, 0.9206896551724137, 0.9236111111111112, 0.9236111111111112, 0.9340277777777778, 0.9391304347826087, 0.9195205479452054, 0.9433962264150944, 0.9471890971039182, 0.9246231155778895], "4": [0.9201331114808652, 0.9276094276094277, 0.9432989690721649, 0.9363166953528399, 0.9343696027633851, 0.9315068493150684, 0.9434931506849316, 0.95, 0.9343696027633851, 0.9420035149384886, 0.9380530973451328, 0.9342806394316163, 0.9194395796847635, 0.9264448336252189, 0.9350877192982456, 0.9341421143847487, 0.9343696027633851, 0.9320557491289199, 0.921602787456446, 0.9273356401384083], "5": [0.9360967184801382, 0.9358752166377816, 0.9285714285714286, 0.9100346020761245, 0.9379432624113475, 0.935251798561151, 0.9095744680851063, 0.9350877192982456, 0.9192439862542955, 0.9136442141623489, 0.924006908462867, 0.93717277486911, 0.9367311072056239, 0.9201388888888888, 0.9401408450704225, 0.9360568383658969, 0.9312169312169312, 0.9250425894378195, 0.9361344537815126, 0.9323181049069373]}, "ratio": {"0": [0.2, 0.2, 0.2, 0.2, 0.2, 0.2, 0.2, 0.2, 0.2, 0.2, 0.2, 0.2, 0.2, 0.2, 0.2, 0.2, 0.2, 0.2, 0.2, 0.2, 0.2], "1": [0.2, 0.2, 0.2, 0.2, 0.2, 0.2, 0.2, 0.2, 0.2, 0.2, 0.2, 0.2, 0.2, 0.2, 0.2, 0.2, 0.2, 0.2, 0.2, 0.2, 0.2], "2": [0.2, 0.2, 0.2, 0.2, 0.2, 0.2, 0.2, 0.2, 0.2, 0.2, 0.2, 0.2, 0.2, 0.2, 0.2, 0.2, 0.2, 0.2, 0.2, 0.2, 0.2], "3": [0.2, 0.2, 0.2, 0.2, 0.2, 0.2, 0.2, 0.2, 0.2, 0.2, 0.2, 0.2, 0.2, 0.2, 0.2, 0.2, 0.2, 0.2, 0.2, 0.2, 0.2], "4": [0.2, 0.2, 0.2, 0.2, 0.2, 0.2, 0.2, 0.2, 0.2, 0.2, 0.2, 0.2, 0.2, 0.2, 0.2, 0.2, 0.2, 0.2, 0.2, 0.2, 0.2], "5": [0.2, 0.2, 0.2, 0.2, 0.2, 0.2, 0.2, 0.2, 0.2, 0.2, 0.2, 0.2, 0.2, 0.2, 0.2, 0.2, 0.2, 0.2, 0.2, 0.2, 0.2]}, "record_time": 5, "converged": false}, "1": {"len_stable_docs": {"0": [534, 532, 527, 522, 519, 522, 525, 524, 528, 533, 545, 540, 545, 535, 534, 537, 535, 542, 536, 531, 536], "1": [536, 534, 535, 545, 541, 525, 533, 539, 545, 545, 549, 552, 550, 562, 555, 562, 554, 556, 553, 552, 557],