{"chains": {"2": {"len_stable_docs": {"0": [541, 551, 555, 559, 563, 564, 559, 547, 543, 551, 543, 538, 550, 546, 552, 559, 559, 570, 557, 561, 558], "1": [558, 563, 565, 563, 573, 566, 571, 587, 589, 592, 592, 581, 589, 580, 579, 578, 579, 591, 602, 605, 602], "2": [602, 607, 608, 604, 602, 595, 592, 592, 595, 596, 592, 592, 594, 589, 602, 604, 603, 585, 587, 584, 578], "3": [578, 584, 579, 581, 580, 572, 576, 580, 585, 602, 588, 596, 598, 601, 617, 610, 599, 586, 578, 579, 577], "4": [577, 571, 560, 568, 564, 578, 584, 595, 590, 593, 592, 594, 590, 593, 592, 585, 576, 578, 572, 572, 574]}, "jaccard": {"0": [0.9259259259259259, 0.9201388888888888, 0.9206896551724137, 0.8984771573604061, 0.9331046312178388, 0.9362068965517242, 0.926829268292683, 0.9055944055944056, 0.9328621908127208, 0.9294532627865961, 0.9200710479573713, 0.9256637168141593, 0.9329805996472663, 0.9162303664921466, 0.8959044368600683, 0.9176672384219554, 0.9432013769363167, 0.919931856899489, 0.9409722222222222, 0.9359861591695502], "1": [0.9394463667820069, 0.9249146757679181, 0.9414802065404475, 0.9518900343642611, 0.9436860068259386, 0.9435897435897436, 0.9396984924623115, 0.9405940594059405, 0.9328968903436988, 0.9441707717569786, 0.9517470881863561, 0.9532554257095158, 0.9226973684210527, 0.9316666666666666, 0.9155629139072847, 0.9412751677852349, 0.9338842975206612, 0.9398373983739837, 0.9562398703403565, 0.9250398724082934], "2": [0.9406099518459069, 0.9565217391304348, 0.9611650485436893, 0.9296, 0.9558823529411765, 0.9555189456342669, 0.9505766062602965, 0.9490968801313628, 0.9524590163934427, 0.9254457050243112, 0.9537953795379538, 0.9474548440065681, 0.9489291598023064, 0.9365853658536586, 0.9389067524115756, 0.9312, 0.9223300970873787, 0.9371900826446281, 0.9259868421052632, 0.9366666666666666], "3": [0.9334442595673876, 0.9351081530782029, 0.9365609348914858, 0.9126853377265239, 0.9264214046822743, 0.9261744966442953, 0.920265780730897, 0.9320066334991708, 0.9022435897435898, 0.9224555735056543, 0.934640522875817, 0.9320388349514563, 0.9495934959349593, 0.9241706161137441, 0.9292452830188679, 0.9313099041533547, 0.9237012987012987, 0.9335548172757475, 0.9251247920133111, 0.9331103678929766], "4": [0.9424703891708968, 0.9300341296928327, 0.9151103565365025, 0.9416809605488851, 0.9258010118043845, 0.9398998330550918, 0.9170731707317074, 0.9237012987012987, 0.9330065359477124, 0.926829268292683, 0.9506578947368421, 0.934640522875817, 0.9142394822006472, 0.939443535188216, 0.9295081967213115, 0.9285714285714286, 0.9394957983193277, 0.936026936026936, 0.948892674616695, 0.9292929292929293]}, "ratio": {"0": [0.2, 0.2, 0.2, 0.2, 0.2, 0.2, 0.2, 0.2, 0.2, 0.2, 0.2, 0.2, 0.2, 0.2, 0.2, 0.2, 0.2, 0.2, 0.2, 0.2, 0.2], "1": [0.2, 0.2, 0.2, 0.2, 0.2, 0.2, 0.2, 0.2, 0.2, 0.2, 0.2, 0.2, 0.2, 0.2, 0.2, 0.2, 0.2, 0.2, 0.2, 0.2, 0.2], "2": [0.2, 0.2, 0.2, 0.2, 0.2, 0.2, 0.2, 0.2, 0.2, 0.2, 0.2, 0.2, 0.2, 0.2, 0.2, 0.2, 0.2, 0.2, 0.2, 0.2, 0.2], "3": [0.2, 0.2, 0.2, 0.2, 0.2, 0.2, 0.2, 0.2, 0.2, 0.2, 0.2, 0.2, 0.2, 0.2, 0.2, 0.2, 0.2, 0.2, 0.2, 0.2, 0.2], "4": [0.2, 0.2, 0.2, 0.2, 0.2, 0.2, 0.2, 0.2, 0.2, 0.2, 0.2, 0.2, 0.2, 0.2, 0.2, 0.2, 0.2, 0.2, 0.2, 0.2, 0.2]}, "record_time": 4, "converged": false}, "3": {"len_stable_docs": {"0": [599, 603, 610, 612, 614, 596, 582, 564, 560, 572, 578, 582, 573, 565, 572, 571, 571, 572, 579, 580, 592], "1": [592, 603, 595, 601, 599, 594, 593, 590, 591, 581, 578, 574, 583, 584, 574, 587, 587, 583, 583, 580, 570], "2": [570, 554, 549, 557, 571, 570, 580, 566, 556, 554, 534, 541, 556, 561, 569, 565, 568, 562, 567, 571, 565], "3": [565, 569, 568, 583, 586, 585, 586, 592, 593, 587, 578, 580, 576, 574, 576, 577, 571, 570, 576, 576, 588], "4": [588, 583, 575, 567, 561, 553, 551, 569, 571, 581, 587, 585, 588, 591, 589, 579, 580, 579, 577, 578, 587]}, "jaccard": {"0": [0.9387096774193548, 0.9315286624203821, 0.94896331738437, 0.9368088467614534, 0.9329073482428115, 0.9406919275123559, 0.9163879598662207, 0.9480069324090121, 0.9450171821305842, 0.9327731092436975, 0.9205298013245033, 0.9217970049916805, 0.9452991452991453, 0.9435897435897436, 0.9405772495755518, 0.9258010118043845, 0.9210084033613445, 0.9409780775716695, 0.9413735343383585, 0.9371900826446281], "1": [0.912, 0.932258064516129, 0.9384116693679092, 0.9448946515397083, 0.9493464052287581, 0.926948051948052, 0.9393442622950819, 0.9297385620915033, 0.9244663382594417, 0.9284525790349417, 0.9328859060402684, 0.9347826086956522, 0.9225700164744646, 0.9172185430463576, 0.9317803660565723, 0.9404958677685951, 0.9565217391304348, 0.9530988274706867, 0.9448160535117057, 0.9425675675675675], "2": [0.9312714776632303, 0.9487632508833922, 0.9403508771929825, 0.9282051282051282, 0.9208754208754208, 0.9166666666666666, 0.9456706281833617, 0.9179487179487179, 0.917098445595855, 0.9121265377855887, 0.9334532374100719, 0.9450354609929078, 0.9325259515570934, 0.9217687074829932, 0.9252971137521222, 0.9367521367521368, 0.9382504288164666, 0.9266211604095563, 0.9452991452991453, 0.9319727891156463], "3": [0.9518072289156626, 0.9502572898799314, 0.9247491638795987, 0.9354304635761589, 0.9419568822553898, 0.9484193011647255, 0.9375, 0.9362745098039216, 0.943986820428336, 0.9384359400998337, 0.9429530201342282, 0.9428571428571428, 0.9458544839255499, 0.9230769230769231, 0.9345637583892618, 0.9326599326599326, 0.9404761904761905, 0.9489795918367347, 0.9296482412060302, 0.9335548172757475], "4": [0.9259868421052632, 0.9364548494983278, 0.9065108514190318, 0.9249146757679181, 0.924006908462867, 0.9267015706806283, 0.9112627986348123, 0.9191919191919192, 0.9328859060402684, 0.9273927392739274, 0.921311475409836, 0.945273631840796, 0.942339373970346, 0.943986820428336, 0.9305785123966942, 0.9413735343383585, 0.954468802698145, 0.9494097807757167, 0.9282136894824707, 0.9481605351170569]}, "ratio": {"0": [0.2, 0.2, 0.2, 0.2, 0.2, 0.2, 0.2, 0.2, 0.2, 0.2, 0.2, 0.2, 0.2, 0.2, 0.2, 0.2, 0.2, 0.2, 0.2, 0.2, 0.2], "1": [0.2, 0.2, 0.2, 0.2, 0.2, 0.2, 0.2, 0.2, 0.2, 0.2, 0.2, 0.2, 0.2, 0.2, 0.2, 0.2, 0.2, 0.2, 0.2, 0.2, 0.2], "2": [0.2, 0.2, 0.2, 0.2, 0.2, 0.2, 0.2, 0.2, 0.2, 0.2, 0.2, 0.2, 0.2, 0.2, 0.2, 0.2, 0.2, 0.2, 0.2, 0.2, 0.2], "3": [0.2, 0.2, 0.2, 0.2, 0.2, 0.2, 0.2, 0.2, 0.2, 0.2, 0.2, 0.2, 0.2, 0.2, 0.2, 0.2, 0.2, 0.2, 0.2, 0.2, 0.2], "4": [0.2, 0.2, 0.2, 0.2, 0.2, 0.2, 0.2, 0.2, 0.2, 0.2, 0.2, 0.2, 0.2, 0.2, 0.2, 0.2, 0.2, 0.2, 0.2, 0.2, 0.2]}, "record_time": 4, "converged": false}, "1": {"len_stable_docs": {"0": [585, 584, 574, 580, 593, 579, 578, 576, 563, 569, 565, 569, 581, 583, 583, 585, 578, 560, 563, 557, 563], "1": [563, 566, 570, 570, 571, 567, 577, 585, 580, 574, 581, 564, 568, 578, 572, 574, 561, 554, 552, 545, 560], "2": [560, 572, 566, 570, 579, 573, 574, 582, 586, 588, 581, 571, 580, 571, 564, 565, 548, 550, 564, 566, 571], "3": [571, 570, 575, 572, 578, 573, 571, 564, 571, 570, 570, 572, 572, 565, 565, 572, 574, 576, 573, 579, 583], "4": [583, 582, 588, 592, 591, 575, 567, 570, 573, 585, 584, 581, 588, 588, 594, 585, 582, 573, 562, 570, 591]}, "jaccard": {"0": [0.9195402298850575, 0.9429530201342282, 0.9460370994940978, 0.9356435643564357, 0.9056910569105691, 0.9187396351575456, 0.932998324958124, 0.8951747088186356, 0.9089376053962901, 0.9058823529411765, 0.9090909090909091, 0.9327731092436975, 0.9239669421487603, 0.9272727272727272, 0.9242174629324547, 0.9415692821368948, 0.9158249158249159, 0.9395509499136442, 0.9343696027633851, 0.9210977701543739], "1": [0.9200680272108843, 0.918918918918919, 0.9191919191919192, 0.9338983050847458, 0.9222972972972973, 0.9291736930860034, 0.9398998330550918, 0.9256198347107438, 0.9201331114808652, 0.931438127090301, 0.9147157190635451, 0.9251700680272109, 0.9195979899497487, 0.9166666666666666, 0.9228187919463087, 0.9302721088435374, 0.9092465753424658, 0.9234782608695652, 0.9245614035087719, 0.9250871080139372],