{"chains": {"2": {"len_stable_docs": {"0": [551, 543, 543, 545, 540, 537, 534, 531, 532, 535, 549, 553, 556, 550, 544, 537, 529, 538, 541, 551, 542], "1": [542, 546, 547, 539, 534, 540, 538, 541, 548, 551, 541, 541, 546, 540, 541, 537, 540, 540, 537, 552, 550]}, "jaccard": {"0": [0.9500891265597148, 0.9427549194991055, 0.9393939393939394, 0.9409660107334525, 0.9370503597122302, 0.9297297297297298, 0.9434306569343066, 0.9327272727272727, 0.9329710144927537, 0.9391771019677997, 0.964349376114082, 0.9422066549912435, 0.9644760213143873, 0.9535714285714286, 0.9512635379061372, 0.9452554744525548, 0.9506398537477148, 0.9511754068716094, 0.9534883720930233, 0.9345132743362832], "1": [0.9428571428571428, 0.948306595365419, 0.9497307001795332, 0.9403254972875226, 0.9351351351351351, 0.9493670886075949, 0.9476534296028881, 0.9342806394316163, 0.9451327433628318, 0.9534883720930233, 0.9390681003584229, 0.9410714285714286, 0.925531914893617, 0.9303571428571429, 0.9353680430879713, 0.9725274725274725, 0.9565217391304348, 0.9405405405405406, 0.9240282685512368, 0.9435626102292769]}, "ratio": {"0": [0.2, 0.2, 0.2, 0.2, 0.2, 0.2, 0.2, 0.2, 0.2, 0.2, 0.2, 0.2, 0.2, 0.2, 0.2, 0.2, 0.2, 0.2, 0.2, 0.2, 0.2], "1": [0.2, 0.2, 0.2, 0.2, 0.2, 0.2, 0.2, 0.2, 0.2, 0.2, 0.2, 0.2, 0.2, 0.2, 0.2, 0.2, 0.2, 0.2, 0.2, 0.2, 0.2]}, "record_time": 1, "converged": false}, "1": {"len_stable_docs": {"0": [529, 531, 543, 538, 551, 552, 554, 549, 535, 526, 528, 526, 534, 538, 539, 542, 534, 535, 530, 532, 524], "1": [524, 525, 525, 537, 545, 551, 544, 550, 540, 539, 538, 533, 533, 536, 540, 541, 537, 539, 552, 552, 548]}, "jaccard": {"0": [0.9413919413919414, 0.9351351351351351, 0.9338103756708408, 0.9481216457960644, 0.9487632508833922, 0.9471830985915493, 0.924956369982548, 0.9391771019677997, 0.9290909090909091, 0.9591078066914498, 0.9339449541284404, 0.930783242258652, 0.9245960502692998, 0.9370503597122302, 0.9442446043165468, 0.9387387387387387, 0.9401088929219601, 0.9328493647912885, 0.9274047186932849, 0.9376146788990826], "1": [0.9318600368324125, 0.9337016574585635, 0.9486238532110092, 0.9425493716337523, 0.9228070175438596, 0.9483985765124555, 0.9570661896243292, 0.9292035398230089, 0.9302325581395349, 0.944043321299639, 0.9402173913043478, 0.9452554744525548, 0.9436363636363636, 0.9387387387387387, 0.9269162210338681, 0.96, 0.9317773788150808, 0.9412811387900356, 0.9133448873483535, 0.9400352733686067]}, "ratio": {"0": [0.2, 0.2, 0.2, 0.2, 0.2, 0.2, 0.2, 0.2, 0.2, 0.2, 0.2, 0.2, 0.2, 0.2, 0.2, 0.2, 0.2, 0.2, 0.2, 0.2, 0.2], "1": [0.2, 0.2, 0.2, 0.2, 0.2, 0.2, 0.2, 0.2, 0.2, 0.2, 0.2, 0.2, 0.2, 0.2, 0.2, 0.2, 0.2, 0.2, 0.2, 0.2, 0.2]}, "record_time": 1, "converged": false}, "3": {"len_stable_docs": {"0": [542, 543, 548, 557, 563, 574, 559, 553, 560, 558, 556, 553, 547, 544, 535, 545, 552, 562, 561, 553, 546], "1": [546, 541, 541, 543, 529, 530, 523, 523, 537, 542, 538, 549, 555, 564, 560, 547, 545, 539, 539, 546, 559]}, "jaccard": {"0": [0.9409660107334525, 0.9551971326164874, 0.9454225352112676, 0.9377162629757786, 0.9369676320272572, 0.9500860585197934, 0.9372822299651568, 0.9424083769633508, 0.9477351916376306, 0.924006908462867, 0.9354275741710296, 0.950354609929078, 0.9447415329768271, 0.9302325581395349, 0.9354838709677419, 0.9484902309058615, 0.944153577661431, 0.9395509499136442, 0.9306759098786829, 0.9451327433628318], "1": [0.9480286738351255, 0.9460431654676259, 0.9185840707964602, 0.900709219858156, 0.9360146252285192, 0.9463955637707948, 0.9087591240875912, 0.9202898550724637, 0.9336917562724014, 0.9285714285714286, 0.9238938053097345, 0.9436619718309859, 0.9359861591695502, 0.9246575342465754, 0.9285714285714286, 0.9396092362344582, 0.9531531531531532, 0.9284436493738819, 0.9375, 0.9488536155202821]}, "ratio": {"0": [0.2, 0.2, 0.2, 0.2, 0.2, 0.2, 0.2, 0.2, 0.2, 0.2, 0.2, 0.2, 0.2, 0.2, 0.2, 0.2, 0.2, 0.2, 0.2, 0.2, 0.2], "1": [0.2, 0.2, 0.2, 0.2, 0.2, 0.2, 0.2, 0.2, 0.2, 0.2, 0.2, 0.2, 0.2, 0.2, 0.2, 0.2, 0.2, 0.2, 0.2, 0.2, 0.2]}, "record_time": 1, "converged": false}}, "last_update": 1755369920.0161562, "rhat_history": [{"rhat_len_docs": 1.3729236506254245, "mean_jaccard": [0.9449614766074383, 0.9377036619965576, 0.9411015948509853], "mean_ratio": [0.20000000000000004, 0.20000000000000004, 0.20000000000000004], "rhat_threshold": null, "converged": false, "iteration": 55, "timestamp": 1755369197.5206206}, {"rhat_len_docs": 0.9976511111400622, "mean_jaccard": [0.9427427302335125, 0.9384844494783259, 0.9325709018185309], "mean_ratio": [0.20000000000000004, 0.20000000000000004, 0.20000000000000004], "rhat_threshold": null, "converged": true, "iteration": 75, "timestamp": 1755369920.2668903}], "convergence": true}