{"chains": {"3": {"len_stable_docs": {"0": [578, 574, 566, 579, 592, 595, 591, 584, 585, 589, 590, 596, 589, 578, 574, 576, 560, 566, 572, 588, 580], "1": [580, 583, 577, 577, 584, 591, 589, 603, 598, 596, 602, 588, 581, 577, 577, 569, 564, 563, 564, 575, 572], "2": [572, 562, 574, 574, 577, 590, 590, 582, 574, 574, 573, 573, 565, 571, 574, 572, 576, 580, 593, 591, 587], "3": [587, 570, 568, 573, 572, 561, 563, 556, 553, 574, 571, 558, 558, 566, 572, 576, 581, 581, 578, 583, 589], "4": [589, 589, 579, 575, 574, 574, 566, 557, 551, 554, 569, 587, 577, 574, 572, 573, 580, 591, 582, 575, 574], "5": [574, 560, 565, 581, 582, 575, 571, 581, 590, 589, 593, 601, 598, 594, 593, 583, 586, 580, 576, 583, 574], "6": [574, 578, 584, 591, 589, 585, 583, 583, 594, 606, 610, 605, 605, 603, 597, 594, 600, 580, 583, 577, 574]}, "jaccard": {"0": [0.92, 0.9387755102040817, 0.9276094276094277, 0.9387417218543046, 0.9207119741100324, 0.9222042139384117, 0.9357495881383855, 0.9450915141430949, 0.930921052631579, 0.9201954397394136, 0.9442622950819672, 0.9082125603864735, 0.9353233830845771, 0.9426644182124789, 0.9262981574539364, 0.922165820642978, 0.9247863247863248, 0.9222972972972973, 0.9173553719008265, 0.911620294599018], "1": [0.9159802306425041, 0.9333333333333333, 0.9105960264900662, 0.9158415841584159, 0.9199346405228758, 0.9186991869918699, 0.9194847020933977, 0.9339774557165862, 0.9289176090468497, 0.9260450160771704, 0.9318181818181818, 0.9258649093904449, 0.9332220367278798, 0.9169435215946844, 0.91, 0.9106239460370995, 0.9134125636672326, 0.9101694915254237, 0.9239864864864865, 0.9277310924369748], "2": [0.9090909090909091, 0.8996655518394648, 0.919732441471572, 0.9377104377104377, 0.9225700164744646, 0.9063004846526656, 0.9244663382594417, 0.9363484087102177, 0.9165275459098498, 0.9148580968280468, 0.9358108108108109, 0.9320882852292021, 0.8996655518394648, 0.9276094276094277, 0.9131886477462438, 0.9359190556492412, 0.9363484087102177, 0.9198036006546645, 0.9252032520325203, 0.9248366013071896], "3": [0.9187396351575456, 0.9222972972972973, 0.924114671163575, 0.9243697478991597, 0.9268707482993197, 0.9279588336192109, 0.9326424870466321, 0.9253472222222222, 0.9166666666666666, 0.9211409395973155, 0.9200680272108843, 0.9307958477508651, 0.9312714776632303, 0.9158249158249159, 0.9038142620232172, 0.9060955518945635, 0.9238410596026491, 0.925249169435216, 0.9382303839732888, 0.921311475409836], "4": [0.9216965742251223, 0.9369817578772802, 0.9169435215946844, 0.9343434343434344, 0.9165275459098498, 0.9063545150501672, 0.9328743545611016, 0.9370629370629371, 0.9250871080139372, 0.9066213921901528, 0.920265780730897, 0.9081967213114754, 0.9119601328903655, 0.9228187919463087, 0.9243697478991597, 0.915282392026578, 0.929159802306425, 0.9104234527687296, 0.9251247920133111, 0.9376053962900506], "5": [0.9318568994889267, 0.9329896907216495, 0.9068219633943427, 0.9351081530782029, 0.9187396351575456, 0.9292929292929293, 0.9393939393939394, 0.922824302134647, 0.9233278955954323, 0.9250814332247557, 0.9383116883116883, 0.9307568438003221, 0.9477124183006536, 0.9363784665579119, 0.9184339314845025, 0.9163934426229509, 0.9146141215106732, 0.9331103678929766, 0.9188741721854304, 0.9380234505862647], "6": [0.9232053422370617, 0.9431438127090301, 0.9357495881383855, 0.9249592169657422, 0.9151712887438825, 0.9305785123966942, 0.9209225700164745, 0.923202614379085, 0.92, 0.9424920127795527, 0.9255150554675119, 0.9236883942766295, 0.9421221864951769, 0.938610662358643, 0.9334415584415584, 0.9258064516129032, 0.9249592169657422, 0.9448160535117057, 0.930116472545757, 0.9312080536912751]}, "ratio": {"0": [0.2, 0.2, 0.2, 0.2, 0.2, 0.2, 0.2, 0.2, 0.2, 0.2, 0.2, 0.2, 0.2, 0.2, 0.2, 0.2, 0.2, 0.2, 0.2, 0.2, 0.2], "1": [0.2, 0.2, 0.2, 0.2, 0.2, 0.2, 0.2, 0.2, 0.2, 0.2, 0.2, 0.2, 0.2, 0.2, 0.2, 0.2, 0.2, 0.2, 0.2, 0.2, 0.2], "2": [0.2, 0.2, 0.2, 0.2, 0.2, 0.2, 0.2, 0.2, 0.2, 0.2, 0.2, 0.2, 0.2, 0.2, 0.2, 0.2, 0.2, 0.2, 0.2, 0.2, 0.2], "3": [0.2, 0.2, 0.2, 0.2, 0.2, 0.2, 0.2, 0.2, 0.2, 0.2, 0.2, 0.2, 0.2, 0.2, 0.2, 0.2, 0.2, 0.2, 0.2, 0.2, 0.2], "4": [0.2, 0.2, 0.2, 0.2, 0.2, 0.2, 0.2, 0.2, 0.2, 0.2, 0.2, 0.2, 0.2, 0.2, 0.2, 0.2, 0.2, 0.2, 0.2, 0.2, 0.2], "5": [0.2, 0.2, 0.2, 0.2, 0.2, 0.2, 0.2, 0.2, 0.2, 0.2, 0.2, 0.2, 0.2, 0.2, 0.2, 0.2, 0.2, 0.2, 0.2, 0.2, 0.2], "6": [0.2, 0.2, 0.2, 0.2, 0.2, 0.2, 0.2, 0.2, 0.2, 0.2, 0.2, 0.2, 0.2, 0.2, 0.2, 0.2, 0.2, 0.2, 0.2, 0.2, 0.2]}, "record_time": 6, "converged": false}, "1": {"len_stable_docs": {"0": [606, 626, 622, 618, 619, 603, 598, 597, 591, 614, 618, 616, 616, 620, 614, 614, 614, 592, 598, 606, 607], "1": [607, 621, 620, 611, 606, 599, 607, 613, 605, 587, 589, 586, 598, 605, 600, 604, 599, 596, 602, 619, 619], "2": [619, 599, 601, 596, 596, 590, 590, 591, 582, 592, 594, 601, 606, 607, 612, 621, 619, 616, 616, 604, 613], "3": [613, 612, 614, 607, 603, 602, 588, 593, 593, 578, 580, 578, 581, 596, 586, 586, 591, 590, 596, 590, 587], "4": [587, 586, 591, 603, 610, 611, 612, 616, 618, 611, 605, 608, 593, 594, 600, 602, 610, 605, 591, 601, 601], "5": [601, 601, 591, 586, 592, 596, 602, 614, 595, 585, 583, 580, 598, 605, 596, 610, 604, 605, 605, 594, 600], "6": [600, 601, 600, 611, 613, 607, 600, 605, 595, 579, 575, 582, 579, 586, 589, 595, 573, 577, 575, 574, 580]}, "jaccard": {"0": [0.9190031152647975, 0.9053435114503817, 0.9254658385093167, 0.9089506172839507, 0.9123630672926447, 0.9246794871794872, 0.939935064935065, 0.9223300970873787, 0.9218500797448166, 0.925, 0.9161490683229814, 0.921996879875195, 0.9433962264150944, 0.940251572327044, 0.9157566302652106, 0.8950617283950617, 0.9203821656050956, 0.9193548387096774, 0.9171974522292994, 0.9253968253968254], "1": [0.9338582677165355, 0.945141065830721, 0.9234375, 0.9286846275752774, 0.9310897435897436, 0.9546191247974068, 0.9242902208201893, 0.9181102362204724, 0.8920634920634921, 0.9090909090909091, 0.9262295081967213, 0.9127625201938611, 0.9186602870813397, 0.9126984126984127, 0.9141494435612083, 0.9156050955414012, 0.939935064935065, 0.9076433121019108, 0.9198113207547169, 0.922360248447205], "2": [0.93026941362916, 0.9354838709677419, 0.9213483146067416, 0.9163987138263665, 0.919093851132686, 0.9218241042345277, 0.9172077922077922, 0.9135399673735726, 0.9214402618657938, 0.9253246753246753, 0.9181380417335474, 0.9250398724082934, 0.9315286624203821, 0.9287974683544303, 0.9356357927786499, 0.9284603421461898, 0.9448818897637795, 0.9371069182389937, 0.9182389937106918, 0.9348171701112877], "3": [0.9200626959247649, 0.939873417721519, 0.9167974882260597, 0.9453376205787781, 0.9341894060995185, 0.9318181818181818, 0.9203252032520325, 0.9315960912052117, 0.929159802306425, 0.9396984924623115, 0.9235880398671097, 0.9220563847429519, 0.8983870967741936, 0.9157212317666127, 0.921311475409836, 0.9169381107491856, 0.9203252032520325, 0.9129032258064517, 0.9222042139384117, 0.9326765188834154], "4": [0.9198036006546645, 0.9326765188834154, 0.9073482428115016, 0.9284578696343402, 0.9319620253164557, 0.9412698412698413, 0.9399684044233807, 0.928125, 0.9477020602218701, 0.9089481946624803, 0.9193037974683544, 0.9496753246753247, 0.9207119741100324, 0.9104, 0.9387096774193548, 0.9177215189873418, 0.9133858267716536, 0.9290322580645162, 0.935064935064935, 0.9109697933227345], "5": [0.8929133858267716, 0.9194847020933977, 0.9454545454545454, 0.9248366013071896, 0.9192245557350566, 0.9416531604538088, 0.9301587301587302, 0.9251592356687898, 0.9218241042345277, 0.9337748344370861, 0.9191419141914191, 0.9216965742251223, 0.8974763406940063, 0.92776886035313, 0.9357945425361156, 0.9178515007898894, 0.9344, 0.905511811023622, 0.927652733118971, 0.9289176090468497],